Date,Close,High,Low,Open,Volume,One-day return,Five-day return,Twenty-day return,Five-day volatility,Twenty-day volatility,Sixty-day volatility,Downside volatility,Sixty-day moving average,Moving average,Distance from moving average,Drawdown,Recent drawdown,Recent high-low range,Volume change
2018-01-01,13657.2001953125,14112.2001953125,13154.7001953125,14112.2001953125,10291200000,,,,,,,,,,,0.0,,,
2018-01-02,14982.099609375,15444.599609375,13163.599609375,13625.0,16846600192,9.70110560814097,,,,,,,,,,0.0,,,63.69908457711442
2018-01-03,15201.0,15572.7998046875,14844.5,14978.2001953125,16871900160,1.4610795304552893,,,,,,,,,,0.0,,,0.15017847940628215
2018-01-04,15599.2001953125,15739.7001953125,14522.2001953125,15270.7001953125,21783199744,2.6195657872015055,,,,,,,,,,0.0,,,29.10934475325866
2018-01-05,17429.5,17705.19921875,15202.7998046875,15477.2001953125,23840899072,11.733292616101544,,,,,,,,,,0.0,,,9.446267546469045
2018-01-06,17527.0,17712.400390625,16764.599609375,17462.099609375,18314600448,0.5593964256002781,28.335235255727696,,5.126307744868272,,,,,,,0.0,,,-23.17990864065347
2018-01-07,16477.599609375,17579.599609375,16087.7001953125,17527.30078125,15866000384,-5.987336056512804,9.981912008275495,,6.349298370452135,,,,,,,-5.987336056512804,,,-13.36966138547343
2018-01-08,15170.099609375,16537.900390625,14208.2001953125,16476.19921875,18413899776,-7.935014996092593,-0.2032786699888156,,7.8016325059900264,,,,,,,-13.44725503865465,,,16.05886379890309
2018-01-09,14595.400390625,15497.5,14424.0,15123.7001953125,16659999744,-3.788368129071751,-6.434944049177204,,7.8306522553951465,,,,,,,-16.726191643607002,,,-9.524870089094161
2018-01-10,14973.2998046875,14973.2998046875,13691.2001953125,14588.5,18500800512,2.5891678470515656,-14.09220112632319,,4.409360285389745,,,,,,,-14.570092972627947,,,11.049224467503095
2018-01-11,13405.7998046875,15018.7998046875,13105.900390625,14968.2001953125,16534099968,-10.468634305373904,-23.51343752674445,,4.962080291196655,,,,,,,-23.51343752674445,,,-10.63035376617546
2018-01-12,13980.599609375,14229.900390625,13158.099609375,13453.900390625,12065699840,4.287694975770973,-15.153906267872419,,6.424286468220468,,,,,,,-20.233927030438746,,,-27.025360537604804
2018-01-13,14360.2001953125,14659.5,13952.400390625,13952.400390625,12763599872,2.715195317395036,-5.338787713443816,,6.165470383604745,,,,,,,-18.06812235229931,,,5.784165371712091
2018-01-14,13772.0,14511.7998046875,13268.0,14370.7998046875,11084099584,-4.096044534981502,-5.641506012770236,,6.202517587314376,,,,,,,-21.42408854909568,,,-13.158515660494686
2018-01-15,13819.7998046875,14445.5,13641.7001953125,13767.2998046875,12750799872,0.3470796157965417,-7.703712708930654,,5.954757722523569,,,,,,,-21.15136757752325,,,15.03685775618524
2018-01-16,11490.5,13843.099609375,10194.900390625,13836.099609375,18853799936,-16.85480135462911,-14.287098364827077,,8.510908032121518,,,,,,,-34.44114794317339,,,47.86366443882337
2018-01-17,11188.599609375,11678.0,9402.2900390625,11431.099609375,18830600192,-2.627391241677912,-19.970531150379,,7.60060693566576,,,,,,,-36.163635480259025,,,-0.12305075941588806
2018-01-18,11474.900390625,12107.2998046875,10942.5,11198.7998046875,15020399616,2.558861620270214,-20.092336913445873,,7.565787596292897,,,,,,,-34.53015124878759,,,-20.23408992358474
2018-01-19,11607.400390625,11992.7998046875,11172.099609375,11429.7998046875,10740400128,1.154694119247024,-15.717394781985183,,7.928180488829451,,,,,,,-33.774174755377416,,,-28.494578023349437
2018-01-20,12899.2001953125,13103.0,11656.2001953125,11656.2001953125,11801700352,11.129105236439107,-6.661454018044055,,10.227665146235214,,,,,14180.569970703125,-9.036095009142219,-26.403832970203112,-26.403832970203112,88.38389708291852,9.881384411677674
2018-01-21,11600.099609375,12895.900390625,11288.2001953125,12889.2001953125,9935179776,-10.071171594108497,0.9538280264131282,-15.062388751125944,7.73224296876947,7.367570557472721,,5.621166626663158,,14077.71494140625,-17.59955605255178,-33.81582923846066,-33.81582923846066,88.38389708291852,-15.815691979365376
2018-01-22,10931.400390625,11966.400390625,10240.2001953125,11633.099609375,10537400320,-5.764598936801968,-2.2987614869558026,-27.03692622771836,8.15781710273925,7.039478119933114,,5.767065483399732,,13875.17998046875,-21.216154269620503,-37.631081242511556,-37.631081242511556,88.38389708291852,6.061496194107718
2018-01-23,10868.400390625,11377.599609375,10129.7001953125,10944.5,9660609536,-0.5763214020962026,-5.285448930742009,-28.502069662357744,8.01206881040469,7.011772460075168,,5.768505144987417,,13658.55,-20.42786100556061,-37.99052666956695,-37.99052666956695,88.38389708291852,-8.320750444830782
2018-01-24,11359.400390625,11501.400390625,10639.7998046875,10903.400390625,9940989952,4.517684133384825,-2.1365679795133374,-27.179597361418207,8.353750059536152,7.081875760064709,,5.768505144987417,,13446.560009765624,-15.521885282368242,-35.18913453172249,-35.18913453172249,88.38389708291852,2.902305645986103
2018-01-25,11259.400390625,11785.7001953125,11057.400390625,11421.7001953125,8873169920,-0.8803281560753051,-12.712414567248864,-35.400324790584925,5.557358103958439,6.38473552971376,,5.77186282675405,,13138.055029296875,-14.299336046946188,-35.75968282863582,-35.75968282863582,88.38389708291852,-10.741586473338781
2018-01-26,11171.400390625,11656.7001953125,10470.2998046875,11256.0,9746199552,-0.7815691506385392,-3.6956511856461316,-36.26176532991955,3.63760958837423,6.363897881319878,,5.774508031661808,,12820.275048828125,-12.86146086509935,-36.26176532991955,-32.20250124132774,86.97146691220192,9.838982459157064
2018-01-27,11440.7001953125,11614.900390625,10989.2001953125,11174.900390625,7583269888,2.4106181433931617,4.659053611505137,-30.568162435484446,2.425857958821562,6.3658629178695465,,5.6171641737664935,,12568.430078125,-8.972718754868858,-34.72527988068409,-24.583882176737724,75.89225945931348,-22.192544411386994
2018-01-28,11786.2998046875,12040.2998046875,11475.2998046875,11475.2998046875,8350360064,3.020790716258781,8.445579672002811,-22.305719090969834,2.397708898336883,6.263195649914256,,5.329569420284823,,12399.240087890625,-4.943369745713177,-32.753467195255894,-21.28455344894842,64.82686596153178,10.115559479346325
2018-01-29,11296.400390625,11875.599609375,11179.2001953125,11755.5,7107359744,-4.156515803778071,-0.5546067383274456,-22.603011302924124,2.896927404739528,6.272174195302412,,5.34327191268792,,12234.290087890626,-7.666073720075827,-35.54857995877788,-24.55637342485736,59.73555104438175,-14.885589489234274
2018-01-30,10106.2998046875,11307.2001953125,10036.2001953125,11306.7998046875,8637859840,-10.535219581320588,-10.241225517636042,-32.50452514466017,5.559825721678314,6.548842229703663,,5.839528860640356,,11990.940087890625,-15.717202065802837,-42.338678583399904,-29.622848795754052,59.73555104438175,21.534017569492537
2018-01-31,10221.099609375,10381.599609375,9777.419921875,10108.2001953125,8041160192,1.1359232053877344,-8.50655019085601,-23.756137207113383,5.7291549836239035,6.2410276609052655,,5.349811408196469,,11831.705078125,-13.612623523956502,-41.68369025289553,-28.82341840393421,55.91414367240362,-6.907957052472846
2018-02-01,9170.5400390625,10288.7998046875,8812.2802734375,10237.2998046875,9959400448,-10.27834196380305,-19.84284281114309,-34.40524515906319,6.278695474132052,6.419998088106567,,5.822602320226998,,11591.202099609374,-20.88361534675037,-47.67763998937353,-36.139190858523165,66.35308393660083,23.855267277331716
2018-02-02,8830.75,9142.2802734375,7796.490234375,9142.2802734375,12726899712,-3.7052347802326024,-25.076146489265916,-38.505383769771115,4.9307019435644515,6.338042734215212,,5.881252929295346,,11314.72958984375,-21.953503794499895,-49.61630627032578,-36.100738615586,86.13246946304716,27.787809903313576
2018-02-03,9174.91015625,9430.75,8251.6298828125,8852.1201171875,7263790080,3.897292486481896,-18.780232295374788,-33.37997272545745,6.536542848805205,6.463152389808258,,5.809497136303408,,11084.87509765625,-17.23036953127317,-47.65270636018714,-33.61039750273381,85.28208932154217,-42.92569090372352
2018-02-04,8277.009765625,9334.8701171875,8031.22021484375,9175.7001953125,7073549824,-9.786476110758924,-18.100492508781898,-40.107600091156584,6.352432405144285,6.679322377644049,,6.207979760762776,,10807.735595703125,-23.415874747012467,-52.775661746876246,-35.83315523211416,77.55553067122803,-2.6190219417794647
2018-02-05,6955.27001953125,8364.83984375,6756.68017578125,8270.5400390625,9285289984,-15.968807377551098,-31.951841921668244,-39.46938758512467,7.556723745417478,6.5799756205414495,,6.08974028410953,,10580.974096679687,-34.266259836003044,-60.316825357840756,-46.079835073350075,93.92659796103118,31.26775402776889
2018-02-06,7754.0,7850.7001953125,6048.259765625,7051.75,13999800320,11.483809805022926,-15.446637090385707,-30.697314492308102,10.861945889395997,7.260482566935101,,6.061334629523775,,10409.244116210937,-25.508519990186095,-55.7596850573401,-39.88774588661891,116.64082740741866,50.77396983964781
2018-02-07,7621.2998046875,8509.1103515625,7236.7900390625,7755.490234375,9169280000,-1.7113772931712679,-13.695894406618914,-33.58286743025582,10.857731893995728,7.195486425925191,,6.073402514492452,,10216.564086914062,-25.402515563434093,-56.51680376169623,-40.91649335392873,116.64082740741866,-34.50420870002808
2018-02-08,8265.58984375,8558.76953125,7637.85986328125,7637.85986328125,9346750464,8.453807822469184,-9.910945142940353,-28.790344387310828,11.680263183482033,7.529179158984891,,6.073402514492452,,10049.473559570313,-17.751016560678302,-52.840817916642905,-35.92168724729405,116.64082740741866,1.9354896349549788
2018-02-09,8736.98046875,8736.98046875,7884.7099609375,8271.83984375,6784820224,5.703048831493129,5.557208655658363,-32.26726978061034,10.967306956954344,7.141407719620092,,6.073402514492452,,9841.362573242188,-11.221841450033631,-50.15130673389627,-25.87172722964982,113.21670844758098,-27.4098495500393
2018-02-10,8621.900390625,9122.5498046875,8295.4697265625,8720.080078125,7780960256,-1.3171607575021227,23.962123201739804,-25.673910733861895,5.879446716772464,6.862853853458729,,5.648144727448077,,9692.452612304687,-11.045214916197866,-50.807894159724995,-26.84811574879501,99.0704809525209,14.68189280058365
2018-02-11,8129.97021484375,8616.1298828125,7931.10009765625,8616.1298828125,6122189824,-5.705588715872301,4.848726010365612,-25.62736772668043,5.816526026818654,6.860819500667618,,5.645148000435866,,9552.381103515625,-14.890642168248247,-53.61459339964769,-31.021861402079733,99.0704809525209,-21.31832546915916
2018-02-12,8926.5703125,8985.919921875,8141.43017578125,8141.43017578125,6256439808,9.798315081177211,17.126612799167006,-17.866751392412894,6.651050319861336,7.292200346716416,,5.6436768714109915,,9455.289599609376,-5.591783112927806,-49.069605109259996,-24.263166045124397,99.0704809525209,2.1928425589438305
2018-02-13,8598.3095703125,8958.4697265625,8455.41015625,8926.7197265625,5696719872,-3.6773444973354663,4.025359748694579,-24.306659906021533,6.552343538787892,7.212189211422839,,5.70326500844065,,9317.23505859375,-7.71608190369898,-50.94249118324585,-27.048270341020107,99.0704809525209,-8.946300982298204
2018-02-14,9494.6298828125,9518.5400390625,8599.919921875,8599.919921875,7909819904,10.424378247495735,8.67175355115446,-15.673752123442686,7.654250096813987,7.661763220648429,,5.6998669171643455,,9228.996533203124,2.8782473658290675,-45.82855090538883,-19.44350610327752,99.0704809525209,38.84867224870276
2018-02-15,10166.400390625,10234.7998046875,9395.580078125,9488.3203125,9062540288,7.075267978887334,17.913684107037554,-8.996186376449211,7.691245283964754,7.849192311952895,,5.697187056479986,,9178.746533203124,10.76022585272558,-41.99577571389855,-13.743918285688384,99.0704809525209,14.573282299601642
2018-02-16,10233.900390625,10324.099609375,9824.8203125,10135.7001953125,7296159744,0.6639518158486624,25.87869475757587,-10.548303723420283,6.139008412294961,7.8286355028980505,,5.697187056479986,,9118.40654296875,12.23342962829852,-41.61065561348206,-13.171219464866313,99.0704809525209,-19.491009009239068
2018-02-17,11112.7001953125,11139.5,10149.400390625,10207.5,8660880384,8.58714440383399,24.490143540921117,-5.71510669622628,5.915096867718786,8.04727552054411,,5.697187056479986,,9084.7265625,22.322891270977642,-36.59667829455982,-1.6261834651767004,96.3473803964144,18.70464309834059
2018-02-18,10551.7998046875,11349.7998046875,10326.0,11123.400390625,8744009728,-5.047381651325356,22.71946850017872,-6.591485430663835,6.406556161909417,8.074025635310182,,5.733054356263948,,9047.496533203124,16.626734986454885,-39.79688592065099,-5.047381651325356,87.65397394459731,0.9598255640797415
2018-02-19,11225.2998046875,11273.7998046875,10513.2001953125,10552.599609375,7652089856,6.382797366007709,18.227881899935007,11.072301649719375,5.658351522483219,7.796453316659767,,5.226697778764811,,9103.446533203125,23.308241156196296,-35.95424314093969,0.0,87.65397394459731,-12.487633316594593
2018-02-20,11403.7001953125,11958.5,11231.7998046875,11231.7998046875,9926540288,1.589270609507487,12.170480771429016,11.570189423188815,5.3214633733313255,7.798077806007837,,5.226697778764811,,9162.5765625,24.459535126667586,-34.936382750542016,0.0,97.7180290430906,29.72325828370408
2018-02-21,10690.400390625,11418.5,10479.099609375,11372.2001953125,9405339648,-6.2549855965233325,4.4606648743443555,16.57329170461672,6.634737268678972,7.543828299411582,,4.898203368066396,,9238.569580078125,15.714887439691694,-39.00610263807269,-6.2549855965233325,97.7180290430906,-5.250576987332323
2018-02-22,10005.0,11039.099609375,9939.08984375,10660.400390625,8040079872,-6.411363144322124,-9.967876176302715,13.297285055063268,5.70070981705273,7.656919451527733,,5.035994128722085,,9297.282080078125,7.612094737217312,-42.91664289382096,-12.265318899627308,97.7180290430906,-14.51579450711613
2018-02-23,10301.099609375,10487.2998046875,9734.5595703125,9937.0703125,7739500032,2.959516335582202,-2.3758998460255976,12.274664644621435,5.737010564790686,7.6405101681236385,,5.035994128722085,,9353.591552734375,10.129884882172725,-41.22725161536487,-9.668796680490821,97.7180290430906,-3.7385180842143706
2018-02-24,9813.0703125,10597.2001953125,9546.9697265625,10287.7001953125,6917929984,-4.7376427311783935,-12.580773046237715,18.558157962485033,4.497469904133169,7.347973299772762,,4.657761701033548,,9430.394580078126,4.0578973570234655,-44.0116944571233,-13.94836636854352,97.7180290430906,-10.615285801448525
2018-02-25,9664.73046875,9923.2197265625,9407.0595703125,9796.419921875,5706939904,-1.511655771599263,-15.249170854888883,38.955503404041146,3.962319340703547,6.200462031928459,,3.0097938084092877,,9565.867602539063,1.0334960749895261,-44.858044909282825,-15.249170854888883,97.7180290430906,-17.505093037958098
2018-02-26,10366.7001953125,10475.0,9501.73046875,9669.4296875,7287690240,7.263210586495439,-3.0279520269078986,33.69486968419526,5.616052862289772,5.920365748157972,,3.0097938084092877,,9696.502612304688,6.9117455004585215,-40.85296858953329,-9.093539660278505,65.24591615137116,27.698738073131814
2018-02-27,10725.599609375,10878.5,10246.099609375,10393.900390625,6966179840,3.462041028492213,7.202394896301856,40.73189461433064,4.668292345323057,5.879739591969202,,2.985367340405494,,9851.717602539062,8.870351771052732,-38.80527409496777,-5.946320705767361,56.568727550109685,-4.411691350921087
2018-02-28,10397.900390625,11089.7998046875,10393.099609375,10687.2001953125,6936189952,-3.0552997565149287,0.9397130881241278,25.797439592134364,4.95987709871904,5.765091565068588,,3.062541589475608,,9958.333129882812,4.414064633197912,-40.6749564065442,-8.81994254023738,51.66696123566887,-0.4305069448221399
2018-03-01,10951.0,11052.2998046875,10352.7001953125,10385.0,7317279744,5.319339372337972,11.59606169386651,25.340786089301638,4.424592187193862,5.7503205085437905,,3.062541589475608,11363.655550130208,10069.034106445313,8.759190645606507,-37.51925600502083,-3.969765844059836,50.77983952735514,5.49422369683108
2018-03-02,11086.400390625,11189.0,10850.099609375,10977.400390625,7620590080,1.2364203326180156,14.709876560674262,28.58418548513699,3.981982716208892,5.717633568154371,6.668305354506987,3.048346332720842,11320.80888671875,10192.259106445312,8.772748758067351,-36.746731382295884,-2.7824285034950824,50.77983952735514,4.1451242348456985
2018-03-03,11489.7001953125,11528.2001953125,11002.400390625,11101.900390625,6690570240,3.6377885560451295,10.832762391525375,41.32524341029607,3.2367023814384934,5.48179755032397,6.561979418363256,2.768524559124975,11262.602229817709,10360.24560546875,10.901812880261797,-34.44571121519655,0.0,46.884512202457906,-12.204039716567461
2018-03-04,11512.599609375,11512.599609375,11136.099609375,11497.400390625,6084149760,0.19930384320943073,7.337585110972267,28.970021030963554,3.2273927522286736,5.1634829424578355,6.558504489965439,2.768524559124975,11201.128889973957,10489.5470703125,9.753066859845095,-34.31505899825983,0.0,41.430158667827776,-9.06380858801058
2018-03-05,11573.2998046875,11704.099609375,11443.900390625,11532.400390625,6468539904,0.5272501204946822,11.304199597086617,34.599710676233265,2.2093890766106834,5.029512135213735,6.548563360376399,2.6435932188735025,11134.030550130208,10638.29658203125,8.789031358982125,-33.96873506768129,0.0,39.053620366650385,6.317894186746642
2018-03-06,10779.900390625,11500.099609375,10694.2998046875,11500.099609375,6832169984,-6.855429544313296,-1.5624108243539436,13.536815270062718,3.9294411836911296,4.919635511319598,6.4087504436686675,3.0558846213046307,11023.203889973958,10702.560107421876,0.7226334860711559,-38.49546191233525,-6.855429544313296,27.27793175689117,5.6215171491040605
2018-03-07,9965.5703125,10929.5,9692.1201171875,10803.900390625,8797910016,-7.554152159264859,-10.109954887366401,-1.975429556268471,4.935382034865079,5.016528525545367,6.469378345312125,3.4916602871689055,10897.180061848958,10692.518603515626,-6.798662859250115,-43.14160830433046,-13.89171212462954,27.12261372022695,28.77182559279836
2018-03-08,9395.009765625,10147.400390625,9335.8701171875,9951.4404296875,7186089984,-5.72531755818666,-18.23102773858346,-8.19717402925365,3.931358909276118,5.1743219819654716,6.465854228371543,3.7189588083355356,10779.136897786459,10650.574072265625,-11.788700760366966,-46.39693178738518,-18.82168504941204,28.091970538281075,-18.320487809817575
2018-03-09,9337.5498046875,9466.349609375,8513.0302734375,9414.6904296875,8704190464,-0.6116008644050375,-18.892777291727427,-15.974068942971975,3.7326205396796523,4.732827407501174,6.3961282926304905,3.7214724772546033,10681.927734375,10561.816552734375,-11.591441130739222,-46.72476861592115,-19.318172325359274,40.472894091697434,21.125542309936087
2018-03-10,8866.0,9531.3203125,8828.4697265625,9350.58984375,5386319872,-5.050037906633486,-23.392635206693345,-15.97641952928831,2.721491034554974,4.73295410585629,6.408850081666421,3.7216526524083995,10586.437727864582,10477.5265625,-15.38079195396933,-49.415187995663835,-23.392635206693345,40.472894091697434,-38.118083533701494
2018-03-11,9578.6298828125,9711.8896484375,8607.1201171875,8852.7802734375,6296370176,8.03778347408639,-11.14361417344092,-14.66927343167599,6.2560146732071935,4.876685474954376,6.49315207678742,3.7216526524083995,10496.5265625,10395.19306640625,-7.855199786838063,-45.34929033598163,-17.23510109940386,40.472894091697434,16.895585958991475
2018-03-12,9205.1201171875,9937.5,8956.4296875,9602.9296875,6457399808,-3.8994070153520632,-7.630774471167523,-19.279532436574655,5.655951640479098,4.896847778512761,6.377073962758521,3.8224294916646033,10426.515234375,10285.2640625,-10.501859152558835,-47.480343942560054,-20.462441373382745,37.4845294030532,2.5574994401345696
2018-03-13,9194.849609375,9470.3798828125,8958.1904296875,9173.0400390625,5991139840,-0.1115738597840088,-2.1304943926972575,-13.989661066030145,5.127528341894438,4.736705198563948,6.347244381729161,3.557435510929321,10346.752734375,10210.4865234375,-9.946998232955618,-47.53894214996862,-20.551184497520435,37.4845294030532,-7.220552882947651
2018-03-14,8269.8095703125,9355.849609375,8068.58984375,9214.650390625,6438230016,-10.060415105858134,-11.434908050921333,-17.343232680534737,6.744797265977592,5.031644398818504,6.451205608814533,3.9573559545625008,10245.246223958333,10123.727001953124,-18.312598031169316,-52.81674233860615,-28.544065133757247,45.057560689382385,7.462522790988624
2018-03-15,8300.8603515625,8428.349609375,7783.0498046875,8290.759765625,6834429952,0.37547153880626016,-6.374234699272496,-19.41772561826398,6.610102232747815,4.962005349296322,6.437200780937049,3.9573559545625008,10154.060563151043,10023.7150390625,-17.18778597342423,-52.639582635005986,-28.275768435546567,50.37934875254131,6.153864261068365
2018-03-16,8338.349609375,8585.150390625,8005.31005859375,8322.91015625,5289379840,0.45163099033997955,-12.948410039968328,-15.028127346101694,4.519194162677099,4.888975064850563,6.437484507820668,3.812925808181548,10062.703059895834,9949.97900390625,-16.197314525975802,-52.425688313031316,-27.951839578218284,50.37934875254131,-22.606861477128216
2018-03-17,7916.8798828125,8346.5302734375,7812.81982421875,8321.91015625,4426149888,-5.054594090041897,-13.994822641908167,-18.08483528422248,4.627344372977684,4.983352531747449,6.105088621065255,3.962523707293215,10003.142724609375,9862.586474609376,-19.728157484915123,-54.83037665993895,-31.593581636881563,50.37934875254131,-16.320059782282527
2018-03-18,8223.6796875,8245.509765625,7397.990234375,7890.52001953125,6639190016,3.8752615832098325,-10.562107735669791,-20.67215668860094,5.487231536856396,4.744047967875306,6.12317866175885,3.962523707293215,9953.727392578125,9755.43544921875,-15.701562166980654,-53.07993559936099,-28.942653985605848,58.206475523467496,49.99921340214677
2018-03-19,8630.650390625,8675.8701171875,8182.39990234375,8344.1201171875,6729110016,4.948766471821564,4.363351020897377,-19.532234047958053,3.9107602593843063,4.8292340078193705,6.149973765404863,3.962523707293215,9906.323225911457,9650.68798828125,-10.56958425031328,-50.75797118374508,-25.42619187027927,58.206475523467496,1.3543820825025144
2018-03-20,8913.4697265625,9051.01953125,8389.8896484375,8619.669921875,6361789952,3.276917997335538,7.38007084873662,-14.276253938736506,4.023526928797039,4.892377315098008,6.164483332242975,3.903184763850253,9861.424381510416,9576.466455078125,-6.9231874995401625,-49.14435027921207,-22.982469330377985,58.206475523467496,-5.458672292868039
2018-03-21,8929.2802734375,9177.3701171875,8846.330078125,8937.48046875,6043129856,0.1773781407242936,7.086901985952987,-18.461507867432204,4.043206109999275,4.69312205281901,5.981249364448467,3.903184763850253,9795.259049479168,9475.38046875,-5.76335902408932,-49.05414347328407,-22.84585706644444,58.206475523467496,-5.008969148687791
2018-03-22,8728.4697265625,9100.7099609375,8564.900390625,8939.4404296875,5530390016,-2.2488995834565095,10.251385088107213,-21.26867676596308,2.9672071984189596,4.673937429508444,5.851444343212068,3.935445180354606,9747.398551432292,9357.483935546876,-6.722044230232649,-50.19986462850174,-24.580976265496613,58.206475523467496,-8.484673541987842
2018-03-23,8879.6201171875,8879.6201171875,8360.6201171875,8736.25,5954120192,1.7316940467241304,7.976240011932001,-22.71669437632363,2.7784397335104023,4.591309814088472,5.812741143157177,3.935445180354606,9713.202213541666,9226.979931640624,-3.7646100568830554,-49.33747864901296,-23.274949521388766,58.206475523467496,7.661849793126785
2018-03-24,8668.1201171875,8996.1796875,8665.7001953125,8901.9501953125,5664600064,-2.3818586517076135,0.43414719478385155,-24.70753425552269,2.471718142666036,4.586817534898206,5.819510802359621,3.9713211025315016,9676.530875651042,9084.75595703125,-4.586098314741072,-50.54418829698466,-25.102431774240596,58.206475523467496,-4.862517360482599
2018-03-25,8495.7802734375,8682.009765625,8449.099609375,8612.8095703125,4569880064,-1.9882032253830673,-4.68604781233809,-26.59154764143863,1.8219061393157316,4.568308426580863,5.79051442232308,3.9961279887765357,9628.803873697916,8930.87998046875,-4.871857062045226,-51.52747034040337,-21.188694091959704,55.44896985588621,-19.325636190226902
2018-03-26,8209.400390625,8530.080078125,7921.43017578125,8498.4697265625,5921039872,-3.3708485106174635,-8.062014639119042,-23.845303823359043,1.9625137112451676,4.414492221342942,5.803540465494772,3.7666064534150125,9577.970540364584,8802.35498046875,-6.736317623629551,-53.161405884492495,-17.622372496556505,47.736069577595906,29.566636084040553
2018-03-27,7833.0400390625,8232.7802734375,7797.27978515625,8200.0,5378250240,-4.584504758621555,-10.258724788550577,-21.398978749491416,2.3748623744181443,4.2380282529516915,5.8289615457785775,3.51922542993945,9522.331201171875,8695.728466796874,-9.920829876742355,-55.30872346058937,-18.223794687820792,37.16428474688676,-9.167133539613491
2018-03-28,7954.47998046875,8122.89013671875,7809.169921875,7836.830078125,4935289856,1.5503551724572073,-10.418690490238847,-15.332924830232141,2.3016148645108285,4.1320018039344815,5.822933723642561,3.2781068575671055,9464.22753092448,8623.701977539062,-7.760263501838772,-54.61584994312347,-16.9559730589242,34.327022409749695,-8.236143062023082
2018-03-29,7165.7001953125,7994.330078125,7081.3798828125,7979.06982421875,6361229824,-9.916170347942321,-17.332707687055937,-23.259309506276693,4.1839178101430825,4.611912639974434,5.9313054556749405,3.9552248364956397,9387.217537434895,8515.109497070312,-15.847233699368013,-59.1162195737291,-25.19076023419239,40.33281880724551,28.892729902508883
2018-03-30,6890.52001953125,7276.66015625,6683.93017578125,7171.4501953125,6289509888,-3.840241264367461,-18.894794853925067,-22.281524706392396,4.079378131851446,4.566635950689596,5.928276835536642,3.8866479146866046,9313.786197916666,8416.335498046876,-18.129214060795363,-60.686255380092135,-28.06361552923852,48.677495704665354,-1.1274539355489277
2018-03-31,6973.52978515625,7207.85009765625,6863.52001953125,6892.47998046875,4553269760,1.2046952245941878,-15.054334624488453,-27.19700134077353,4.726695974292193,4.0717401494948735,5.788421911331145,3.8866479146866046,9261.573364257812,8286.080493164063,-15.840429127989463,-60.212644576046955,-24.24292462913653,48.677495704665354,-27.605332671670336
2018-04-01,6844.22998046875,7060.9501953125,6526.8701171875,7003.06005859375,4532100096,-1.854151465198095,-12.62357978080878,-25.64757555211662,4.672200110314916,4.033632950568711,5.7874090894847425,3.8102043438592244,9205.292203776042,8168.035986328125,-16.207151977234137,-60.950362409603756,-25.564525019632466,45.098335232284214,-0.46493322635907663
2018-04-02,7083.7998046875,7135.47021484375,6816.580078125,6844.85986328125,4333440000,3.5003181497758717,-10.945783733431957,-22.95904657902278,5.1583204597559185,4.172398137031637,5.664887871926431,3.810122662809473,9170.513199869793,8062.48349609375,-12.138737299498581,-59.58350085760541,-20.66774042517031,43.343584924998304,-4.383400449944519
2018-04-03,7456.10986328125,7530.93994140625,7072.490234375,7102.259765625,5499700224,5.2557958843978625,4.05277446799579,-9.839400775954044,3.737371293321705,3.856149575582951,5.690852924668094,3.075132046034027,9147.60253092448,8021.798510742187,-7.051892997604092,-57.45929215906174,-16.498198791436568,40.60905077642527,26.913035002215334
2018-04-04,6853.83984375,7469.8798828125,6803.8798828125,7456.41015625,4936000000,-8.077536819799569,-0.5323281214956177,-17.43217505809651,5.2443116144341415,4.208669802183666,5.757146588812983,3.5663380594534653,9108.918025716146,7949.447485351562,-13.782186040230304,-60.89553349831689,-23.243087529254126,40.60905077642527,-10.249653636394275
2018-04-05,6811.47021484375,6933.81982421875,6644.7998046875,6848.64990234375,5639320064,-0.6181881962836755,-2.323924544747158,-18.311530051636883,5.203333935130239,4.197810041511669,5.621717192468035,3.569015968948238,9084.492366536459,7873.103515625,-13.484305124076258,-61.13727269445,-23.717589701980067,40.60905077642527,14.248785737439217
2018-04-06,6636.31982421875,6857.490234375,6575.0,6815.9599609375,3766810112,-2.5714036045156208,-3.0377435714946666,-16.17505984111036,5.264395808067963,4.104798267863631,5.236320409831806,3.433807615565992,9079.176529947918,7809.075512695313,-15.017855654872324,-62.13659026519798,-25.679118349994745,40.60905077642527,-33.20453407058117
2018-04-07,6911.08984375,7050.5400390625,6630.509765625,6630.509765625,3976610048,4.1403974915207975,-2.4380977116718383,-15.961101278605705,5.392287924593004,4.121076220683368,5.047083229621683,3.433807615565992,9065.12802734375,7743.446020507812,-10.749170002004183,-60.568894598334,-22.601938430481795,40.60905077642527,5.569697695448905
2018-04-08,7023.52001953125,7111.56005859375,6919.97998046875,6919.97998046875,3652499968,1.6268081926749334,-5.801816921721537,-18.621196530443264,4.636281916601642,3.940895462862316,5.047043778520936,3.433807615565992,9055.16503092448,7663.089501953125,-8.346104821806733,-59.927426145197416,-21.34282042389728,40.60905077642527,-8.15041143304982
2018-04-09,6770.72998046875,7178.10986328125,6661.990234375,7044.31982421875,4894060032,-3.599192973886778,-1.2126029375640779,-24.03934507914801,3.143609975908948,3.8517140487055945,4.943217553101623,3.5268603947254276,9030.250699869792,7555.9525146484375,-10.392105199938806,-61.36971540783506,-24.17384410465788,40.60905077642527,33.992062282750446
2018-04-10,6834.759765625,6872.41015625,6704.14990234375,6795.43994140625,4272750080,0.9456851084145068,0.3419166501014148,-23.456767440072458,3.169826752579006,3.870936199596185,4.884540508974261,3.5268603947254276,8998.547021484375,7451.226489257812,-8.273359084193077,-61.004394559108796,-23.028691819872382,39.43451911157527,-12.695184528541558
2018-04-11,6968.31982421875,6968.31982421875,6817.58984375,6843.47021484375,4641889792,1.9541295257440083,5.002772753482909,-20.165618458723156,2.842532061200764,3.927797595605309,4.891146364235225,3.4908260880569886,8970.987345377604,7363.218994140625,-5.363132214811495,-60.242369919445714,-21.524572760373097,37.83298159725832,8.639393952103092
2018-04-12,7889.25,7899.22998046875,6806.509765625,6955.3798828125,8906250240,13.215957347142847,14.153486329433163,-11.153293768395878,6.224308913242087,5.03767929361586,5.1363935319116285,3.4908260880569886,8966.975341796875,7313.70048828125,7.869470627638542,-54.988018485764826,-8.985455977278445,37.83298159725832,91.86690419383399
2018-04-13,7895.9599609375,8183.9599609375,7758.93017578125,7901.08984375,7764460032,0.08505194964667506,12.421690818565878,-8.908046333125096,6.335922870249098,5.018579427042381,4.975410069734913,3.4499571367226487,8949.798502604166,7275.09248046875,8.53415241298412,-54.949734917912366,-7.06021452055875,33.01949647752718,-12.820100235584665
2018-04-14,7986.240234375,8140.7099609375,7846.0,7874.669921875,5191430144,1.1433729892771805,17.95242547572542,-5.9975661170946655,5.4891887696270265,5.013530983517376,4.955268036495621,3.42119228368596,8939.597347005209,7249.615478515625,10.160880367274338,-54.434642355366016,-2.7183490344172445,30.69173930184941,-33.13855538434949
2018-04-15,8329.1103515625,8338.419921875,7999.330078125,7999.330078125,5244480000,4.293260747550409,21.863981137321666,1.4582059010571191,5.3055839440259085,5.0504125864066625,4.797297973845105,3.3371283550195905,8920.172021484375,7255.6009765625,14.795595547050034,-52.47840274112797,0.0,27.75526051785624,1.0218736365221526
2018-04-16,8058.669921875,8371.150390625,7925.72998046875,8337.5703125,5631309824,-3.246930563679795,15.647245321127246,2.8804893334811066,6.264149495238903,4.992344338059323,4.719900829956709,3.2577092209177407,8885.043180338542,7266.882470703125,10.895834002600346,-54.0213960068751,-3.246930563679795,28.256733171093362,7.3759424003905005
2018-04-17,7902.08984375,8285.9599609375,7881.72021484375,8071.66015625,6900879872,-1.943001508226172,0.16275113287067544,-0.6586242827612554,2.9172943084035885,5.005900569025862,4.723090140960904,3.2865532265735378,8846.179671223957,7264.262963867188,8.780338529254728,-54.91476097592286,-5.1268441620826,28.256733171093362,22.544844586409308
2018-04-18,8163.419921875,8197.7998046875,7886.009765625,7944.43017578125,6529909760,3.307100821331388,3.3873013827408593,13.92354828374156,3.2583821140860736,4.4588134329643205,4.601945898230401,2.4258834251938826,8797.025,7314.148950195313,11.61134367733936,-53.42374666585839,-1.9892932461438417,28.256733171093362,-5.375692938884413
2018-04-19,8294.3095703125,8298.6904296875,8138.77978515625,8159.27001953125,7063209984,1.6033678248838168,3.8575014887666903,20.372766450169124,3.280072073480788,4.328352701255673,4.56828978385522,2.2688185789531246,8759.400162760418,7384.338427734375,12.322988057541107,-52.67695800586238,-0.41782110911127157,28.256733171093362,8.167038191964227
2018-04-20,8845.830078125,8880.23046875,8244.5400390625,8286.8798828125,8438110208,6.649384172813311,6.203780533002123,26.84867421021273,3.997644587234662,4.508182569287951,4.575021943483513,2.2688185789531246,8719.742333984375,7477.953442382813,18.292125596683583,-49.5302671414104,0.0,36.056491232532586,19.465656933809193
2018-04-21,8895.580078125,8997.5703125,8652.150390625,8848.7900390625,7548550144,0.5624118885465323,10.38521448779326,29.97196329623857,3.205077855489927,4.451491338691594,4.56977838701224,2.2306151307224793,8677.94033203125,7580.520947265625,17.347872791430397,-49.24641936369601,0.0,36.845175855513304,-10.542171672000988
2018-04-22,8802.4599609375,9001.6396484375,8779.6103515625,8925.0595703125,6629899776,-1.0468133204319163,11.39407593422428,24.261839741895663,2.9411313586952246,4.45530192830245,4.503935111446492,2.242863073796469,8646.474658203126,7666.453955078125,14.817880763594825,-49.777714606393,-1.0468133204319163,36.90706689638783,-12.169891574876711
2018-04-23,8930.8798828125,8958.5498046875,8788.8095703125,8794.3896484375,6925190144,1.4589094689994253,9.401206458594459,19.77934937351151,2.8851852110599667,4.352371985446342,4.43474070117043,2.242863073796469,8628.57265625,7740.192456054688,15.383175980674867,-49.04501692923775,0.0,36.90706689638783,4.453919033119336
2018-04-24,9697.5,9732.6103515625,8927.830078125,8934.33984375,10678800384,8.583925965266449,16.917507331892768,41.490029254814395,4.150300078119521,4.112554966804789,4.558071098813679,1.3297009867029732,8618.512662760417,7882.375463867187,23.02763354084494,-44.671078906829464,0.0,48.024492038973385,54.202269713159225
2018-04-25,8845.740234375,9745.3203125,8799.83984375,9701.0302734375,11083100160,-8.78329224671307,-0.0010156621730983417,29.865358804595687,6.209878839780574,4.727402899656274,4.6581885353629255,2.367764349823718,8602.390494791667,7984.08896484375,10.79210506452708,-49.530779743395904,-8.78329224671307,48.2177994296578,3.78600368451274
2018-04-26,9281.509765625,9281.509765625,8727.08984375,8867.3203125,8970559488,4.9263206888732425,4.338443183138052,39.85928965859704,6.577250756226404,4.6914606758683055,4.698299292856057,2.296889677679435,8596.003483072916,8116.348461914063,14.35573286655265,-47.044504104381815,-4.289664700953855,46.9769392848695,-19.0609183486798
2018-04-27,8987.0498046875,9375.4697265625,8987.0498046875,9290.6298828125,7566289920,-3.1725437819185576,2.09702565611376,30.038098301020955,6.80948005516023,4.7830346107843,4.618908867897818,2.403945484789504,8573.009309895833,8220.146459960937,9.329558158872597,-48.72454039660239,-7.326116992137144,46.282416660045826,-15.654202727026156
2018-04-28,9348.48046875,9412.08984375,8931.990234375,8939.26953125,7805479936,4.021683109778507,4.675917618611947,33.10249622345231,6.9842509980078304,4.818117894213505,4.62684916253332,2.403945484789504,8550.05732421875,8336.394482421874,12.140572143775241,-46.66240389827124,-3.599067092034025,46.282416660045826,3.1612589330967555
2018-04-29,9419.080078125,9531.490234375,9193.7099609375,9346.41015625,8853000192,0.7551987685164407,-2.871048433874712,39.1146908131891,5.639354594767166,4.669375991291582,4.612050087453311,2.2652250198768433,8533.74365234375,8468.811987304687,11.220795694187435,-46.25959902935472,-2.871048433874712,45.362506126139365,13.42031834799402
2018-04-30,9240.5498046875,9477.1396484375,9166.8095703125,9426.1103515625,8673920000,-1.8954109313936152,4.463273393200606,35.19933577127716,3.5487113104184824,4.738342231983636,4.5632213143897795,2.304533254396292,8505.236149088541,8589.101489257813,7.58459212811069,-47.27820046392709,-4.712041199407069,43.17646852895021,-2.022819249025043
2018-05-01,9119.009765625,9255.8798828125,8891.0498046875,9251.4697265625,7713019904,-1.3152901248456694,-1.7507927492770081,30.86382364270104,2.8113957647063734,4.782529898138915,4.561686965405476,2.323224682686587,8472.446305338543,8696.635986328125,4.856748976970904,-47.971645086865976,-5.965354311678272,43.17646852895021,-11.078037334907398
2018-05-02,9235.919921875,9256.51953125,9015.1396484375,9104.599609375,7558159872,1.2820488107240013,2.7692081672641145,17.069682439712274,2.3498934907607785,3.9020281868737787,4.537974147708074,2.323224682686587,8434.88330078125,8763.969482421875,5.385121894818656,-47.30461618146289,-4.759784254962618,25.601340542012796,-2.0077743079554233
2018-05-03,9743.8603515625,9798.330078125,9188.150390625,9233.9697265625,10207299584,5.499619247287524,4.2293491881827405,23.403112474820542,2.917156785945114,4.030887802622544,4.598291332684991,2.323224682686587,8405.404313151043,8856.364501953125,10.020995064212324,-44.40657071054659,0.0,24.88312615504715,35.05006187834181
2018-05-04,9700.759765625,9779.2001953125,9585.9599609375,9695.5,8217829888,-0.4423358338729533,2.990522271428353,21.468419192678812,2.976996226171406,4.046262882883553,4.597490641646768,2.325329218786148,8374.1953125,8942.090478515625,8.484249728093918,-44.65248036957266,-0.4423358338729533,24.317151726239562,-19.490656462346855
2018-05-05,9858.150390625,9964.5,9695.1201171875,9700.2802734375,7651939840,1.6224566817716557,6.6835913337560005,18.357783418917716,2.6273697206305915,3.977244485575087,4.518758257824093,2.325329218786148,8358.8328125,9018.54248046875,9.309796033833283,-43.75449083913391,0.0,26.425446836259468,-6.886125117122887
2018-05-06,9654.7998046875,9940.1396484375,9465.25,9845.3095703125,7222280192,-2.0627661161558675,5.875528734295399,19.806368771599114,2.8289926549710405,3.9203336104627664,4.4186614439261405,2.2567184746819295,8353.653304036457,9098.348974609375,6.115953912418659,-44.914704143963604,-2.0627661161558675,26.425446836259468,-5.615042159035067
2018-05-07,9373.009765625,9665.849609375,9231.5302734375,9645.669921875,7394019840,-2.918652325920712,1.4843117405696216,18.614315338851718,3.3641683482462645,3.9644494194177198,4.37115968309919,2.308666736647452,8353.286637369793,9171.894970703124,2.1927289351249213,-46.52245241270611,-4.921213470849095,26.35667842354328,2.377914501160361
2018-05-08,9234.8203125,9462.75,9127.76953125,9380.8701171875,7415869952,-1.4743338221176572,-5.224213203967687,13.124406203263362,1.7470521582537268,3.9578324815263533,4.374923912417956,2.332086000098281,8351.574479166668,9225.464990234375,0.10140759599139848,-47.31088998402465,-6.322992178307407,22.432357958296812,0.29551059468080343
2018-05-09,9325.1796875,9374.759765625,9031.6201171875,9223.73046875,7226890240,0.9784638135047707,-3.8716563155793415,12.428642896055543,1.9726256103120225,3.952728131251575,4.324144217131532,2.332086000098281,8359.227473958334,9277.00849609375,0.5192535010238863,-46.79534610886061,-5.406396555198123,20.861806150353534,-2.5483148062626637
2018-05-10,9043.9404296875,9396.0400390625,9040.51953125,9325.9599609375,6906699776,-3.0159124782280555,-8.259256845095464,2.239590290711213,1.6258399963926526,3.7686648461346506,4.217679819907422,2.42763496343066,8350.315983072916,9286.914013671874,-2.616300566869434,-48.39995190456153,-8.259256845095464,15.167901043386745,-4.4305427835029665
2018-05-11,8441.490234375,9052.9599609375,8394.4599609375,9052.9599609375,8488520192,-6.661368459868511,-12.566905527377447,-5.104668158366044,2.7766922003344905,4.0644580254504765,4.275544775704038,2.848175381463988,8337.588818359374,9264.209521484376,-8.880620469576272,-51.83722123366805,-14.370445774465257,18.703288196840195,22.90269545951087
2018-05-12,8504.8896484375,8664.8603515625,8223.5,8441.4404296875,6821380096,0.7510452811321011,-9.261914143856787,-3.3805358254456297,3.1388478565984603,4.064229264857373,4.276798755362359,2.8385404871493107,8326.089485677083,9249.331005859374,-8.048596779056528,-51.475496956481436,-13.727329048199922,21.171034231166775,-19.639937919582206
2018-05-13,8723.9404296875,8773.5498046875,8395.1201171875,8515.490234375,5866379776,2.5755864015265972,-5.532104204788768,-2.317122790143622,3.736729462723286,4.094232543857606,4.081659384657743,2.8385404871493107,8333.658333333333,9238.984033203125,-5.574677926324567,-50.22570645468421,-11.505301866931571,21.171034231166775,-14.00010418067752
2018-05-14,8716.7900390625,8881.1201171875,8367.9697265625,8713.099609375,7364149760,-0.08196285477451992,-6.524160057237505,-10.113018416473318,3.619333169175466,3.5571575147350707,4.081697755987381,2.8385996534671785,8340.590494791666,9189.94853515625,-5.148652294228606,-50.26650288661779,-11.57783464784552,21.171034231166775,25.531418714614084
2018-05-15,8510.3798828125,8836.1904296875,8456.4501953125,8705.1904296875,6705710080,-2.3679606291423294,-5.899646852201091,-3.791207323263601,3.552922763991991,3.0162277572612446,4.094531072436369,2.116766103083639,8343.457666015625,9173.180517578125,-7.225417983386806,-51.44417251775831,-13.671636710819667,21.171034231166775,-8.941150050701852
2018-05-16,8368.830078125,8508.4296875,8175.490234375,8504.41015625,6760220160,-1.6632607079429262,-0.8607503442237818,-9.833310641768655,1.9656025150962788,2.7834787513013515,4.045051213253066,2.149190671925885,8350.990169270834,9127.546533203125,-8.312381123647572,-52.251782517687,-15.107502457218835,21.882599261177702,0.8128904970493345
2018-05-17,8094.31982421875,8445.5400390625,8054.1201171875,8370.0498046875,5862530048,-3.280150885412081,-4.8274562186021885,-9.93351544578196,2.2984389439131943,2.7890571236510446,4.039515424849707,2.1572524964494106,8348.834171549479,9082.910034179688,-10.884069161103616,-53.81799609620157,-17.8921044670168,23.71928720973191,-13.279007055296855
2018-05-18,8250.9697265625,8274.1201171875,7974.81982421875,8091.830078125,5764190208,1.9353065575076878,-5.4215260516392805,-11.739990748830753,2.057132583926469,2.6470379990517534,3.9961191133733247,2.1572524964494106,8342.506160481771,9028.034497070312,-8.607241928018517,-52.92423274626291,-16.30306498053542,24.949531395540568,-1.6774300377965456
2018-05-19,8247.1796875,8372.0595703125,8183.35009765625,8255.73046875,4712399872,-0.04593446816679725,-5.387423001564084,-12.44177118046419,2.0616115003155326,2.6316432527703677,3.9729385714852303,2.1572769484249124,8331.401326497396,8969.439477539063,-8.052451793088288,-52.94585674958635,-16.341510722508524,24.949531395540568,-18.246974822937702
2018-05-20,8513.25,8562.41015625,8205.240234375,8246.990234375,5191059968,3.2261975921692887,0.033724900968246097,-7.8707416772815675,2.6303883117711946,2.748521156705926,3.995358353000982,2.115233959226067,8324.467488606771,8933.074487304688,-4.699664017145777,-51.42779711302562,-13.64252255579288,24.949531395540568,10.157459235242072
2018-05-21,8418.990234375,8557.51953125,8365.1201171875,8522.330078125,5154990080,-1.1072124702669384,0.5993687980487383,-7.676486254996595,2.5512313078886644,2.7451582096928107,3.9871832844559383,2.1092679463152817,8319.309497070313,8898.073510742188,-5.384123605956004,-51.96559460047355,-14.598683315063099,24.949531395540568,-0.6948462977185987
2018-05-22,8041.77978515625,8423.25,8004.580078125,8419.8701171875,5137010176,-4.480471395234408,-0.6490976413521032,-12.929303705746353,2.9753923005168708,2.86332659634911,4.02242062164187,2.335110803694072,8305.345491536458,8838.36650390625,-9.0128274087518,-54.117762394270265,-18.425064880285248,24.949531395540568,-0.3487863937848723
2018-05-23,7557.81982421875,8054.66015625,7507.8798828125,8037.080078125,6491120128,-6.018070301188894,-8.400829542644905,-22.43505600932799,3.665050973209059,2.715684753730591,4.08451220673187,2.695106857442087,8286.840486653646,8729.064477539063,-13.417756923826907,-56.87898770914161,-23.334301823938908,32.7205570085284,26.359884555541125
2018-05-24,7587.33984375,7738.60009765625,7331.14013671875,7561.1201171875,6049220096,0.39058908809461723,-8.000793831982334,-21.78612781819401,3.718665888712724,2.73466457818269,4.077872040888481,2.693291280856001,8271.69981282552,8623.393481445313,-12.014453937705117,-56.710561740457585,-23.034853972551662,35.920195415332515,-6.807762347423319
2018-05-25,7480.14013671875,7659.14013671875,7392.64990234375,7592.2998046875,4867829760,-1.4128760440268784,-12.13531686819076,-24.122276083023785,2.6350051024843832,2.6536900936022447,4.059100408325927,2.711757522221375,8259.545475260416,8504.49296875,-12.04484307054241,-57.32218784322046,-22.524130090330107,35.58790942559283,-19.529630551567877
2018-05-26,7355.8798828125,7595.16015625,7349.1201171875,7486.47998046875,4051539968,-1.6612022186092146,-12.62752802850141,-23.81116096015633,2.57133126315863,2.6494230541802364,4.021414749161116,2.697935932779313,8251.592805989583,8389.54697265625,-12.32089281117018,-58.03115260562275,-21.520620731776184,31.846471750862104,-16.76907024784696
2018-05-27,7368.22021484375,7381.740234375,7270.9599609375,7362.080078125,4056519936,0.16776146739541087,-8.37575248648037,-21.388962573513005,2.5782040131270665,2.6410715861728087,4.016189750661652,2.6178104834769194,8241.821809895833,8289.307495117188,-11.111751866075704,-57.960745051385,-20.985756180971716,30.144438297524268,0.12291543559568296
2018-05-28,7135.990234375,7419.0498046875,7100.89013671875,7371.31005859375,5040600064,-3.151778498705937,-5.581366050722892,-22.7273515574968,1.453108535073124,2.677881439375692,3.824883364894175,2.690898381896818,8241.326643880207,8184.365991210938,-12.809492610200623,-59.285729249871636,-23.476110128574934,32.32200270886483,24.25922079826801
2018-05-29,7472.58984375,7526.419921875,7090.68017578125,7129.4599609375,5662660096,4.716929232239631,-1.51238777177648,-19.866532397582827,3.025199962097004,2.9572445491876205,3.836349051276746,2.690898381896818,8251.027807617187,8091.736499023437,-7.651591909204658,-57.36526591116563,-17.374623353106223,32.51253485039953,12.34099162999971
2018-05-30,7406.52001953125,7573.77001953125,7313.60009765625,7469.72998046875,4922540032,-0.8841623265862797,-0.9842077266188021,-18.105165805618086,2.9841495046884976,2.9212061916055934,3.8366181124894303,2.612515042801869,8258.244311523438,8009.865478515625,-7.532529236635643,-57.74222616801934,-15.101208230091512,27.674069856634674,-13.070183473007802
2018-05-31,7494.169921875,7608.89990234375,7361.1298828125,7406.14990234375,5127130112,1.1834154516914053,1.8799931655439917,-11.222192837970379,2.896875427309303,2.626101179275984,3.8294631042219107,2.1462859457582772,8269.076643880207,7962.499462890625,-5.88169007983339,-57.24214114295088,-14.096502809987111,25.25060920843154,4.156189257375642
2018-06-01,7541.4501953125,7604.72998046875,7407.33984375,7500.7001953125,4921460224,0.6308940673935393,2.3510423876822673,-11.328065300670909,2.89473959166703,2.6230788372490585,3.8056798566326697,2.1462859457582772,8276.704150390626,7914.327490234375,-4.711421095247504,-56.972384348077256,-13.55454274253175,25.25060920843154,-4.011403719180673
2018-06-02,7643.4501953125,7695.830078125,7497.259765625,7536.72021484375,4939299840,1.3525250098900043,7.111276000533162,-12.385346313210722,2.053052831208532,2.559457852130652,3.7503118076236586,2.1462859457582772,8279.826489257812,7860.302978515625,-2.7588349176341342,-56.39042508522565,-12.313475934834361,25.25060920843154,0.3624862375805282
2018-06-03,7720.25,7754.89013671875,7613.0400390625,7632.08984375,4851760128,1.0047792910929054,3.314247957247929,-11.432419899948387,0.9024522614960255,2.583077465991059,3.5942983237937423,2.146207693929309,8294.266658528646,7810.4759765625,-1.1551917813107493,-55.95224510754835,-9.314891492673183,24.61696495447885,-1.772310141835809
2018-06-04,7514.47021484375,7753.81982421875,7474.0400390625,7722.52978515625,4993169920,-2.6654549419546036,1.4575022416442707,-11.702293924388519,1.6799071340499674,2.5947864154990725,3.612458927595034,2.1635799247549112,8305.983325195313,7760.680493164063,-3.1725346577170077,-57.12631816714926,-11.732062198998616,20.755836449873378,2.9146080653062345
2018-06-05,7633.759765625,7643.22998046875,7397.0,7500.89990234375,4961739776,1.5874645500039364,1.8626458327632323,-8.783429770206174,1.7415400865992765,2.62552472452562,3.597723210888397,2.131374270669778,8322.60732421875,7723.926977539062,-1.1673752506499047,-56.44571366677127,-10.330839977388184,20.755836449873378,-0.6294627361690064
2018-06-06,7653.97998046875,7680.43017578125,7502.009765625,7625.97021484375,4692259840,0.2648788469189478,1.4921504782487993,-5.440109278020788,1.7361490158779085,2.5409692044073884,3.562152559604295,2.001196339722728,8334.988826497396,7701.909985351563,-0.6223132310553048,-56.33034757534803,-10.093325340278392,20.755836449873378,-5.4311581857532705
2018-06-07,7678.240234375,7741.27001953125,7650.81982421875,7650.81982421875,4485799936,0.31696259943396754,0.4551614542322113,-6.941359757310728,1.6396005836965317,2.493088652891097,3.5574685440024036,2.001196339722728,8345.900830078124,7673.273510742188,0.06472757195294943,-56.19193110985907,-9.808354807212282,20.755836449873378,-4.400010038659752
2018-06-08,7624.919921875,7698.18994140625,7558.39990234375,7685.14013671875,4227579904,-0.6944340222814094,-1.234805584339882,-7.545121959306167,1.5806692323756197,2.4934272429059168,3.5243639517250207,2.007185397993034,8360.137329101562,7642.1605224609375,-0.22559851412785603,-56.49614924473669,-10.43467627668634,20.755836449873378,-5.7563876161239484
2018-06-09,7531.97998046875,7683.580078125,7531.97998046875,7632.52001953125,3845220096,-1.2188972783781837,0.2330139733658365,-11.526385569920416,1.0776727666685946,2.3508181131800954,3.5282850716566974,2.0256057737571593,8371.757666015625,7593.097021484375,-0.8049026746622112,-57.0264164975823,-10.535827091051363,20.686863870674223,-9.044413510392157
2018-06-10,6786.02001953125,7499.5498046875,6709.06982421875,7499.5498046875,5804839936,-9.903902597615177,-11.105140482821351,-19.396271635715667,4.329522295612791,3.143244705172091,3.7544882925586656,2.9910110516537785,8368.7193359375,7511.448510742188,-9.657637806789143,-61.282478350366574,-15.61544582385752,25.550191318523964,50.96248826012586
2018-06-11,6906.919921875,6910.18017578125,6706.6298828125,6799.2900390625,4745269760,1.7816025003725366,-9.76041302041658,-14.112048496727148,4.594543066657934,3.0922670184271057,3.3409909675489526,2.8182292161815643,8352.34716796875,7454.705517578125,-7.348185577705946,-60.592686016574426,-10.535022546225836,20.09996521341042,-18.253219514785258
2018-06-12,6582.35986328125,6907.9599609375,6542.080078125,6905.81982421875,4654380032,-4.699056341537011,-14.272546021516263,-12.906631589862394,4.524606868671165,2.985331444201908,3.3916034635794823,2.6899096513607526,8330.453833007812,7405.93251953125,-11.12044504966847,-62.444457903341984,-14.739032242722061,18.538600018808516,-1.9153753652985106
2018-06-13,6349.89990234375,6631.66015625,6285.6298828125,6596.8798828125,5052349952,-3.5315595890501927,-16.72174963927644,-16.30927264218407,4.345872287755529,3.0420289275168577,3.4127839731791396,2.8034281851037925,8303.181494140625,7344.060522460937,-13.536933921999484,-63.77075425147629,-17.750074125271198,23.3749088205752,8.550438882597877
2018-06-14,6675.35009765625,6707.14013671875,6334.4599609375,6342.75,5138710016,5.125280718084646,-11.373236320779334,-10.7590235524054,5.84959360284492,3.316263003298126,3.4334890045531483,2.785569717893467,8275.618823242188,7303.821020507812,-8.604686794582307,-61.9139037048197,-13.534534533774812,23.3749088205752,1.7093048743746175
2018-06-15,6456.580078125,6681.080078125,6433.8701171875,6674.080078125,3955389952,-3.2772815856963233,-4.854685669332969,-12.225591214298825,4.198284221519529,3.3650197703035536,3.433931276585354,2.8562996590495704,8248.917325846354,7258.856030273438,-11.05237448989902,-63.162092325412225,-16.368251311486027,23.3749088205752,-23.0275703496712
2018-06-16,6550.16015625,6592.490234375,6402.2900390625,6455.4501953125,3194170112,1.4493753193281167,-5.165251221388878,-11.102546269528101,4.147150683950773,3.3923953425375823,3.4345201327357926,2.8562996590495704,8226.38516438802,7217.95302734375,-9.25183176676202,-62.62817278341986,-15.156113386872184,23.3749088205752,-19.245127515558803
2018-06-17,6499.27001953125,6589.10986328125,6499.27001953125,6545.52978515625,3104019968,-0.7769296552266991,-1.2623108653403325,-8.922660961285867,3.6048865461630073,3.3369288031960926,3.4030797238904094,2.773435296072359,8198.649332682291,7186.117016601563,-9.557971230965768,-62.91852559176556,-15.81529070261649,23.3749088205752,-2.82233384068431
2018-06-18,6734.81982421875,6781.14013671875,6446.68017578125,6510.06982421875,4039200000,3.6242501693211526,6.061826608210397,-9.873016383313393,3.365156741587783,3.2565137262557218,3.432331433272453,2.773435296072359,8172.6578369140625,7149.228515625,-5.796551201301492,-61.57460019273835,-12.764226233363551,23.3749088205752,30.128028867113276
2018-06-19,6769.93994140625,6822.5,6709.919921875,6742.39013671875,4057029888,0.5214707758210091,1.417001990400646,-8.594860696336692,2.567933937336289,3.2621888088346838,3.311443705509111,2.766379617932479,8138.05966796875,7117.39951171875,-4.881833171517346,-61.3742229622511,-12.309317167109224,23.3749088205752,0.4414212715389221
2018-06-20,6776.5498046875,6821.56005859375,6611.8798828125,6770.759765625,3888640000,0.09763547887364776,4.955715296501362,-9.575711848924229,1.6798764997861755,3.2434980815986347,3.3097206329138547,2.766379617932479,8102.742496744791,7081.518505859375,-4.30654387077487,-61.336510499871636,-12.22369994899777,23.3749088205752,-4.150570556506583
2018-06-21,6729.740234375,6810.93994140625,6715.169921875,6780.08984375,3529129984,-0.6907581536569007,2.741613545947419,-10.763313950439269,1.7997606098036323,3.233754836385556,3.3088566556353016,2.77068827764049,8068.19716796875,7040.9330078125,-4.41976614593842,-61.603581706082046,-12.830021898578414,23.3749088205752,-9.24513495720869
2018-06-22,6083.68994140625,6747.080078125,6006.60009765625,6737.8798828125,5079810048,-9.599929127557916,-6.394257768582035,-20.406494633311066,4.968359833191607,3.7815452848499094,3.5061307774431176,3.5049458618588063,8020.744002278646,6962.944995117187,-12.627631761094204,-65.28961064981885,-21.19827801682265,29.10615007888864,43.93944317807252
2018-06-23,6162.47998046875,6224.81982421875,6071.81005859375,6090.10009765625,3431360000,1.2951028047344604,-8.498220571422522,-20.17771470523947,4.4878019211126565,3.7904523040821405,3.3037994093666,3.5049458618588063,7961.827001953125,6885.056494140625,-10.494852355776707,-64.8400754238104,-19.740985012689315,29.08833113834659,-32.451017507023124
2018-06-24,6173.22998046875,6223.77978515625,5826.41015625,6164.27978515625,4566909952,0.17444275736506754,-8.814110111788553,-17.848766393744885,4.447840152631236,3.7799171963670823,3.130060115037056,3.4538982313006357,7917.285164388021,6817.994482421875,-9.456805863006402,-64.77874148189223,-19.60097897391141,32.865174471577085,33.0932910566073
2018-06-25,6249.18017578125,6327.3701171875,6119.68017578125,6171.97021484375,5500810240,1.2303153382069887,-7.782273341243007,-18.1375839999386,4.591651512087328,3.768334700100961,3.0559800622016082,3.4538982313006357,7866.746337890625,6748.7655029296875,-7.402617959263269,-64.3454089360344,-18.61181748645917,32.865174471577085,20.44928185174779
2018-06-26,6093.669921875,6290.16015625,6093.669921875,6253.5498046875,3279759872,-2.488490482462502,-9.451632460507186,-20.38560412459025,4.5810373985634545,3.7728467063641165,3.0475228254761118,3.498434254955634,7818.52333984375,6670.75,-8.650902494097368,-65.23267004122211,-20.637154662157855,32.865174471577085,-40.37678580237664
2018-06-27,6157.1298828125,6180.0,6052.85009765625,6084.39990234375,3296219904,1.0414079159373646,1.207161149131064,-19.810663708496435,1.595667728556039,3.790232708696736,2.994769609976192,3.498434254955634,7765.334163411459,6594.694482421875,-6.635100394350357,-64.87060031487134,-19.24990759380414,32.125781312329835,0.5018669854620406
2018-06-28,5903.43994140625,6170.41015625,5873.0498046875,6153.16015625,3467800064,-4.120262950996379,-4.203503133210928,-22.577023734111968,2.362856397032367,3.8513302859738934,3.0220587326294055,3.614382194089268,7706.740161132812,6508.6204833984375,-9.298138423277614,-66.31802395500513,-21.62167243255403,31.87502891266265,5.205361444234513
2018-06-29,6218.2998046875,6261.66015625,5835.75,5898.1298828125,3966230016,5.333498204544251,0.7300849694786171,-17.4413657389925,3.6747439141483067,4.118888098708672,3.1173914006989865,3.6040911636899065,7656.369327799479,6442.936474609375,-3.4865572679031342,-64.52159636739032,-9.970002909785613,28.716475558156862,14.373087917446913
2018-06-30,6404.0,6465.509765625,6214.22021484375,6214.22021484375,4543860224,2.9863499854496434,2.4774421582330897,-5.629515068209868,3.876303563161537,3.607808975240172,3.150169598314542,2.8434325705096706,7611.119165039063,6423.835473632813,-0.3087792910361653,-63.46208706567011,-7.281392104781692,18.60099084113891,14.563709257148648
2018-07-01,6385.81982421875,6432.85009765625,6289.2900390625,6411.68017578125,4788259840,-0.283887816696593,4.79431780994557,-7.544608936406904,3.556388624426225,3.5767396708050576,3.1413136849416046,2.8441410650069154,7563.617496744791,6397.78046875,-0.1869499053565815,-63.56581374896588,-5.765913211446816,18.56288478982757,5.378678127225767
2018-07-02,6614.18017578125,6683.85986328125,6305.7001953125,6380.3798828125,4396930048,3.5760537855519248,7.423106247029088,0.4834180014603229,3.7411409307984327,3.5228869467318455,3.087744248975617,2.6429305463087203,7511.456160481771,6399.371484375,3.3567154513648223,-62.26290765230074,-2.3960515835644736,17.096116082412994,-8.172693318163782
2018-07-03,6529.58984375,6671.3701171875,6447.75,6596.66015625,4672309760,-1.2789239147277698,10.60652617047877,2.8298074642078452,2.761989223554827,3.436140107673862,3.088928824370401,2.538359418018698,7458.603328450521,6408.355981445313,1.8918091107252177,-62.74553635105838,-3.6443318215808262,17.096116082412994,6.26299961549901
2018-07-04,6597.5498046875,6771.919921875,6450.4599609375,6550.8701171875,4176689920,1.0407998444580624,6.098933983757293,-1.1654863315119002,2.074167488329169,3.243807810371434,3.082711505479165,2.538359418018698,7404.259985351562,6404.465966796875,3.0148311957881146,-62.3577919513465,-2.641462177053311,17.096116082412994,-10.607598071579915
2018-07-05,6639.14013671875,6749.5400390625,6546.64990234375,6599.7099609375,4999240192,0.6303905732049309,3.671769780117895,2.8275039786506584,1.8214038138524076,3.1528915253342413,3.0809438957612287,2.4302756644971395,7353.998990885417,6413.593969726562,3.516689208216328,-62.1204990202616,-2.0277231324072997,17.096116082412994,19.69383142524499
2018-07-06,6673.5,6700.93994140625,6533.5498046875,6638.68994140625,4313959936,0.5175348399594437,4.504984225990838,1.8830050076304117,1.7426794535801964,3.1401312550628377,3.0685411698717346,2.4302756644971395,7309.007161458333,6419.760961914062,3.9524686291479094,-61.924459405488676,-1.5206824661159857,17.096116082412994,-13.707688162225429
2018-07-07,6856.93017578125,6863.990234375,6579.240234375,6668.7099609375,3961080064,2.748635285551071,3.6701449544550346,5.503081964207968,1.4372116668526844,3.184503578840155,3.09453469431149,2.42405833696066,7269.375659179687,6437.643969726562,6.5130381242952895,-60.87790166154362,0.0,17.808222392513606,-8.179952462126893
2018-07-08,6773.8798828125,6885.91015625,6747.97998046875,6857.7998046875,3386210048,-1.2111876720297454,3.741276939413418,0.5799718420571365,1.4136475478620236,3.1027673480825433,3.0903506568618115,2.4391407503119455,7226.853995768229,6439.59697265625,5.1910532844785084,-61.35174369365836,-1.2111876720297454,18.184438987074625,-14.5129612810573
2018-07-09,6741.75,6838.68017578125,6724.33984375,6775.080078125,3718129920,-0.4743202325453666,2.1856628533527322,-0.41639869260633455,1.4945262532419437,3.1032324991673033,3.0724135757609874,2.441445593082593,7188.484155273438,6438.187475585937,4.715030830729816,-61.53506019284533,-1.6797629963925753,18.184438987074625,9.802105223686342
2018-07-10,6329.9501953125,6767.740234375,6320.72021484375,6739.2099609375,4052430080,-6.108203429191239,-4.65707810106657,-6.590368583524264,3.268226459309383,3.39249496571131,3.0542073549292805,2.7975282019314114,7153.291821289063,6415.857495117188,-1.338983913998526,-63.88457696518228,-7.685363084635877,18.184438987074625,8.991083345468475
2018-07-11,6394.7099609375,6444.9599609375,6330.47021484375,6330.77001953125,3644859904,1.0230691178732654,-4.177568578144896,-4.978353721978612,3.3304828026744495,3.4033093997566572,3.056194008357187,2.7932609436390687,7118.122159830729,6399.105981445313,-0.0686974168041532,-63.51509122532379,-6.740920543077966,18.184438987074625,-10.05742648124851
2018-07-12,6228.81005859375,6397.10009765625,6136.419921875,6396.77978515625,3770170112,-2.5943303661489003,-9.160369160619819,2.385396339806811,2.703644880917754,2.665227526794662,3.042952218674088,1.879069514144911,7076.536653645833,6406.361987304687,-2.771493853497309,-64.46163029272694,-9.160369160619819,18.184438987074625,3.437997928602954
2018-07-13,6238.0498046875,6310.5498046875,6192.240234375,6235.02978515625,3805400064,0.14833886419449716,-7.910238849740637,1.2262891637499829,2.851180475881202,2.6516396470561823,3.0436506956396543,1.879069514144911,7035.22431640625,6410.140478515625,-2.6846630647941017,-64.40891307874993,-9.02561868399422,18.184438987074625,0.9344393211294877
2018-07-14,6276.1201171875,6298.18994140625,6212.22021484375,6247.5,2923670016,0.6102918971790272,-6.906661961842254,1.6667147837401197,2.9959239726925357,2.6541205517180524,3.0371059865488594,1.879069514144911,6997.986653645833,6415.284985351563,-2.169270242582,-64.1917035591516,-8.470409406313884,17.995290344000338,-23.17049543204086
2018-07-15,6359.64013671875,6403.4599609375,6256.509765625,6272.7001953125,3285459968,1.3307587804530119,0.4690390996794358,1.7675912332562937,1.572331758336841,2.65643337097026,3.041590997152149,1.879069514144911,6964.500154622396,6420.8079833984375,-0.9526503025451327,-63.715181510134364,-7.252371342775721,17.995290344000338,12.374513882212357
2018-07-16,6741.75,6741.75,6357.009765625,6357.009765625,4725799936,6.008356684760452,5.426986386910682,10.635300015160464,3.1200465711103345,2.886551784401214,3.1281754906501362,1.7947905156099606,6941.95732421875,6453.211987304688,4.471230966268402,-61.53506019284533,-1.6797629963925753,17.995290344000338,43.83982705705578
2018-07-17,7321.0400390625,7387.240234375,6684.169921875,6739.64990234375,5961950208,8.59257669095561,17.535130629996097,18.903453043909813,3.754488246520275,3.4024689442732092,3.3194048607350877,1.7947905156099606,6926.45849609375,6511.407495117188,12.434063519330408,-58.22993074078564,0.0,26.585961262476964,26.157482092784058
2018-07-18,7370.77978515625,7534.990234375,7280.47021484375,7315.31982421875,6103410176,0.6794081964906162,18.158399114056056,24.855674967711572,3.6476850421079465,3.190649490260446,3.3210890503262513,1.5402742144357928,6911.851831054688,6584.774487304688,11.936707921690637,-57.94614146655874,0.0,29.117769513344484,2.372713006059368
2018-07-19,7466.85986328125,7494.4599609375,7295.4599609375,7378.2001953125,5111629824,1.3035266406750123,18.97254551952956,20.078801244876555,3.5241186242575977,3.037012273679004,3.29732731836672,1.5402742144357928,6894.411995442709,6647.202490234375,12.330862107045192,-57.397958217143554,0.0,22.791307151494,-16.24961002784814
2018-07-20,7354.1298828125,7594.669921875,7323.259765625,7467.39990234375,4936869888,-1.5097374603627811,15.637516034151822,14.836506602318856,4.151112051368974,3.045691827838221,3.2996873134026705,1.576835443417268,6876.664322916667,6694.708984375,9.849881450807562,-58.04113720081874,-1.5097374603627811,23.763856101204173,-3.418869167314731
2018-07-21,7419.2900390625,7437.64013671875,7262.41015625,7352.72021484375,3726609920,0.8860348850009636,10.049913435866053,16.183829849445928,3.8486951074545623,3.0362635320391553,3.2532959689397387,1.5755571716042216,6866.289493815104,6746.382495117187,9.974346168963022,-57.669367039068284,-0.6370793759325477,23.763856101204173,-24.51472279919239
2018-07-22,7418.490234375,7537.9501953125,7383.81982421875,7417.7998046875,3695460096,-0.010780070374505346,1.3310976964002297,12.160389303255513,1.102451105998897,2.968586604715885,3.1585541763644027,1.5755590155526888,6863.967333984375,6786.597998046875,9.310883545923577,-57.67393031109146,-0.6477907687019946,23.763856101204173,-0.8358756260703593
2018-07-23,7711.10986328125,7771.5,7409.10009765625,7414.7099609375,5132480000,3.944463356578143,4.617287289065097,18.094858142769542,2.0040935659554404,3.0223289392506505,3.1987125084915733,1.5493882316921823,6866.030167643229,6845.673999023437,12.642084101306473,-56.00439400193273,0.0,26.64550501663512,38.88608905709585
2018-07-24,8424.26953125,8424.26953125,7705.5,7716.509765625,7277689856,9.24846981320644,12.822119143776511,27.68785049966023,4.260707991952852,3.5557849869643148,3.4040229651462433,1.5493882316921823,6881.765657552083,6937.009985351562,21.439489766325657,-51.93547366206423,0.0,37.283133137928104,41.79675042084918
2018-07-25,8181.39013671875,8416.8701171875,8086.35986328125,8379.66015625,5845400064,-2.8830914494162863,11.248920906872462,23.22966480960926,4.61435527703496,3.6747933325671776,3.4193058172849455,1.678158129554868,6895.524161783854,7014.122485351562,16.641677612629845,-53.3212179111157,-2.8830914494162863,37.283133137928104,-19.680555510608443
2018-07-26,7951.580078125,8290.330078125,7878.7099609375,8176.85009765625,4899089920,-2.808936559110453,7.1744066650582194,19.151570811792908,5.149637059795681,3.776996603423592,3.441823002850738,1.7918484694433445,6905.246826171875,7078.0264892578125,12.34176772569251,-54.63239528655788,-5.611043798771497,37.283133137928104,-16.18897139013683
2018-07-27,8165.009765625,8262.66015625,7839.759765625,7950.39990234375,5195879936,2.6841166837664243,10.06295765937466,19.076752370381445,5.092957744065136,3.775403307649238,3.4283426851928485,1.7918484694433445,6922.397151692709,7143.43046875,14.300962280574447,-53.41467583941919,-3.0775340777413507,37.283133137928104,6.058064270026708
2018-07-28,8192.150390625,8222.849609375,8110.77001953125,8169.06005859375,3988750080,0.3324016232566285,6.2382787416162655,20.93734362504871,5.010258153773249,3.7447021278290764,3.378597483777315,1.7712628711184049,6934.389827473959,7214.343994140625,13.55364253878848,-53.259825465710044,-2.7553622277154077,37.283133137928104,-23.232443221721123
2018-07-29,8218.4599609375,8272.259765625,8141.18017578125,8205.8203125,4107190016,0.3211558511255985,-2.4430553836038316,21.903956108391732,2.37233317538746,3.7321973601899314,3.375564220546011,1.7680846061352722,6947.9221598307295,7288.1794921875,12.764236525008844,-53.10971666036686,-2.4430553836038316,37.283133137928104,2.969349636465557
2018-07-30,8180.47998046875,8235.5,7917.5,8221.580078125,5551400000,-0.4621301393359478,-0.0111247139519155,29.234507824826462,1.9698296779151736,3.356044582963634,3.374370952300379,1.1275167099060985,6959.360660807291,7380.705981445312,10.836009468931906,-53.32641079209933,-2.893895427691473,37.283133137928104,35.162969776755524
2018-07-31,7780.43994140625,8181.52978515625,7696.93017578125,8181.2001953125,5287530000,-4.890178082675012,-2.1522783526957245,21.669942639049644,2.7719023321372678,3.634556479000057,3.4371859402858354,1.5706641955336047,6963.343823242188,7449.99248046875,4.435540865360821,-55.608832421941855,-7.642556870425987,37.283133137928104,-4.753215405123035
2018-08-01,7624.91015625,7769.0400390625,7504.9501953125,7769.0400390625,4797620000,-1.9989844575310611,-6.614806655208671,22.41359239603209,2.200286649028773,3.6054898240335196,3.443886233588306,1.5265174272728266,6963.034822591146,7519.7974853515625,1.3978125222546822,-56.49620496234381,-9.488767803959263,36.04558628853462,-9.265384782686814
2018-08-02,7567.14990234375,7712.77001953125,7523.43994140625,7634.18994140625,4214110000,-0.7575204523413981,-7.629260431992224,21.306339950308107,2.0414946693126743,3.62340594841623,3.443160592178551,1.5358864924054203,6960.483154296875,7586.252490234375,-0.25180532700718183,-56.82575510729874,-10.174408899510478,35.60803126586987,-12.162488900746615
2018-08-03,7434.39013671875,7562.14013671875,7328.64990234375,7562.14013671875,4627150000,-1.7544223034868245,-9.54034974855933,18.45519202794197,1.75488582330785,3.676056088722481,3.4330876944735698,1.5851962649785754,6959.148486328125,7644.165991210937,-2.7442608485135245,-57.58321368905831,-11.750329104016345,34.64806812154715,9.801357819326029
2018-08-04,7032.85009765625,7497.490234375,6984.06982421875,7438.669921875,4268390000,-5.401116052267385,-14.02888199167428,10.58566123970721,2.056241634490599,3.934857543732697,3.4976579527609615,1.992849700555726,6949.133325195313,7677.826489257813,-8.400507519985778,-59.87419354335454,-16.51679624485246,32.51937375971223,-7.7533687042780075
2018-08-05,7068.47998046875,7102.77001953125,6940.7001953125,7031.080078125,3679110000,0.5066208196926381,-9.150638862316306,4.846367493139758,2.201368818703998,3.7216424029998407,3.4981964727158608,1.992849700555726,6939.374991861979,7694.16298828125,-8.131917776702412,-59.6709078537756,-16.093852953682465,26.033144425013035,-13.805673802065888
2018-08-06,6951.7998046875,7166.5498046875,6890.5400390625,7062.93994140625,3925900000,-1.650710988835713,-8.827780757662618,-5.043548900222694,2.202215439573179,3.1869506064381166,3.5037073283310405,2.0267442530911977,6927.267651367188,7675.7009765625,-9.431075729570605,-60.33662460953101,-17.478900943284682,22.258480227859945,6.70787228432963
2018-08-07,6753.1201171875,7146.56005859375,6748.240234375,6958.31982421875,4682800000,-2.857960428694062,-10.757415878653642,-8.379841563203838,2.150647763649478,3.2327587557461914,3.5209693275638747,2.125109210849469,6912.737654622396,7644.8179931640625,-11.664082477488824,-61.470188182875,-19.837321299649034,24.836538692523714,19.279655620367308
2018-08-08,6305.7998046875,6746.85009765625,6226.22021484375,6746.85009765625,5064430000,-6.623905761153514,-15.180671329812212,-15.549509162524068,2.8646213258977062,3.4901958282168786,3.6168565433272843,2.5903466051224475,6892.301318359375,7586.764990234375,-16.884208054364713,-64.02236660759115,-25.147221592376567,35.303109118529804,8.149611343640562
2018-08-09,6568.22998046875,6625.72998046875,6249.06982421875,6305.56005859375,4267040000,4.161727043509522,-6.606427134602766,-10.68651104708518,3.9996342527875717,3.6546771745836866,3.430295260168991,2.568254304913798,6888.671484375,7547.469995117188,-12.974414145163271,-62.525075709084554,-22.03205327056825,35.303109118529804,-15.744911075876256
2018-08-10,6184.7099609375,6591.259765625,6124.52001953125,6571.419921875,4528680000,-5.839016305331612,-12.502971246622142,-16.640137690061263,4.282652795498858,3.8257397583798336,3.5036404318281553,2.881082391290585,6876.634651692709,7485.740991210938,-17.380123514839585,-64.71324264884178,-26.584614393032034,37.549873367787036,6.131650980539205
2018-08-11,6295.72998046875,6455.740234375,6109.02978515625,6185.7900390625,4047850000,1.795072367701156,-9.437409629897154,-15.134619288217499,4.7207844461440445,3.8673497194618394,3.4599317504315428,2.881081382902748,6871.857486979166,7429.602978515625,-15.261555716041963,-64.07981981817339,-25.266755092360103,37.89864884468776,-10.617442610208716
2018-08-12,6322.68994140625,6409.85009765625,6237.5,6283.64990234375,5665250000,0.4282261313801161,-6.373797123580749,-18.00544858641394,4.77775334558769,3.7199797958977747,3.4293536568644942,2.881081382902748,6871.403987630209,7360.181982421875,-14.096010716765417,-63.92600022019599,-24.946727808837288,37.89864884468776,39.95701421742406
2018-08-13,6297.56982421875,6537.0498046875,6225.72021484375,6341.35986328125,4083980000,-0.39730110791915685,-0.13051445849314725,-25.244915290782355,3.7071947336326803,2.8571399932647115,3.364341782981787,2.8824507529924084,6865.107649739583,7253.846997070313,-13.183034784684377,-64.0693226209919,-23.372872117754152,37.77752627166513,-27.911742641542737
2018-08-14,6199.7099609375,6287.93994140625,5971.0498046875,6287.66015625,5301700000,-1.5539305797755087,-5.610644277485399,-24.22180268469666,2.9100746091078964,2.836327171009,3.343539030954952,2.8308384871764956,6860.826481119791,7154.76298828125,-13.348492869827089,-64.62766040430479,-24.563604490320056,38.84208555113335,29.81699224775831
2018-08-15,6308.52001953125,6588.490234375,6221.419921875,6221.419921875,4895450000,1.7550830487124358,2.001873319456071,-20.663315246159065,1.4349790973054457,2.8947809610441233,3.346036629023035,2.760279027711573,6856.799145507813,7072.6099853515625,-10.803507720669703,-64.00684646812775,-23.23963310017,38.53945346647356,-7.662636512816645
2018-08-16,6334.72998046875,6473.5,6276.41015625,6294.22998046875,4328420000,0.41546925200131035,0.6194674822616264,-22.416137122845793,1.217065516592268,2.780468980604139,3.3449300488483416,2.760279027711573,6854.056811523437,6981.09599609375,-9.258804290711254,-63.85730598237719,-22.920717377977805,38.53945346647356,-11.582796270005824
2018-08-17,6580.6298828125,6582.5,6324.97021484375,6340.91015625,4992990000,3.881774015655104,4.079591816088346,-19.67152006458164,2.0934334060520494,2.990359441348276,3.3498048550197494,2.760279027711573,6851.486979166667,6900.519970703125,-4.635738889949625,-62.45432827744337,-19.92867381370279,38.53945346647356,15.353639434250832
2018-08-18,6423.759765625,6617.35009765625,6353.72998046875,6583.43017578125,3984520000,-2.3838161388960444,2.0037878884797466,-21.837427009959832,2.5260686338495786,2.9864340766938495,3.3633549338945037,2.8112753831717394,6845.717309570313,6810.7849609375,-5.682534355911095,-63.3493480594226,-21.47453717921193,37.92382025577514,-20.197717199513722
2018-08-19,6506.06982421875,6537.97998046875,6361.5498046875,6422.56982421875,3311170000,1.2813377460690445,4.941519284152496,-20.468360783813743,2.277350852755004,3.0336061102901577,3.3675956410238297,2.8093755652712713,6841.209309895833,6727.064453125,-3.2851570019310383,-62.8797294219276,-16.379152423059107,37.01995549816783,-16.899149709375283
2018-08-20,6308.52978515625,6536.919921875,6297.93017578125,6500.509765625,3665100000,-3.0362422230262642,0.0001548005708063016,-18.918083904442618,2.818640229002137,2.9383373036085976,3.389152396272181,2.675413486654707,6834.189135742187,6653.4689453125,-5.184350644625257,-64.00679075052062,-17.264208287290273,30.111794293919793,10.688970967966016
2018-08-21,6488.759765625,6500.8701171875,6298.240234375,6301.06982421875,3377180000,2.8569252521058797,2.4315130341964863,-14.900508561320136,3.099249354565971,3.05007322628562,3.1686636940073822,2.637809769771384,6840.940299479166,6596.66142578125,-1.6357010492390245,-62.97849166642894,-14.250941908587588,29.169413617626063,-7.855720171345936
2018-08-22,6376.7099609375,6816.7900390625,6310.10986328125,6486.25,4668110000,-1.7268292976586608,-3.098790321084677,-15.731681766176441,2.543460707833844,3.057745216963375,3.1742707517750293,2.6605348129423523,6844.510799153646,6537.139428710938,-2.4541233902528714,-63.61778991876819,-14.226858643822382,26.64674360582595,38.22508720293263
2018-08-23,6534.8798828125,6546.5400390625,6371.33984375,6371.33984375,3426180000,2.4804314896540447,1.729829900895874,-12.099314635958269,2.62051653454955,3.1343637388038004,3.1890375272594382,2.631453136563446,6850.538297526042,6492.163916015625,0.6579619268622938,-62.715354123281216,-7.54900769515745,25.564021061910868,-26.604557304776456
2018-08-24,6719.9599609375,6719.9599609375,6498.64013671875,6551.52001953125,4097820000,2.8321879123101024,3.2875475132859266,-4.448980603511266,2.8379457826070285,3.0081005149688123,3.2049467332389097,2.3379356020700346,6858.384627278646,6476.5194091796875,3.7588176052211653,-61.65938288961317,-4.9306218662889645,20.021604895365087,19.603173213316282
2018-08-25,6763.18994140625,6789.6298828125,6700.9599609375,6719.9501953125,3312600000,0.6433071137334379,7.207069978805514,-4.319033793772653,1.9804854971683172,3.009906284204436,3.1863435982069963,2.3379356020700346,6869.543294270833,6461.254907226563,4.673009167955744,-61.412734972292746,-2.713108383156737,20.021604895365087,-19.161895837298857
2018-08-26,6707.259765625,6774.75,6620.75,6754.64013671875,3295500000,-0.8269792252739938,3.3673615281232916,-3.5176507657428524,1.9961604070709793,2.9942730648000664,3.187344089198853,2.3160084785995854,6878.712125651042,6449.027905273438,4.004198216298671,-61.7318436376733,-0.8269792252739938,19.68682714693537,-0.5162108313711333
2018-08-27,6884.64013671875,6884.64013671875,6689.7099609375,6710.7998046875,4019000000,2.6446026737003914,7.965395617688942,1.9475445016373438,1.5952958126876229,2.983758364449355,3.1516556404194978,2.226094872719065,6895.065462239583,6455.60390625,6.645950351033436,-60.71980295133936,0.0,15.300330124763772,21.954179942345633
2018-08-28,7096.27978515625,7109.56005859375,6882.33984375,6891.080078125,4659940000,3.074084399978072,8.590822056581281,12.535760806759777,1.7000682680224932,2.5886479191888094,3.1036893244946167,1.6618339284398946,6909.698461914062,6495.127905273437,9.25542789380227,-59.51229654158584,0.0,19.06717061734231,15.947748196068678
2018-08-29,7047.16015625,7113.2998046875,6970.81982421875,7091.7099609375,4145880000,-0.6921884479385465,4.8690795364032535,7.291617029327435,1.8255264993748965,2.4640856640060282,3.0853483480722868,1.669026137628453,6920.417797851563,6519.0744140625,8.10062454645939,-59.792547747760594,-0.6921884479385465,19.12980191696425,-11.031472508229722
2018-08-30,6978.22998046875,7072.68994140625,6834.68994140625,7043.759765625,4463250000,-0.9781269937524706,3.179565278005292,12.830351375296601,2.03028300334752,2.0174753214811725,3.088517218541364,1.062440256290156,6930.2913004557295,6558.750415039062,6.3957238633113755,-60.18582769173988,-1.6635449596341,19.12980191696425,7.6550696112767325
2018-08-31,7037.580078125,7057.169921875,6920.16015625,6973.97021484375,4495650000,0.8505036065358018,4.924817645991686,11.783384928478391,1.8576420623673653,1.9996110919631152,3.057830229172517,1.062440256290156,6937.347965494791,6595.842919921875,6.697205551528751,-59.84720672034576,-0.8271898629763186,19.12980191696425,0.7259284153923629
2018-09-01,7193.25,7242.2900390625,7038.0498046875,7044.81005859375,4116050000,2.2119808250405715,4.482585249958104,13.76882413437035,1.7686565415690343,2.032121861537698,3.063404112001908,1.062440256290156,6948.408968098958,6639.370922851563,8.342342724701247,-58.95903463228163,0.0,21.290062484105032,-8.443717816111128
2018-09-02,7272.72021484375,7306.31005859375,7132.16015625,7189.580078125,4329540000,1.1047887233691212,2.4863792723698985,15.484550673417473,1.3252991527738072,2.018443055324088,3.0637103262600447,1.0587194574901337,6959.661808268229,6688.128442382813,8.740737823699174,-58.505618674937246,0.0,22.362236082137855,5.186768868211034
2018-09-03,7260.06005859375,7317.93994140625,7208.14990234375,7279.02978515625,4087760000,-0.17407731737240084,3.021073703780286,17.103221027067317,1.225324546813672,1.9585388412274898,3.063592391202291,1.0008331643942008,6970.010473632812,6741.145947265625,7.697713643755311,-58.577850980808186,-0.17407731737240084,17.624915747541813,-5.58442698300512
2018-09-04,7361.66015625,7388.259765625,7255.43994140625,7263.0,4273640000,1.399438804035591,5.494662354987234,16.693933497210377,0.8673816751364136,1.951113731224108,3.067279655868062,1.0008331643942008,6981.479809570313,6793.802954101562,8.358458524405844,-57.99817335396816,0.0,17.714737910616442,4.547233692780406
2018-09-05,6792.830078125,7388.43017578125,6792.830078125,7361.4599609375,5800460000,-7.726926617796492,-3.4777579406983894,7.231564708656335,4.0552114478889925,2.7286065273196063,3.2148963656333787,1.9967315219608033,6980.411474609375,6816.707958984375,-0.3502846389055625,-61.243623677041136,-7.726926617796492,17.31521261054192,35.7264533278423
2018-09-06,6529.169921875,6755.14013671875,6404.72021484375,6755.14013671875,5523470000,-3.881447838641905,-9.231989408473218,-0.7819914180541399,3.8975387505943453,2.757142915028704,3.2507235709038578,2.17720431677801,6976.332975260417,6814.1349609375,-4.181969401781471,-62.74793220816455,-11.308457830238483,17.31521261054192,-4.775310923616405
2018-09-07,6467.06982421875,6555.2900390625,6396.8701171875,6528.919921875,4264680000,-0.9511178051622271,-11.07770362155076,0.6742166608644462,3.604576436774297,2.71022487610477,3.252461572115085,2.121631664959441,6971.754972330729,6816.300463867187,-5.123463108759485,-63.1022432577238,-12.152018879488057,17.31521261054192,-22.789840444503184
2018-09-08,6225.97998046875,6534.25,6197.52001953125,6460.169921875,3835060000,-3.727961044229555,-14.24340941781821,-4.305054377181284,3.4351559175898796,2.821500039553148,3.1908443702421168,2.2795187209415997,6970.022135416667,6802.295971679688,-8.4723745278115,-64.47777725527044,-15.426957393802876,19.215914631931664,-10.073909414070926
2018-09-09,6300.85986328125,6446.259765625,6201.22021484375,6223.3798828125,3671890000,1.2027003467310005,-14.409797117137192,-0.12158018010863803,3.3730507209392906,2.7541520741709373,3.191883391919064,2.176066923897069,6968.4579671223955,6801.9124755859375,-7.3663490099749485,-64.05055135915302,-14.409797117137192,19.215914631931664,-4.254692234280554
2018-09-10,6329.7001953125,6374.97998046875,6292.759765625,6301.56982421875,3714100000,0.45772057555697465,-6.817922390020037,-2.45130928032099,2.3452963716931063,2.67570963158896,3.1736961633516185,2.176066923897069,6970.139469401041,6793.959497070313,-6.833412856788601,-63.88600333592458,-14.01803314788136,19.215914631931664,1.1495442401596945
2018-09-11,6321.2001953125,6398.919921875,6260.2099609375,6331.8798828125,3849910000,-0.13428756082783933,-3.1852399164207457,-0.8705079259530679,1.9031641399866377,2.647962451024444,3.173796927087443,2.141745069695712,6971.525309244792,6791.184008789062,-6.920498883086001,-63.9344999411622,-14.133496233918875,19.215914631931664,3.6566059072184354
2018-09-12,6351.7998046875,6363.8701171875,6265.08984375,6317.009765625,4064230000,0.4840791057003857,-1.7824149524344302,-2.8015829121285307,1.9503796740232753,2.586063003357691,3.17347553381905,2.141745069695712,6972.786637369792,6782.030004882812,-6.343678808344433,-63.75991439101101,-13.71783443039184,19.215914631931664,5.566883381689447
2018-09-13,6517.31005859375,6535.41015625,6354.240234375,6354.240234375,4210910000,2.6057221416850407,4.679264614388723,-3.0156415145586424,1.0531831982048518,2.5729678350062133,3.186307754739548,2.141745069695712,6975.414469401042,6771.897509765625,-3.7594699388869834,-62.81559845613196,-11.469560937819201,19.215914631931664,3.609047716295577
2018-09-14,6512.7099609375,6596.10009765625,6456.169921875,6515.41015625,4076220000,-0.0705827652036306,3.3622410631733546,-3.7035774928519616,1.1204887165103887,2.5667552307310486,3.0901451443773893,2.141803221564269,6971.597135416667,6759.373510742187,-3.6492072736131864,-62.84184423496606,-11.532048169756203,19.215914631931664,-3.1985960279369507
2018-09-15,6543.2001953125,6561.72021484375,6493.5498046875,6509.39990234375,3216300000,0.4681650888474609,3.372987557263918,-2.4459999470023863,1.1200070887800422,2.565284026810843,2.8774489151388147,2.1338055928203357,6958.633138020833,6751.1705322265625,-3.0805078307727607,-62.6678827220146,-11.117872104468617,19.215914631931664,-21.096015426056493
2018-09-16,6517.18017578125,6544.330078125,6460.10009765625,6536.68017578125,3273730000,-0.39766503781880624,3.1003602862329727,-5.337388064449122,1.1722996947041133,2.483384561855117,2.8755704220993463,2.1356575526208585,6944.406477864583,6732.797534179687,-3.2024928316028434,-62.816339500306675,-11.471325251978548,19.215914631931664,1.7855921400366848
2018-09-17,6281.2001953125,6540.2099609375,6257.52001953125,6514.06005859375,3910780000,-3.6208908470212964,-1.1114898382486582,-11.486012594214579,2.2403565160599586,2.4637644158785696,2.903115638460186,2.283982422955274,6924.645483398437,6692.0435546875,-6.139281013603403,-64.16271925992754,-14.676851932918922,19.215914631931664,19.459454506022176
2018-09-18,6371.2998046875,6384.18017578125,6265.7099609375,6280.91015625,4180090000,1.4344330155602991,-2.240345366317509,-9.590534861948496,1.9101410059268462,2.504159192481149,2.9062763931028623,2.2787319864336095,6908.264982096354,6658.250537109375,-4.309701637428198,-63.64865747311291,-13.452948527129315,19.215914631931664,6.886350037588418
2018-09-19,6398.5400390625,6448.4599609375,6208.33984375,6371.85009765625,4431340000,0.4275459515334479,-1.7530324943038855,-8.30712004374654,1.9466903499767636,2.508933236994267,2.90398207677848,2.268211375776143,6891.2524820963545,6629.266040039062,-3.4804154725883163,-63.49323877981114,-13.082920112385487,19.215914631931664,6.0106361346286885
2018-09-20,6519.669921875,6529.259765625,6395.9501953125,6398.85009765625,4348110000,1.8930862676956428,-0.3596141449921819,-7.359208001907169,2.183991287617306,2.5468686590170337,2.916511896915173,2.268211375776143,6876.272143554687,6603.370532226562,-1.2675437481976304,-62.802134296371314,-11.437504808750997,19.215914631931664,-1.8782129107673962
2018-09-21,6734.9501953125,6794.330078125,6496.35986328125,6513.8701171875,6531940000,3.3020118505568075,3.3414761239916935,-6.371248110207484,2.620917150927777,2.6153170587140746,2.9022836285450673,2.268211375776143,6860.002815755209,6580.455541992187,2.347780519668108,-61.57385636268329,-8.513160722387159,19.215914631931664,50.2248103198861
2018-09-22,6721.97998046875,6814.56005859375,6616.7998046875,6735.0498046875,4509660000,-0.19258070910126435,7.017445256484467,-7.5726855716369945,1.3546472534002685,2.5947723036003416,2.6249135257837377,2.2686201118028118,6831.631323242187,6552.918530273438,2.579941279817155,-61.647857702580296,-8.689346726202318,19.215914631931664,-30.959867971842968
2018-09-23,6710.6298828125,6766.14990234375,6679.419921875,6715.31982421875,4197500000,-0.1688505126350992,5.325916037969947,-7.567846152056113,1.5165239132195503,2.5947922920288473,2.603664606923986,2.268600359436602,6807.11865234375,6525.447021484375,2.8378570957426907,-61.712615491456035,-8.843525232345584,19.215914631931664,-6.92202959868371
2018-09-24,6595.41015625,6713.56005859375,6580.89990234375,6704.77001953125,4177310000,-1.7169733478761051,3.076797456695224,-10.408657608969618,1.9721750331411176,2.577094979817193,2.5895787603431466,2.3008579844705155,6784.5158203125,6487.134521484375,1.6690826189442065,-62.36999967906658,-2.90629854721014,19.215914631931664,-0.48100059559261776
2018-09-25,6446.47021484375,6603.64013671875,6381.85986328125,6603.64013671875,4726180000,-2.2582362260686772,-1.1227517329619463,-5.098903686648004,2.1680876945813767,1.9963936963226854,2.572319662277215,1.6011431102489155,6755.8734944661455,6469.8165283203125,-0.3608496991277632,-63.21977397818366,-4.283327598614328,9.956241159656143,13.139316928836987
2018-09-26,6495.0,6585.91015625,6397.89013671875,6452.7900390625,4437300000,0.752811748738158,-3.5627612432754807,-0.5233425118944868,1.236040609838197,1.8122216206832984,2.5748090853107866,1.34550265450971,6727.587654622396,6468.1080322265625,0.4157625017926714,-62.942888115478965,-3.5627612432754807,9.956241159656143,-6.112335966890803
2018-09-27,6676.75,6712.10009765625,6464.9501953125,6495.2900390625,4606810000,2.798306389530403,-0.6728669320671732,3.2422748088479114,2.025034998066359,1.9015346343501514,2.6054793609064646,1.3285880246817838,6701.892488606771,6478.592041015625,3.058657772087625,-61.905916585838995,-0.8641518292593631,9.956241159656143,3.8201158362066945
2018-09-28,6644.1298828125,6785.02978515625,6598.31982421875,6678.75,5014430000,-0.4885628065675718,-0.9909650980800211,6.716210197519268,2.0320542913241053,1.676005301927773,2.6055074595061223,1.0402865676155046,6676.286653645833,6499.499536132813,2.225253588766951,-62.09203010890341,-1.348492711396898,9.890631561218544,8.848205157147792
2018-09-29,6601.9599609375,6643.10009765625,6511.64990234375,6643.10009765625,4363690000,-0.6346944237813346,0.09930852717769945,4.778714400727013,1.8796709254850699,1.6765222000666478,2.5357624727217556,1.0499228511372651,6656.645320638021,6514.554541015625,1.3416944991644586,-62.3326298799709,-1.9746283271338871,9.764610670500563,-12.97734737547438
2018-09-30,6625.56005859375,6643.77978515625,6566.5400390625,6604.7099609375,4002280000,0.3574710812529469,2.778107053649692,4.674152869046644,1.379759537221596,1.676008900439389,2.526307612350559,1.0499228511372651,6639.989485677083,6529.3475341796875,1.4735396440519022,-62.19797992472329,-1.6242159711126747,9.764610670500563,-8.28221069782684
2018-10-01,6589.6201171875,6653.2998046875,6549.080078125,6619.85009765625,4000970000,-0.5424438249508223,1.456814737297929,4.246344263452495,1.453445441837294,1.683301168438658,2.525658456615334,1.0564793424634074,6623.697322591146,6542.768530273437,0.7160819872700674,-62.403034648328294,-2.1578493368243357,9.764610670500563,-0.032731343134417834
2018-10-02,6556.10009765625,6611.83984375,6537.89990234375,6593.240234375,3979260000,-0.5086790882500303,-1.807015424326952,3.2164158073429983,0.40684278640264615,1.6897789107598478,2.517758006305759,1.0625847362883853,6609.059155273438,6552.983544921875,0.04755929437347817,-62.594282548888856,-2.6555518967420033,9.764610670500563,-0.5426184150343571
2018-10-03,6502.58984375,6571.4599609375,6454.02978515625,6553.85986328125,3887310000,-0.8161903129785819,-2.130302109665938,-0.22586335023818682,0.4555166055306331,1.6013076495356025,2.4243804389413905,1.0781440781004463,6600.221484375,6552.247534179687,-0.7578726257005508,-62.89958439122496,-3.450067852383254,9.764610670500563,-2.310731140965905
2018-10-04,6576.68994140625,6603.31005859375,6497.91015625,6497.91015625,3838410000,1.1395474639611658,-0.38276541634253425,0.9823864543714533,0.8090266855074355,1.621204682521063,2.428443501304434,1.0780285510160998,6592.024983723958,6555.446533203125,0.3240573787846257,-62.47680754603612,-2.3498355491388567,9.764610670500563,-1.257939294782251
2018-10-05,6622.47998046875,6623.6201171875,6557.41015625,6574.14990234375,3671500000,0.6962474963919218,-0.04648781533577173,1.2116362451059626,0.8663568352137816,1.6250144794957182,2.421781518556526,1.0780285510160998,6586.536319986979,6559.4105224609375,0.9615110655423642,-62.21555325800907,-1.6699487239271504,9.764610670500563,-4.3484150989602455
2018-10-06,6588.31005859375,6628.5400390625,6577.7998046875,6622.4501953125,3259740000,-0.5159686699812593,-0.01988063910289828,1.0914211498529447,0.8623323927703613,1.627031150055083,2.394501979610654,1.0805322142864653,6583.789485677084,6562.967016601562,0.38615220719653287,-62.410509165323504,-2.1773009816881905,9.764610670500563,-11.215034726950835
2018-10-07,6602.9501953125,6641.490234375,6557.0400390625,6590.68017578125,3306630000,0.22221383918707982,0.7146031475785186,5.122428675973634,0.8154334266718359,1.3761781462922942,2.23169738742125,0.7155468816287872,6588.7419921875,6579.054516601563,0.36320840100412255,-62.32698011460889,-1.9599254066031802,9.764610670500563,1.4384582819488623
2018-10-08,6652.22998046875,6675.06005859375,6576.0400390625,6600.18994140625,3979460000,0.7463298025666587,2.301239049585413,4.409307117749561,0.634155430972736,1.3536630003298602,2.1690605612536666,0.7155468816287872,6590.1419921875,6593.101025390625,0.8968307151735466,-62.04581513967735,-1.2282231114540854,9.764610670500563,20.347907083647087
2018-10-09,6642.64013671875,6661.41015625,6606.93994140625,6653.080078125,3580810000,-0.14415983479458827,1.0027870539750294,3.814934284478033,0.5422831515338425,1.3551877640559806,2.0271956467392194,0.7162726036273352,6597.774161783854,6605.3060302734375,0.5652138791783834,-62.10052982986962,-1.3706123418402938,6.780158207517051,-10.017690842476112
2018-10-10,6585.52978515625,6640.2900390625,6538.9599609375,6640.2900390625,3787650000,-0.8597538085317824,-0.5579510307539559,1.0101717429018109,0.6268521827413827,1.312890351300787,2.019407745144703,0.741623403939848,6602.604158528646,6608.5990234375,-0.34907910435230116,-62.42637196807069,-2.2185822585628956,6.780158207517051,5.7763466925081275
2018-10-11,6256.240234375,6586.740234375,6243.740234375,6586.740234375,5181640000,-5.000198336714945,-5.040288348081012,-7.107847082086516,2.3074303641904623,1.528189111441127,2.123177742027182,1.3416797097652151,6601.496663411458,6584.663525390625,-4.9877004306934865,-64.30512789196668,-6.928609538365094,9.142273746048769,36.80355893495968
2018-10-12,6274.580078125,6328.5,6236.47021484375,6239.25,3783500000,0.2931448132255543,-4.973081841819937,-6.65577558462992,2.317075705483126,1.534780313544313,2.1228320746537244,1.3409884701666062,6601.113500976562,6562.293530273438,-4.384342925551055,-64.20049022579448,-6.497896804058978,8.79599439129597,-26.98257694475108
2018-10-13,6285.990234375,6308.509765625,6259.81005859375,6278.080078125,3064030000,0.1818473285531752,-5.505518407647458,-6.327865727256121,2.2229884823694617,1.5387458398154439,2.1128734427792915,1.3404568446387666,6602.551505533854,6541.061547851563,-3.8995400304762784,-64.13538977363497,-5.8525445108024154,8.79599439129597,-19.015990485000657
2018-10-14,6290.93017578125,6363.2099609375,6280.14990234375,6288.490234375,3085320000,0.07858652689651802,-5.294731517869544,-4.616543524290384,2.2491564139601485,1.5046392468080285,2.100931074261121,1.2842992947413288,6602.2583414713545,6525.837548828125,-3.5996509457863923,-64.10720502207309,-5.778557295372,8.79599439129597,0.6948365388067312
2018-10-15,6596.5400390625,6965.06005859375,6258.68017578125,6292.64013671875,7370770000,4.857943972383971,0.1671885826265207,2.3279379135762834,3.489016468980641,1.8091406667911671,2.191526412355846,1.1808654181728877,6606.621842447917,6533.341040039062,0.9673304766447677,-62.363553151922744,-1.201332398809296,11.68272786769422,138.8980721610724
2018-10-16,6596.10986328125,6673.58984375,6571.3701171875,6601.41015625,4074800000,-0.006521233536105342,5.432490060705009,1.5567338457467272,2.11435760320221,1.8033560988667843,2.134285397656722,1.1808663184971324,6606.8798421223955,6538.396533203125,0.8826832356380709,-62.3660075125164,-1.207775290654134,11.68272786769422,-44.71676636226609
2018-10-17,6544.43017578125,6601.2099609375,6517.4501953125,6590.52001953125,4088420000,-0.7834873671174969,4.300687763903532,-1.9817998909461898,2.264166672282163,1.6951303979348082,2.1135507008606824,1.1937913908562945,6608.891015625,6531.780541992188,0.1936628719801492,-62.66086508939779,-1.6205062814124704,11.68272786769422,0.3342495337194551
2018-10-18,6476.7099609375,6567.5400390625,6450.0400390625,6542.330078125,3924080000,-1.0347763368972918,3.03404427069498,-2.5198171141731174,2.416291602909554,1.7063145308510723,2.111891424170601,1.2110909575480595,6608.401684570313,6523.4095458984375,-0.7158769449068236,-63.04724162185485,-2.6385140027717746,11.68272786769422,-4.01964573111373
2018-10-19,6465.41015625,6493.68017578125,6445.31005859375,6478.06982421875,3578870000,-0.1744682833668909,2.7735164052600902,-2.0683222178783045,2.4331200806033664,1.7020161782107954,2.0737920558222807,1.2033791655046921,6611.016357421875,6516.582055664063,-0.7852567339282635,-63.11171246505391,-2.808378916051635,11.68272786769422,-8.797221259505417
2018-10-20,6489.18994140625,6497.72021484375,6449.0,6460.919921875,3379130000,0.3678001021058641,-1.6273697577905755,-2.058242865229476,0.5740307678069363,1.7021608763458616,2.0415875769650422,1.2033791655046921,6611.023527018229,6509.7635498046875,-0.31604232997148873,-62.97603730583528,-2.450908034466537,11.68272786769422,-5.581091238295888
2018-10-21,6482.35009765625,6556.3798828125,6476.0,6490.08984375,3253610000,-0.10540366073054086,-1.724649346098217,-1.6278634826226268,0.5618336787222389,1.6988509037830648,2.0287523082775003,1.1974826292661516,6612.784195963542,6504.400048828125,-0.33900053819487797,-63.01506191786244,-2.5537283484076023,11.68272786769422,-3.714565583448992
2018-10-22,6487.16015625,6543.7998046875,6462.97998046875,6486.0498046875,3672860000,0.07420238835125215,-0.8750955849935904,-1.0515388779816726,0.5245931650804746,1.6958956017604672,2.003477360689935,1.1920683397578475,6611.9888671875,6500.953051757812,-0.21216728375054172,-62.98761821047527,-2.481420887482877,11.68272786769422,12.88568697539041
2018-10-23,6475.740234375,6506.009765625,6451.27001953125,6472.35986328125,3716150000,-0.17603884596555375,-0.014972517965894383,-0.41290639606935686,0.23091286791337703,1.6864730757058801,1.9689420615639337,1.1786721677665388,6607.918538411458,6499.610571289062,-0.3672579557228439,-63.05277438024191,-2.653091468754565,11.68272786769422,1.1786455241963978
2018-10-24,6495.83984375,6521.990234375,6468.85986328125,6478.89013671875,3424670000,0.31038319400622516,0.4706536285340457,-1.2293433075995397,0.24231320038068602,1.6668782845707153,1.9674456499771897,1.1786721677665388,6603.462703450521,6495.56806640625,0.004184042734545201,-62.93809640126662,-2.350943024788954,11.68272786769422,-7.843601576900827
2018-10-25,6476.2900390625,6504.64990234375,6447.02978515625,6484.64990234375,3230550000,-0.3009588468581126,-0.1987906419788743,-2.207480307036014,0.23806162026788033,1.6583177842262546,1.9650856619161376,1.1805917543514268,6599.613208007812,6488.258569335938,-0.18446444674695694,-63.04963747896103,-2.6448265006293825,11.68272786769422,-5.668283367448545
2018-10-26,6474.75,6498.2900390625,6449.60986328125,6468.43994140625,3306050000,-0.023779649354971344,-0.117242937233486,-1.7236599003962016,0.2351993787529444,1.655445477612899,1.9332566503008752,1.1749527567560496,6592.781705729167,6482.58056640625,-0.12079396971677037,-63.05842414560392,-2.6679772195164486,11.68272786769422,2.3370633483462466
2018-10-27,6480.3798828125,6507.41015625,6453.52978515625,6480.83984375,3393250000,0.0869513542993916,-0.10451836048733787,-1.8562961838938907,0.2365848459484296,1.6544482633294504,1.8885062951588678,1.1749527567560496,6582.516707356771,6476.45205078125,0.06064789796098591,-63.02630294509899,-2.5833457075418287,11.68272786769422,2.6375886632083567
2018-10-28,6486.39013671875,6502.27978515625,6447.91015625,6482.66015625,3445190000,0.09274539479067201,0.1644584550692274,-2.4929962469264155,0.2225837560364229,1.6436742513825375,1.887287905628386,1.1749527567560496,6573.170540364584,6468.16005859375,0.2818433365880946,-62.992011543796714,-2.3522273792357273,11.68272786769422,1.5306859205776124
2018-10-29,6332.6298828125,6503.60009765625,6306.990234375,6492.35009765625,4199910000,-2.370505792364075,-2.5125305559146938,-4.6669734853254425,1.056054659149187,1.7195140653639451,1.9064776794828073,1.288580522626282,6562.410538736979,6452.6595458984375,-1.860158005116408,-63.869288053788445,-4.000736062954402,11.68272786769422,21.906484112632384
2018-10-30,6334.27001953125,6364.990234375,6310.14013671875,6337.0400390625,3781100000,0.02589977227631657,-2.1929224706527917,-3.8153310944145757,1.0815064019474914,1.7136906907363174,1.9021580338559196,1.2741589118817076,6550.688704427083,6440.0965576171875,-1.643244587082604,-63.85993028167256,-3.9758724722077754,11.68272786769422,-9.97188034981702
2018-10-31,6317.60986328125,6349.16015625,6316.8798828125,6336.990234375,4191240000,-0.2630161991615365,-2.426968403702845,0.9809346605498481,1.0637602948264342,1.2866042055546498,1.87657287638427,0.6138734710461927,6536.094702148437,6443.1650390625,-1.9486568327841347,-63.95498451942003,-4.228431482709405,11.68272786769422,10.847107984448968
2018-11-01,6377.77978515625,6547.14013671875,6311.830078125,6318.14013671875,3789400000,0.9524159164166601,-1.5832420245666445,1.6447269099494566,1.236586733626467,1.3013465440369731,1.8748816167169624,0.6138734710461927,6521.179028320313,6448.325024414063,-1.0940087385595598,-63.61168605490815,-3.316287820748831,11.286403250735288,-9.587616075433525
2018-11-02,6388.43994140625,6396.85986328125,6327.3798828125,6378.919921875,4234870000,0.16714525444749828,-1.5100879417970003,1.629810152599398,1.2431124756071945,1.3012957795118825,1.8754821554291872,0.6138734710461927,6506.652026367187,6453.447509765625,-1.0073308609236054,-63.55086471497546,-3.154685584017547,11.286403250735288,11.75568691613449
2018-11-03,6361.259765625,6400.06982421875,6342.3701171875,6387.240234375,3658640000,-0.42545873531788514,0.4521009966207634,1.1179521609459897,0.5348200225752295,1.3063741220068634,1.863942909038404,0.62120157374818,6489.978686523437,6456.9639892578125,-1.4821861139698411,-63.70594074499344,-3.566722433946423,11.286403250735288,-13.6067931247004
2018-11-04,6376.1298828125,6388.6298828125,6294.56982421875,6365.47021484375,4390020000,0.23376057157507013,0.6608474718030388,-3.3412994531194395,0.5365319234724383,0.6648819259923464,1.5831208785041877,0.62120157374818,6483.033683268229,6445.9434814453125,-1.0830625312457598,-63.621099544631136,-3.334995702441501,6.021380811011845,19.990488268864937
2018-11-05,6419.66015625,6480.58984375,6363.6201171875,6363.6201171875,4174800000,0.6827068180471185,1.6153307212254386,-2.675057127436542,0.5286762528402928,0.6910210469250339,1.5057680012060999,0.6211998622849766,6481.208520507813,6437.12099609375,-0.27125231690294793,-63.37273831089176,-1.9065070018316033,4.871502664708438,-4.902483359984688
2018-11-06,6461.009765625,6463.5498046875,6408.16015625,6433.3798828125,4700040000,0.6441090083988854,1.3049992830179047,-1.274677976777272,0.4487159316865439,0.694038866377599,1.503075891102836,0.5959837633536995,6481.10751953125,6432.949975585938,0.4361885316309433,-63.136818818822384,-0.536190530598013,4.336598408893333,12.581201494682382
2018-11-07,6530.14013671875,6552.16015625,6468.31005859375,6468.5,4941260000,1.069962337180641,2.2180719645508384,0.8249585994046349,0.5676636319594691,0.6983015530486888,1.426543162626019,0.5492345062094238,6486.17685546875,6435.621484375,1.4686794829874783,-62.74239666389714,0.0,4.15930025251956,5.1322967464106695
2018-11-08,6453.72021484375,6536.919921875,6438.52978515625,6522.27001953125,4665260000,-1.1702646539741735,1.4534927455468472,-0.18080742170625275,0.8694060765541621,0.7483615761138784,1.4280522910516606,0.6071347064145853,6488.724527994792,6435.0369873046875,0.2903359774919956,-63.17840922665745,-1.1702646539741735,4.15930025251956,-5.5856198621404225
2018-11-09,6385.6201171875,6456.4599609375,6373.3701171875,6442.60009765625,4346820000,-1.055206847976109,0.14884004167765585,-1.5960362565116348,1.0610014225937479,0.7779755064129056,1.434075378396192,0.6513721104974548,6489.656526692708,6429.85849609375,-0.6880148129717822,-63.5669531740315,-2.213122789182098,4.15930025251956,-6.825771768347311
2018-11-10,6409.22021484375,6437.27978515625,6385.31005859375,6386.1298828125,3705320000,0.3695819234960096,-0.16262451831015046,-1.1281384329880684,1.0216708112183948,0.7843036345533421,1.4346032987072483,0.6509455658879154,6491.123527018229,6426.202001953125,-0.2642585325548952,-63.43230321878388,-1.8517201674596806,4.09226268394316,-14.75791498152672
2018-11-11,6411.27001953125,6423.25,6350.169921875,6413.6298828125,3939060000,0.03198212292272462,-0.7698447750130955,-1.1698514433258533,0.9554746544789625,0.7839978230448243,1.43338166215647,0.6509455658879154,6492.114697265625,6422.407495117188,-0.1734158973002775,-63.4206080930493,-1.8203302639570818,4.09226268394316,6.308227089698049
2018-11-12,6371.27001953125,6434.2099609375,6360.47021484375,6411.759765625,4295770000,-0.6239013468180898,-2.4328745457418144,-1.6132551810709383,0.6729587302925969,0.7939435495239081,1.3949768989811124,0.6645624805183976,6489.680696614583,6417.183984375,-0.7154846262090175,-63.648827411814636,-2.4328745457418144,4.09226268394316,9.055713799739017
2018-11-13,6359.490234375,6395.27001953125,6342.669921875,6373.18994140625,4503800000,-0.18488912132336166,-1.4600877839733184,-2.099029727560009,0.558294234803254,0.7888909616460992,1.395113834479023,0.6658471970895063,6487.127034505208,6410.36650390625,-0.7936561739527281,-63.71603677540366,-2.613265546694654,4.09226268394316,4.842670813381544
2018-11-14,5738.35009765625,6371.5498046875,5544.08984375,6351.240234375,7398940000,-9.767137204823372,-10.136369023723502,-11.394485684786805,4.337467137308219,2.302171530551915,1.8760312133052666,2.282251549980652,6473.712866210937,6373.469506835938,-9.96504978173165,-67.25994124689765,-12.12516152004598,18.18279178207085,64.28216173009457
2018-11-15,5648.02978515625,5774.81982421875,5358.3798828125,5736.14990234375,7032140000,-1.5739770310788437,-11.876490496060399,-12.768372753291635,4.151205339107318,2.3086754816882333,1.8842531484027947,2.309223689580788,6459.227026367187,6332.13349609375,-10.803684277337478,-67.7752622516332,-13.508291293818097,22.278754017919876,-4.957466880390971
2018-11-16,5575.5498046875,5657.02001953125,5498.93994140625,5645.31982421875,5279320000,-1.2832790057027754,-13.035174190103016,-13.962608589117176,3.9954514713756697,2.305864052719215,1.8363048963021127,2.326983948987397,6447.4661865234375,6286.8919921875,-11.314687581462513,-68.18879554580076,-14.61822123331813,22.278754017919876,-24.925840498056072
2018-11-17,5554.330078125,5578.580078125,5519.56005859375,5578.580078125,4303150000,-0.3805853647771196,-12.822246410871063,-14.369472679687567,4.0282032269635835,2.299477933384987,1.824146279907064,2.328539576610006,6433.850024414062,6240.288989257812,-10.992422182909145,-68.30986433431278,-14.943171787490506,22.278754017919876,-18.49044952759068
2018-11-18,5623.5400390625,5653.60986328125,5559.740234375,5559.740234375,4159680000,1.246054158899823,-11.572471506198134,-11.197399135461128,4.288479136977381,2.3071958347983235,1.8320503593121593,2.2674063760732275,6420.933357747396,6204.834497070313,-9.368411974280344,-67.91498808088949,-13.883317642120252,22.278754017919876,-3.3340692283559736
2018-11-19,4871.490234375,5620.77978515625,4842.91015625,5620.77978515625,7039560000,-13.37324531280254,-15.106430394257519,-23.09310750324627,5.861922679419111,3.6696446143242936,2.481662888443316,3.752774464856272,6393.463696289063,6131.6955078125,-20.552313333756555,-72.20579543347408,-25.399912829086457,35.29386143565214,69.23321024694206
2018-11-20,4451.8701171875,4951.60986328125,4272.10986328125,4863.93017578125,8428290000,-8.613793664749824,-21.178352690568513,-29.532367247583082,6.244797419672582,4.0122962425410895,2.6473762870335134,4.217787260278833,6355.412361653646,6038.408520507813,-26.274115074064074,-74.5999308655931,-31.825810411712453,53.3705912520126,19.727511378552066
2018-11-21,4602.169921875,4675.72998046875,4343.97998046875,4465.5400390625,6120120000,3.3761048892067214,-17.458007136698082,-27.84056400651891,7.12664725174652,4.12999581224898,2.697463908008655,4.217787260278833,6320.082194010417,5949.62802734375,-22.647770571134863,-73.74239788968448,-29.524178263845226,53.3705912520126,-27.38598220991446
2018-11-22,4365.93994140625,4629.64013671875,4365.64013671875,4611.56982421875,4569370000,-5.133013002103715,-21.395742060758483,-31.658746400530436,6.912102644872054,4.184942831511356,2.7596932825688376,4.371169236824252,6281.0040283203125,5848.50302734375,-25.349445473585476,-75.09020402004765,-33.14171135690148,53.3705912520126,-25.33855545316105
2018-11-23,4347.10986328125,4396.419921875,4195.68017578125,4360.7001953125,4871490000,-0.4312949417012546,-22.697983243914866,-31.662751979219916,6.597055935455138,4.184842399537479,2.756448978201506,4.371197834292409,6243.532356770834,5747.7955322265625,-24.369093526239606,-75.19763871009728,-33.4300677739272,56.16443298207221,6.611852399783769
2018-11-24,3880.760009765625,4413.08984375,3795.159912109375,4347.68994140625,4679500000,-10.727813839138145,-20.337313161759486,-39.1361204823226,5.798896545004396,4.60192683654193,3.042121434355666,4.986147811174759,6200.770520019531,5623.027038574219,-30.984503842086543,-77.8583898569885,-40.57156617598071,72.64516668569748,-3.941093997934919
2018-11-25,4009.969970703125,4120.8701171875,3585.06005859375,3880.780029296875,6825640000,3.329501453641903,-9.926168887504483,-37.53610201937043,6.035793984013245,4.729854831654504,3.082249368841003,4.986147811174759,6159.353352864583,5502.542529296875,-27.125143524960148,-77.12118462541721,-38.59289560793337,82.76291189442733,45.86259215728177
2018-11-26,3779.1298828125,4107.14013671875,3643.919921875,4015.070068359375,6476900000,-5.756653779882259,-17.883738606661005,-41.508680223346964,5.379642776476748,4.742920613919983,3.112997533928403,5.149623591288443,6111.059684244791,5368.44853515625,-29.604803733067588,-78.43823881547041,-42.12789000403553,82.76291189442733,-5.109264479228326
2018-11-27,3820.719970703125,3862.9599609375,3661.010009765625,3765.949951171875,5998720000,1.100520203864308,-12.48803185614853,-41.49099574112736,5.6905414352204975,4.744146992151334,3.123244758710976,5.149623591288443,6064.002852376302,5232.977526855469,-26.987648024565058,-78.2009472773257,-40.79817774071838,82.33780787591954,-7.382852908026994
2018-11-28,4257.419921875,4385.89990234375,3822.469970703125,3822.469970703125,7280280000,11.429781677810569,-2.0632085276664935,-34.03153870719703,8.530586809629526,5.678894907512182,3.503650394183698,5.1429706555586545,6024.927185058594,5123.162512207031,-16.898597072984,-75.7093631432932,-33.59474941930032,80.09349509949534,21.363890963405517
2018-11-29,4278.8466796875,4413.0205078125,4145.76513671875,4269.00439453125,6503347767,0.5032803483256965,10.257956403388025,-32.992464300051616,6.201405418151177,5.701758966176006,3.504422816863078,5.13755526387178,5985.815295410156,5017.823840332031,-14.72704471418097,-75.58711314151024,-33.26054484287122,79.5584921855198,-10.67173560632283
2018-11-30,4017.2685546875,4322.9765625,3942.822021484375,4289.0888671875,6048016717,-6.113285765572329,0.18201093867780127,-37.32047862260204,7.112398641879916,5.754572591279592,3.574260417687981,5.316303907031096,5942.942769368489,4898.226257324219,-17.985239071376924,-77.07954267879558,-37.34051845501251,79.47286393470733,-7.001487023506425
2018-12-01,4214.671875,4309.37744140625,3969.710693359375,4024.46435546875,5375314093,4.913869153262418,11.524927845649003,-34.26151351977921,6.434540052794866,5.952027664719665,3.6484172751275725,5.316303907031096,5903.918965657552,4788.396350097656,-11.98155777321891,-75.95326139670223,-33.84879526248545,79.47286393470733,-11.122697827688565
2018-12-02,4139.8779296875,4301.51953125,4110.978515625,4200.7333984375,5262697895,-1.7746089738599147,8.353346003675854,-35.02272047807383,6.699028725157348,5.9445675564076,3.6511827075562553,5.329266970033611,5864.5404337565105,4676.826745605469,-11.48104997523176,-76.37999697787698,-34.90236202722371,78.38669129687644,-2.0950626521835103
2018-12-03,3894.130859375,4155.9794921875,3840.4462890625,4147.32373046875,5089570994,-5.936094601974173,-8.53308034364636,-38.766619400938374,4.637432720028506,5.993048417959889,3.7052170530139166,5.491924816920876,5819.831115722656,4553.558776855469,-14.481594502132399,-77.78210270225937,-32.13849289248657,77.7250506421574,-3.289698638496519
2018-12-04,3956.893798828125,4075.627685546875,3832.75,3886.294921875,5028069239,1.6117316474361765,-7.524291122365911,-31.04474750600763,4.7918997507706855,5.777946189619335,3.713358954770602,5.038986975158712,5775.404679361979,4464.4859619140625,-11.369554466429932,-77.42400982011682,-29.942051487983445,61.08014175037111,-1.2083878007105753
2018-12-05,3753.994873046875,3969.535888671875,3753.994873046875,3958.894775390625,5302481574,-5.127732410744523,-6.553549459207231,-33.534435620136826,4.567644555780509,5.828954183568643,3.7551955846486487,5.155793007376358,5728.166092936198,4369.784216308593,-14.09198515943908,-78.58164618561719,-33.24498719719789,57.794288716887834,5.457608516436729
2018-12-06,3521.101806640625,3874.966064453125,3521.101806640625,3754.074462890625,5878333109,-6.203872788383058,-16.45608694886539,-36.8474512830941,3.354132096681464,5.906787761673978,3.8149247277597795,5.331441002516024,5676.801953125,4267.06181640625,-17.48181868135854,-79.9104136096273,-37.38638327135255,60.56365801803343,10.86003839831542
2018-12-07,3419.937255859375,3512.59033203125,3280.228759765625,3512.59033203125,6835615448,-2.873093603554966,-17.39038411411493,-38.427547377345306,3.2483078753323205,5.894815325968915,3.8159624179276004,5.3693346184657145,5622.930407714844,4160.342175292969,-17.796731332115844,-80.48760623118973,-39.18533108853774,72.3541337307586,16.284928418472177
2018-12-08,3476.11474609375,3506.04345703125,3350.650634765625,3421.910400390625,5305024497,1.6426468099122626,-10.73451633693534,-38.18636086970489,3.6861364739318474,5.907768505096907,3.8299314945957694,5.3693346184657145,5570.15498453776,4052.970910644531,-14.232921411692178,-80.16708651740886,-28.64370903250457,71.35328651767139,-22.391413950119563
2018-12-09,3614.234375,3685.3056640625,3469.09423828125,3473.2275390625,4947372847,3.9733909549867663,-8.659808457068197,-25.80844462138807,4.380908828209212,5.436859380800962,3.8833679857143726,4.459548153707346,5520.6333943684895,3990.108117675781,-9.420139294238616,-79.37904732698122,-21.466733381119894,50.95318729035978,-6.741753034359266
2018-12-10,3502.656005859375,3647.33251953125,3470.14453125,3612.04638671875,5020968740,-3.0871924054627797,-6.695237358795447,-21.32169372290218,4.0676777093816865,5.182219418508998,3.857053624971839,4.08096012204331,5474.740323893229,3942.647412109375,-11.159795950777095,-80.01565581183674,-23.891206423939792,42.54280182589567,1.487575229843996
2018-12-11,3424.588134765625,3513.18505859375,3392.25,3497.5546875,4696765188,-2.228819243544189,-2.7410077065360583,-25.587533861192348,3.1589178521924457,5.080001717443261,3.857718867838614,4.111279275204664,5427.240458170573,3883.7683227539064,-11.823058170027135,-80.46107072079862,-21.561263308111833,41.13772165845961,-6.456992042535603
2018-12-12,3486.9501953125,3534.228515625,3413.4814453125,3421.458251953125,4139364829,1.8210090700773618,1.9594786231329708,-20.13288679849845,2.974929930826338,5.044907594999302,3.8714970993104,3.947812831776489,5380.589790852865,3839.8188354492186,-9.189721058687306,-80.10526504642837,-19.786931893170312,34.53603900678315,-11.867750178870551
2018-12-13,3313.67724609375,3489.739501953125,3298.132080078125,3487.87939453125,4343372456,-4.969183369802089,-4.672961391235364,-23.77286633394291,3.683124940548565,5.119630682292584,3.904542535658174,4.100068847780258,5330.968908691406,3788.1472045898436,-12.525119349142777,-81.09387090720746,-22.556766013037887,34.53603900678315,4.928476600340748
2018-12-14,3242.48486328125,3329.555908203125,3206.542236328125,3311.751953125,4372763663,-2.1484404643338006,-10.285705716546122,-16.447168721544394,2.479792235091959,4.616031825164192,3.830892027209383,3.3596212419880422,5275.067989095052,3756.233447265625,-13.677227232997502,-81.50005783487619,-24.22058778890248,37.62552252752913,0.6766909192740034
2018-12-15,3236.76171875,3275.3779296875,3191.303466796875,3243.99755859375,3551763561,-0.176504895861207,-7.5912189682508675,-19.282145691917673,2.53768942391136,4.516671074213858,3.830130630524168,3.359853060556432,5219.078853352865,3717.573034667969,-12.933473301914889,-81.53271113852912,-24.354342161509912,38.282697140108326,-18.77531385807255
2018-12-16,3252.839111328125,3305.753173828125,3233.81982421875,3236.274658203125,3744248994,0.4967122690864523,-5.0151731150950285,-13.92624196056208,2.6433692883053905,4.382318107472527,3.8355154394828217,3.1034914936984745,5164.219002278646,3691.25849609375,-11.877233340054062,-81.44098184898655,-23.978600897994973,38.282697140108326,5.419432619715425
2018-12-17,3545.86474609375,3597.91796875,3253.123046875,3253.123046875,5409247918,9.008303968836117,1.6895724768437592,-7.193807102246064,5.238281982874656,4.877967404966995,4.050797507603678,3.1034914936984745,5115.37158203125,3677.515734863281,-3.579889204047837,-79.76912908031181,-17.130362185524305,38.282697140108326,44.46816775989231
2018-12-18,3696.05908203125,3701.349365234375,3487.169189453125,3544.761474609375,5911325473,4.235760433416402,11.539501512655214,-13.185470311712223,4.413633407541241,4.186711509946516,4.104152125633073,3.1034914936984745,5069.215730794271,3649.4476928710938,1.277217625319249,-78.9121978545601,-13.620202855663276,38.282697140108326,9.281836636277463
2018-12-19,3745.95068359375,3949.322998046875,3687.22998046875,3706.824951171875,6810689119,1.3498594166162725,15.527160234851944,-12.454197029856406,3.7651342108349115,4.202931208952872,4.111015300062158,3.1034914936984745,5023.4950764973955,3622.8028930664063,3.3992407029107996,-78.62754217154247,-11.121178713497127,35.46115584046885,15.214246789621821
2018-12-20,4134.44140625,4191.228515625,3728.974609375,3742.195068359375,8927129279,10.370951341077017,27.73388236458363,2.9167293639300818,4.445733775342088,4.652807506526754,4.357271523701994,2.7862243823643,4984.363264973958,3628.6615356445313,13.938469202408843,-76.41101496976094,-1.9035994053510974,35.035025225338124,31.075271870737687
2018-12-21,3896.543701171875,4198.4296875,3850.9462890625,4133.70361328125,7206015706,-5.754047081632285,19.789007934700066,-7.548112480953806,6.476261146189917,4.7006289948928615,4.405505060458959,3.068957347335309,4941.18632405599,3612.755126953125,7.855184319068087,-77.76833627448009,-5.877811680645206,34.78879636499921,-19.279586070840416
2018-12-22,4014.1826171875,4014.1826171875,3855.739013671875,3898.083740234375,5605823233,3.019058043163869,13.207437525914244,-3.0362081837878807,5.800477156552206,4.742886263907649,4.431782313047482,3.0431952532261497,4900.160363769532,3606.470361328125,11.305021669697846,-77.09714944264563,-2.9087070596938602,31.558459769856427,-22.206341732888813
2018-12-23,3998.980224609375,4085.7236328125,3976.40576171875,4020.99462890625,6151275490,-0.3787170148421448,8.19578734687456,2.6924972226332278,5.850843908107143,4.5381921459483605,4.430022812103094,2.73977147257675,4858.546036783854,3611.7128295898438,10.722541167912025,-77.18388643459019,-3.2764083059890425,31.558459769856427,9.73010090273747
2018-12-24,4078.59912109375,4271.79248046875,4000.331787109375,4000.331787109375,7240968501,1.9909800002112288,8.880214012344311,3.075779347468699,5.847689602478804,4.545060576952654,4.443448002515081,2.73977147257675,4818.584521484375,3617.798095703125,12.737057547183749,-76.72962217667741,-1.3506609398753033,33.85729451659971,17.71491152967366
2018-12-25,3815.49072265625,4089.5615234375,3760.0205078125,4081.030517578125,6158207293,-6.450950206818629,-7.714480681999625,1.6381442087442855,4.3724661627349946,4.636150674324653,4.504673724005618,2.8761786569471037,4774.263533528646,3620.8728881835937,5.374887229755432,-78.23078266299852,-7.714480681999625,33.85729451659971,-14.953264992804039
2018-12-26,3857.297607421875,3893.359619140625,3769.86376953125,3819.666748046875,5326547918,1.0957144913857908,-1.0072027098835479,9.548028408244292,3.739407631205405,4.387643181748298,4.509829889185797,2.5195241193439792,4730.545495605469,3637.6826782226562,6.037220632628704,-77.99225419397573,-6.70329487338166,33.85729451659971,-13.504894126336776
2018-12-27,3654.83349609375,3874.4169921875,3645.448486328125,3854.6884765625,5130222366,-5.248858966405945,-8.951987374842574,6.868437127959814,3.817809900772659,4.515406144906335,4.545304269419756,2.704217903142725,4683.352884928386,3649.427490234375,0.14813298452540646,-79.14740973301906,-11.60030734578148,33.85729451659971,-3.68579340733155
2018-12-28,3923.918701171875,3956.135986328125,3642.632080078125,3653.1318359375,5631554348,7.36244771111243,-1.8770166197766613,12.882312230381366,5.661772543836969,4.770321601621448,4.662240753563683,2.704217903142725,4643.207698567709,3671.8176879882812,6.865836885319743,-77.61214867820007,-5.091926197330543,33.85729451659971,9.772129670684926
2018-12-29,3820.40869140625,3963.7587890625,3820.40869140625,3932.49169921875,4991655917,-2.637924423222937,-6.330370355649507,5.704508756609061,5.581583083518907,4.761637618602117,4.6680232725715225,2.7678017867631777,4601.310009765625,3682.1264038085938,3.755500828396996,-78.20272327605267,-7.595529455781602,33.85729451659971,-11.362732053314106
2018-12-30,3865.95263671875,3901.908935546875,3797.21923828125,3822.384765625,4770578575,1.192122335365542,1.3225537088285666,10.37203283027619,4.76220958851734,4.693125616995095,4.674270242506041,2.6803337261229405,4560.449055989583,3700.2912353515626,4.476982778666283,-77.94287307172505,-6.493955123547712,33.85729451659971,-4.428937925129828
2018-12-31,3742.700439453125,3868.742919921875,3725.867431640625,3866.839111328125,4661840806,-3.188145558095512,-2.970918493513497,9.289067536562934,4.975685580263891,4.728302794652394,4.679925367083387,2.7283732749300724,4516.531066894531,3716.1968505859377,0.7131911987657169,-78.64608638413235,-9.475063939827121,33.85729451659971,-2.2793413270632445
2019-01-01,3843.52001953125,3850.913818359375,3707.231201171875,3746.71337890625,4324200990,2.693765683605087,5.162657167259921,10.225836454391747,4.304819674263533,4.744654282805341,4.699875806147156,2.7283732749300724,4474.115734863281,3734.025341796875,2.9323496150051254,-78.07086198704141,-7.036534277132733,33.85729451659971,-7.242628610686197
2019-01-02,3943.409423828125,3947.981201171875,3817.409423828125,3849.21630859375,5244856836,2.5989042281366226,0.4967157614766293,19.004028786349657,2.849033466161082,4.57650127158083,4.719411645979275,2.4918630699171187,4433.818229166666,3765.5119506835936,4.724390082263197,-77.50094469202872,-4.620502835838803,33.85729451659971,21.29077367423664
2019-01-03,3836.7412109375,3935.68505859375,3826.222900390625,3931.048583984375,4530215219,-2.704974336321264,0.42750712948562697,18.32718956951087,2.865439557591708,4.598111269021514,4.724982513519693,2.518816397791879,4391.495084635417,3795.2247680664063,1.0939126246334308,-78.10953836402408,-7.200493756241633,33.85729451659971,-13.625569569312068
2019-01-04,3857.717529296875,3865.9345703125,3783.853759765625,3832.0400390625,4847965467,0.5467222626216461,-0.21301625228561383,19.184477094800823,2.8191382949325767,4.591677046912146,4.7243250212669725,2.5185071663332845,4348.796040852864,3826.27255859375,0.8218173227753978,-77.98985833686955,-6.693138196004034,32.09741768778851,7.0140210263595515
2019-01-05,3845.194580078125,3904.903076171875,3836.900146484375,3851.973876953125,5137609824,-0.3246206888826486,2.7385077241174116,18.2104139945656,2.244596552031314,4.5998913746191565,4.721189028300259,2.5195529913964188,4305.19912109375,3855.89033203125,-0.2773873485009348,-78.06130781036045,-6.996031573566941,31.313584482219305,5.974554871968518
2019-01-06,4076.632568359375,4093.29736328125,3826.51318359375,3836.51904296875,5597027440,6.018888861446059,6.0650796052456935,14.968642637887907,3.2853860813453433,4.366527561913905,4.7961652248078215,2.5195529913964188,4264.30732828776,3882.4287231445314,5.002122616112059,-76.74084230981128,-1.3982260772455457,22.500293171570295,8.942244190165272
2019-01-07,4025.248291015625,4092.613525390625,4020.89404296875,4078.5849609375,5228625637,-1.260458883210791,2.0753327486866313,8.906492068396865,3.3354653940123526,4.310807784785558,4.7963394865381614,2.535268251343019,4223.832796223958,3898.88818359375,3.2409266814470206,-77.03401442907727,-2.6410608956583315,17.272136920760083,-6.582097496381046
2019-01-08,4030.847900390625,4109.02099609375,3996.955322265625,4028.47216796875,5306593305,0.13911214837352137,5.059155121012071,7.605471637537775,2.872162313176445,4.306959444430892,4.797189315663953,2.535268251343019,4184.586592610677,3913.1330444335936,3.008199686041335,-77.00206595315441,-2.505622783836614,17.272136920760083,1.4911694470582715
2019-01-09,4035.29638671875,4068.403564453125,4022.662841796875,4031.552001953125,5115905225,0.11036105648376537,4.60321047545027,-2.398026959128585,2.8968113108577644,3.61980110532544,4.796372657779727,2.535268251343019,4145.02119547526,3908.1757934570314,3.2526836043184293,-76.97668519017088,-1.0617060684156576,17.272136920760083,-3.5934180186811937
2019-01-10,3678.924560546875,4064.066650390625,3659.174560546875,4034.411376953125,6874143796,-8.831366819666354,-4.324098977791435,-5.584927497657777,5.313110589447137,3.9269876859118904,4.910037042929886,2.9447893321188583,4099.482104492187,3897.2948364257813,-5.603124347635302,-79.00995857507345,-9.799309730633565,17.272136920760083,34.36808333367824
2019-01-11,3687.365478515625,3713.8818359375,3653.06982421875,3674.015380859375,5538712865,0.22943982214995717,-9.5487411071832,-8.141561304972623,3.9110213775173355,3.855033915967516,4.9117958111605775,2.9447893321188583,4054.750362141927,3880.9539794921875,-4.988167909218366,-78.9617990613589,-9.592353427301493,17.272136920760083,-19.426869303738957
2019-01-12,3661.301025390625,3698.978271484375,3653.810791015625,3686.97314453125,4778170883,-0.7068584135981104,-9.04161033835682,-8.444132760164747,3.942164239820928,3.855850115896189,4.911172985919233,2.947811955084348,4009.7805419921874,3864.07001953125,-5.247549685065566,-79.11050935476337,-10.231407483636657,17.272136920760083,-13.73138490001864
2019-01-13,3552.953125,3674.760009765625,3544.92724609375,3658.8681640625,4681302466,-2.9592732102399433,-11.855936696205106,-12.887905393182852,3.799766007013658,3.855282843937972,4.777211940579277,3.021168684330684,3973.3572591145835,3837.7877197265625,-7.4218434037528365,-79.72868645518344,-12.84588283535516,15.912703162570963,-2.0273116925274226
2019-01-14,3706.05224609375,3727.836181640625,3552.28515625,3557.31103515625,5651384490,4.309066731460187,-8.159106768678292,-2.8682674003807196,4.827048140445329,3.747476735877172,4.818797906481987,2.6545663093314755,3940.990966796875,3832.3157958984375,-3.294706295859595,-78.85518202719376,-9.090353767515612,15.912703162570963,20.72248121213367
2019-01-15,3630.67529296875,3720.1533203125,3619.94921875,3704.21630859375,5537192302,-2.033888032864317,-1.3115046743701786,-5.875157623748761,2.817113925207021,3.761189410159385,4.8216163333005415,2.6932428997677067,3908.5763916015626,3820.9846801757812,-4.980637273800226,-79.2852439495136,-10.939354182957405,15.912703162570963,-2.0206055383784394
2019-01-16,3655.0068359375,3685.777099609375,3624.67333984375,3631.509765625,5394457145,0.6701657682214313,-0.8775545241355154,0.00474275624142706,2.8419587746778907,3.5741066581111474,4.824323094909766,2.4240526592234253,3876.921004231771,3820.9933471679688,-4.344067004290764,-79.14642074549268,-10.34250022173464,15.912703162570963,-2.577753294723839
2019-01-17,3678.56396484375,3680.135986328125,3621.9609375,3651.87109375,5464420383,0.6445166852939055,0.4714974085279655,-6.252798669219373,2.8393243141318396,3.141284474810096,4.821089043352964,2.4240526592234253,3844.504736328125,3808.7256103515624,-3.417459245529575,-79.01201594771638,-9.764642676046375,15.912703162570963,1.2969467755406638
2019-01-18,3657.83935546875,3682.52001953125,3637.080810546875,3677.990478515625,5002961727,-0.5633885824214646,2.9520859628214158,-4.255286516942247,2.348125848028051,3.0930236750089914,4.519585915354231,2.3545635192741137,3824.2772216796875,3800.5971435546876,-3.7561936373087024,-79.13025985354739,-10.27301837651674,15.912703162570963,-8.444786887839262
2019-01-19,3728.568359375,3758.533447265625,3652.3779296875,3652.3779296875,5955691380,1.9336279435154813,0.6075498073450536,-3.5536978916626327,1.4977298793923908,3.1145919022044497,4.397209860968263,2.3545635192741137,3812.2221923828124,3793.7279296875,-1.7175604450334725,-78.7267167263365,-8.538032386972072,15.912703162570963,19.043312841237725
2019-01-20,3601.013671875,3743.387939453125,3583.01953125,3725.446044921875,5582489560,-3.4210097604695955,-0.8169725657150684,-3.7856828210068527,2.0319811958827914,3.1270208253178517,4.391064295603473,2.3708481921830646,3795.5362548828125,3786.643591308594,-4.902228450009572,-79.45447782350088,-11.666955226131304,15.912703162570963,-6.266305558633567
2019-01-21,3576.032470703125,3608.8408203125,3558.537109375,3600.372802734375,5004347059,-0.6937269182559769,-2.1607173058574625,-6.959442060113097,1.9858440625758895,3.0560713001970403,4.345645954811861,2.375917507455457,3782.371130371094,3773.2692138671873,-5.227210993564812,-79.59700764133551,-12.279745335442737,15.912703162570963,-10.356356152325697
2019-01-22,3604.5771484375,3620.74658203125,3539.721435546875,3575.081298828125,5313623556,0.7982219951364833,-2.0112961773492644,-8.592368658025329,2.0075139703385045,2.991552930996049,4.347624712156369,2.375917507455457,3769.9955851236978,3756.327600097656,-4.0398620092723325,-79.43414646866263,-11.579542968520506,16.083174083412576,6.180156838718576
2019-01-23,3585.123046875,3623.06787109375,3565.31396484375,3605.55712890625,5433755649,-0.5397055122244532,-1.9879579589801688,-6.55812185990563,2.0070282784511915,2.9427172662417354,4.12340711045149,2.300805032205422,3765.0683024088544,3743.746691894531,-4.2370293204655685,-79.54514151380727,-12.056753049053448,16.083174083412576,2.260831836014243
2019-01-24,3600.865478515625,3616.08740234375,3569.0927734375,3584.500244140625,5262869046,0.43910436084884097,-3.424984298283895,-6.658135253051178,1.6560858768184077,2.9411918392285594,4.100083030829184,2.300805032205422,3758.249894205729,3730.904089355469,-3.4854450215124344,-79.45532333818895,-11.670590416619774,16.083174083412576,-3.1449077588067254
2019-01-25,3599.765869140625,3612.927734375,3575.597412109375,3607.390380859375,5265847539,-0.03053736335224544,-0.03465143007149729,-6.382738397922982,0.6331075394984408,2.941808322933062,4.032202771437224,2.29966986612585,3755.2604939778644,3718.6326538085937,-3.1965186060049833,-79.4615971407507,-11.697563889371153,16.083174083412576,0.056594472975990406
2019-01-26,3602.46044921875,3654.93310546875,3593.345947265625,3599.71533203125,5098183235,0.07485431486600191,0.7390307199987012,-11.631465705810562,0.5044042014507989,2.5446128142168467,4.029622956418398,2.29966986612585,3751.622835286458,3694.9240478515626,-2.5024492367191176,-79.446223260006,-10.726248979494546,16.083174083412576,-3.183994651539801
2019-01-27,3583.9658203125,3612.67138671875,3567.245849609375,3604.687255859375,5570752966,-0.5133888120898322,-0.5718098760609025,-10.962863376355436,0.41511835147533166,2.5396476548571587,3.7389954860946983,2.2852181661655386,3740.3986002604165,3672.8599243164062,-2.42029660361881,-79.55174405025105,-11.184570429366747,16.083174083412576,9.26937517184001
2019-01-28,3470.450439453125,3586.7509765625,3439.23291015625,3584.283203125,6908930483,-3.167312037855241,-3.198568247799205,-13.902719099948978,1.45346677533098,2.599529434105617,3.7569777920257494,2.392449653436854,3726.925329589844,3644.840051269531,-4.784561444765312,-80.1994041224789,-13.997632221630251,18.29392398633132,24.021483723426694
2019-01-29,3448.116943359375,3476.0654296875,3400.81982421875,3468.8701171875,5897159493,-0.6435330653293936,-4.241995044458513,-14.55108589525025,1.327833411931944,2.5924248749539687,3.6785600597985635,2.3967732651501965,3717.4394694010416,3615.4810791015625,-4.62909726480375,-80.32682750408298,-7.5216916785357135,19.50255704370456,-14.64439383909777
2019-01-30,3486.181640625,3495.1748046875,3429.387939453125,3443.89697265625,5955112627,1.103927096757329,-3.1553226694363112,-5.239110417997361,1.5775814033321836,1.790187865351646,3.621437216178405,1.358259949112667,3705.2979654947917,3605.8439331054688,-3.3185654925839136,-80.10965002210875,-6.500798574352274,10.518452653664202,0.9827296356625714
2019-01-31,3457.792724609375,3504.804931640625,3447.915771484375,3485.4091796875,5831198271,-0.8143269325041613,-4.01580327247586,-6.225928925240853,1.527718716802503,1.7905825929806445,3.616711229486075,1.3704110722748946,3693.9298787434896,3594.3652954101562,-3.7996296863643253,-80.27162249894805,-7.262187753237647,10.518452653664202,-2.0808062544137695
2019-02-01,3487.9453125,3501.9541015625,3431.591552734375,3460.547119140625,5422926707,0.8720183739189036,-2.679169183709673,-4.734811797457428,1.709131322131969,1.806696602487207,3.5408373312306303,1.3612656119104398,3687.160119628906,3585.697509765625,-2.7261696503789734,-80.0995874222628,-6.453496990875451,10.518452653664202,-7.001503722321301
2019-02-02,3521.060791015625,3523.287353515625,3467.57470703125,3484.6259765625,5071623601,0.9494265405179059,1.4583222681167296,-0.8976288980557579,0.93901899508869,1.7040439468379516,3.536369974201168,1.189613033522966,3679.8962361653644,3584.102893066406,-1.758936725079474,-79.91064762357719,-5.565341663580448,10.518452653664202,-6.478109054037784
2019-02-03,3464.013427734375,3521.38818359375,3447.92431640625,3516.1396484375,5043937584,-1.620175471744556,0.4610192936064683,-6.530906805603953,1.236970912480051,1.39735770965815,3.480963708803831,1.2435544207994471,3675.0632120768228,3572.0009521484376,-3.0231661710255597,-80.23613038321233,-7.095348834772897,10.518452653664202,-0.5459004685312463
2019-02-04,3459.154052734375,3476.223876953125,3442.5869140625,3467.211669921875,5332718886,-0.14028164443861124,-0.7752776727313448,-4.72422418403945,1.1018278769916994,1.3385879726645906,3.386749838978098,1.1578326813347144,3674.0307495117186,3563.4248901367187,-2.926141019303008,-80.26385546451547,-7.2256770071874366,10.518452653664202,5.7253147405322835
2019-02-05,3466.357421875,3478.148193359375,3451.93701171875,3454.950927734375,5227549545,0.20824077305636735,0.24769261629447037,-5.16139702414844,1.041074170525611,1.3261099299191084,3.36533304866342,1.1578326813347144,3674.8044189453126,3553.9924194335936,-2.4658183590768656,-80.22275676456324,-7.032483039789383,10.518452653664202,-1.9721523532039376
2019-02-06,3413.767822265625,3469.091796875,3398.5654296875,3469.091796875,5482196038,-1.5171430181290635,-2.1266815729174326,-7.1983563452694295,1.1171752748541164,1.336884650625677,3.3651518110737153,1.2065084603265832,3673.765303548177,3540.7526123046873,-3.5863784890751704,-80.52280582948808,-8.442933232479167,10.59176364338008,4.87124016344449
2019-02-07,3399.4716796875,3427.945556640625,3394.218505859375,3414.929443359375,5004962683,-0.41877899501193694,-3.453195458549685,-7.063395919642302,0.8263910491105231,1.3361418142878319,3.3253430221688896,1.203561848195862,3670.185925292969,3527.834228515625,-3.6385652078140596,-80.60437222749187,-8.8263549965506,10.733396826908459,-8.705149390719402
2019-02-08,3666.7802734375,3695.614013671875,3391.023681640625,3401.37646484375,7735623101,7.863239318839477,5.853523663611893,-1.657153094220254,3.7809392557941273,2.2300326043583647,3.4537444479779467,1.203561848195862,3672.9213297526044,3524.74482421875,4.029666154633804,-79.07924759834826,0.0,10.391088087064638,54.55905649956272
2019-02-09,3671.20361328125,3679.94140625,3646.559326171875,3671.5859375,6158833645,0.12063280354683847,6.130098784679894,1.9491717555657928,3.759573213516394,2.0850444727185597,3.439788071176013,0.9291909025443735,3677.0315877278645,3528.2543212890623,4.051558617235984,-79.05401030820306,0.0,8.982253166804345,-20.383483468786956
2019-02-10,3690.188232421875,3695.0361328125,3640.97998046875,3673.201416015625,6282256903,0.5171224791767015,6.457234015579449,3.1922462296966936,3.7406404425905326,2.0778459239884284,3.4333158740979193,0.9161511237320952,3680.4188883463544,3533.962109375,4.420707359380938,-78.94569388702074,0.0,8.982253166804345,2.004003762955997
2019-02-11,3648.4306640625,3695.613037109375,3642.287841796875,3695.613037109375,6277056434,-1.1315836951756086,6.87401293861678,1.2166063818056738,3.671038723218162,2.092241391753549,3.371488766726768,0.9504509269157168,3685.998111979167,3536.15478515625,3.1750838333647557,-79.18394098212758,-1.1315836951756086,8.982253166804345,-0.08278026639624292
2019-02-12,3653.528564453125,3668.5869140625,3618.556884765625,3642.751953125,6480384532,0.13972858086190865,7.473422599272239,1.908038209113938,3.610230985851467,2.0871493545267934,3.3572044980397933,0.942758114512239,3692.848840332031,3539.575061035156,3.219411976098696,-79.15485499827054,-0.9934362601522473,8.982253166804345,3.2392268595621276
2019-02-13,3632.070556640625,3669.74658203125,3617.246337890625,3653.60400390625,6438903823,-0.5873228423961097,-0.9465993107990567,0.8665993859304999,0.6613747912945522,2.0913643547937166,3.3585157665668777,0.9518614754987641,3699.437320963542,3541.1353149414062,2.567968564079659,-79.27728329639628,-1.5749244244678384,8.982253166804345,-0.6400964139576804
2019-02-14,3616.880859375,3646.256591796875,3607.69775390625,3631.170166015625,6271044418,-0.41821041273146786,-1.4796987481088597,0.475447316757327,0.6420732129804282,2.0940740757540866,3.359439722558997,0.9564196983942302,3705.5046834309896,3541.991064453125,2.1143417235988338,-79.36394785545158,-1.9865483392635275,8.982253166804345,-2.606956239979852
2019-02-15,3620.810791015625,3647.795166015625,3608.20654296875,3617.368408203125,6091952231,0.10865526937218206,-1.8800515593405787,0.5093835742417285,0.528724226066235,2.094114048816768,3.155655940512297,0.9564196983942302,3706.7537841796875,3542.908581542969,2.198820762084952,-79.34152569740614,-1.8800515593405787,8.982253166804345,-2.8558590094808656
2019-02-16,3629.78759765625,3652.84130859375,3615.270263671875,3615.270263671875,5934744052,0.24792255543701902,-0.5109886447860035,1.278521605425209,0.3744266653973594,2.090335236855545,3.1083591681044984,0.9495052584675663,3705.6492594401043,3545.199670410156,2.385984855863077,-79.29030868000085,-1.6367900757730203,8.982253166804345,-2.5805878483422418
2019-02-17,3673.836181640625,3680.537353515625,3619.18212890625,3633.359375,7039512503,1.213530621263259,0.5558357305614603,5.860499832394939,0.7074650470291155,1.95702706904192,3.1074180249715226,0.6324294099742862,3704.4473510742187,3555.3689575195312,3.3320655475302496,-79.03899023426357,-0.4431224032850567,8.982253166804345,18.61526699921785
2019-02-18,3915.71435546875,3936.6650390625,3669.982421875,3671.369873046875,9908216640,6.583804009467542,7.80942425001987,13.560949926884213,2.8765902599769024,2.3920371567403342,2.9267002866509935,0.6158410657725023,3700.8019002278647,3578.748828125,9.415735597189002,-77.65895843288213,0.0,16.090756321639322,40.75146021514211
2019-02-19,3947.094482421875,4010.87939453125,3908.153076171875,3911.66162109375,9933626655,0.8013895832135631,9.129789890395678,13.221136742440166,2.7154714925728736,2.3900646313140768,2.8308849403313907,0.6158410657725023,3701.644413248698,3601.794470214844,9.58688828756058,-77.47991965298182,0.0,18.279309467715965,0.25645397071172304
2019-02-20,3999.820556640625,4000.486328125,3926.246826171875,3946.68505859375,8693373948,1.3358199164869689,10.467538556984056,15.675544348670666,2.577339323261573,2.3690489246603303,2.8093305587021624,0.5883058733700776,3701.4050455729166,3628.895861816406,10.221420204617182,-77.17909193449749,0.0,18.279309467715965,-12.485396825093387
2019-02-21,3954.1181640625,4010.009521484375,3940.108154296875,4000.2568359375,7775128102,-1.1426110729454764,8.935249175893102,13.36525690044057,2.8762699196940003,2.406410399411947,2.812955642409932,0.6413905236613731,3700.657344563802,3652.2045043945313,8.26661429568607,-77.43984615700063,-1.1426110729454764,18.279309467715965,-10.562594586319985
2019-02-22,4005.526611328125,4006.538330078125,3950.81640625,3952.406494140625,7826525254,1.300124202985553,9.02844910029106,13.759087078208587,2.8724271661361636,2.4099387181973166,2.8061570327657415,0.6413905236613731,3699.4394694010416,3676.4277954101562,8.951591986352426,-77.14653613665702,0.0,18.279309467715965,0.6610457258804381
2019-02-23,4142.52685546875,4166.2861328125,3968.726806640625,3998.916259765625,8922258316,3.420280463327119,5.792365821659851,19.5874941563998,1.627005646704663,2.4210133394128244,2.7087038138843846,0.5292762755692679,3704.890071614583,3710.353466796875,11.647768670540358,-76.36488357694557,0.0,22.862195135033446,14.000249490538463
2019-02-24,3810.427490234375,4210.6416015625,3793.708984375,4145.4580078125,10794227451,-8.016830712779921,-3.4624707565561796,10.154894293369999,4.439093364077047,3.1379502804788237,2.9044866412255326,1.8688574484857656,3704.1089029947916,3727.917138671875,2.213309697969734,-78.25967084935029,-8.016830712779921,24.170221056236695,20.980889240149626
2019-02-25,3882.6962890625,3913.707275390625,3807.00244140625,3807.00244140625,9318796067,1.8966060635805304,-2.928238052671428,12.010846445324063,4.507441057797472,3.1514802910733266,2.830282467804513,1.8688574484857656,3707.9066162109375,3748.73408203125,3.5735318670206295,-77.84734244843669,-6.272272346604946,24.170221056236695,-13.668707563349635
2019-02-26,3854.35791015625,3891.578857421875,3837.986328125,3878.697265625,7931218996,-0.7298633937987575,-2.5229456927446825,12.906269870404286,4.496691031898047,3.1282673574463455,2.6684768263807617,1.8450412040299289,3706.7472696940104,3770.7635864257813,2.216907048519201,-78.00902658665916,-6.956356720586476,24.170221056236695,-14.890089460308397
2019-02-27,3851.04736328125,3888.802490234375,3787.058837890625,3857.479736328125,8301309684,-0.08589100836423613,-3.856652646121206,13.283701884972366,4.405481194266461,3.1231338201033316,2.645872895080149,1.8427634453453166,3707.2579142252603,3793.3423706054687,1.5212176238806219,-78.02791485547299,-7.036272844017988,24.170221056236695,4.6662522896751435
2019-02-28,3854.785400390625,3906.058349609375,3845.8212890625,3848.261962890625,8399767798,0.09706546704713048,-6.946037168069619,5.127253692157452,3.8425916052468407,2.6250173061310047,2.6416200212336225,1.8427634453453166,3707.0717936197916,3802.742626953125,1.3685589203074278,-78.00658754840745,-6.946037168069619,16.712704023041013,1.186055185843382
2019-03-01,3859.583740234375,3907.79541015625,3851.6923828125,3853.757080078125,7661247975,0.12447748305945971,1.2900455428158875,5.131290628273111,0.9776070789422883,2.625004890707947,2.6076253471824278,1.8427634453453166,3709.0198486328127,3812.1616333007814,1.2439689471543502,-77.97921070214883,-6.830205937249345,16.712704023041013,-8.792145696882747
2019-03-02,3864.4150390625,3874.607421875,3832.1279296875,3855.318115234375,7578786076,0.12517668104363722,-0.47083904171175694,4.72135283262447,0.36628700011076604,2.6246336459368025,2.5850559539789892,1.8427634453453166,3709.368098958333,3820.8729736328123,1.1395842188464345,-77.95164580896616,-6.713579081306409,16.712704023041013,-1.0763507364477398
2019-03-03,3847.17578125,3875.483642578125,3836.90576171875,3862.26611328125,7253558152,-0.44610264783262465,-0.18633788230525417,5.447413846867488,0.24500259948050507,2.6098827962050426,2.5638120858942157,1.8280326614045332,3707.7642049153646,3830.8102294921873,0.42720862630625245,-78.05000410081588,-7.129732275092982,16.712704023041013,-4.291293100750138
2019-03-04,3761.55712890625,3867.3818359375,3733.749755859375,3845.091552734375,9029175788,-2.2254936403225956,-2.323789502779594,2.956828242816689,1.0138299625210048,2.670337700468766,2.556000668707545,1.894556546613892,3706.5111368815105,3836.2116577148436,-1.9460482233418785,-78.53849986360329,-9.196554177061367,16.712704023041013,24.47926381496528
2019-03-05,3896.375,3903.916748046875,3745.18310546875,3759.83251953125,10174126415,3.5840973956695166,1.078908299412995,7.2769633529320865,2.1070492713366376,2.7683490111782305,2.5967789875014025,1.8899992334013112,3707.1554280598957,3849.4268798828125,1.219613245871476,-77.76929879614309,-5.942070240143238,16.712704023041013,12.680566353815692
2019-03-06,3903.942626953125,3919.510498046875,3871.460693359375,3897.0810546875,9175291529,0.19422224383240927,1.1493178981020424,7.936721687529658,2.1063866929341617,2.7623344004510377,2.5963743651388738,1.8876843233951202,3708.134562174479,3863.7799682617188,1.039465472188228,-77.72612182944528,-5.75938881846133,16.696246498629776,-9.81740195922266
2019-03-07,3911.484375,3939.373291015625,3894.113037109375,3903.384765625,9584165519,0.19318286070102442,1.218019686335725,8.027858973068348,2.1056278352791,2.7618986968071053,2.475835125659424,1.8876843233951202,3705.3820922851564,3878.3136474609373,0.8552873891666479,-77.68309251440635,-5.577332109838695,16.468238733718678,4.456250667433159
2019-03-08,3901.131591796875,3950.43212890625,3875.228515625,3913.225830078125,10638638944,-0.26467658337827604,1.4024784313168004,7.475478573893191,2.0919370577013545,2.7659896105759816,2.470837562250017,1.8886118684052402,3703.3134806315106,3891.8808471679686,0.23769341848267622,-77.74216014265491,-5.827246801144992,16.34235171345175,11.002245557107425
2019-03-09,3963.313720703125,3987.23779296875,3892.390380859375,3894.552490234375,10796103518,1.5939510740166751,5.363645556422525,7.879435139463076,1.5741571092281534,2.7731922433349436,2.4795674749127206,1.8886118684052402,3702.187910970052,3906.3547241210936,1.4581112214494762,-77.38738106519584,-4.326179190100776,14.7319283183726,1.4801195418781221
2019-03-10,3951.599853515625,3966.17431640625,3924.381103515625,3966.17431640625,9713267607,-0.29555740506511663,1.417339283709218,0.9164483103001775,0.7696122630360427,2.364567614331911,2.479821512771271,1.8897678424784283,3700.79296875,3908.1489990234377,1.1118013797080106,-77.45421433493681,-4.6089502522131625,12.772464061222589,-10.02987706809797
2019-03-11,3905.227294921875,3966.384765625,3889.239013671875,3953.740234375,10125901903,-1.173513521428382,0.032906937716781215,-1.0607090275252529,1.0138998323810098,2.37376591201158,2.1989819674092996,1.9078991581617557,3704.5646809895834,3906.0556396484376,-0.021206680164886915,-77.7187921782286,-5.728377119235917,12.772464061222589,4.248151216410734
2019-03-12,3909.15625,3926.88916015625,3863.55908203125,3903.75830078125,9809887079,0.10060759032475275,-0.05952024287454449,-2.266709352500862,1.0105736760523756,2.3524485273209708,2.198939380649269,1.9078991581617557,3708.261193847656,3901.522424316406,0.19566274016562524,-77.69637559194386,-5.633532711095556,12.772464061222589,-3.1208560682024267
2019-03-13,3906.71728515625,3926.59765625,3891.904296875,3913.04736328125,9469184841,-0.06239108103570645,0.14318136232882583,-1.1987724427929058,1.0017313289193601,2.33931361469884,2.196399240910881,1.8907659365619784,3712.35146484375,3899.152380371094,0.19401408427224265,-77.71029106432219,-5.6924089701723135,12.772464061222589,-3.473049539268813
2019-03-14,3924.369140625,3946.50439453125,3901.296875,3905.576904296875,10480789570,0.4518334494236109,-0.9826267316334403,-2.026137349171553,0.6105243143878615,2.3214825789513327,2.1588593005068133,1.8907659365619784,3718.5417317708334,3895.0945068359374,0.751576983246105,-77.60957870357163,-5.266295728553927,12.772464061222589,10.683123690013097
2019-03-15,3960.9111328125,3968.54296875,3914.015380859375,3926.663330078125,9394210605,0.9311558336655423,0.2356331521925492,-4.384177314782889,0.7826370294665448,2.187009957831463,2.0926144924916117,1.8907659365619784,3722.7893798828127,3886.013720703125,1.9273584061309856,-77.40108898948765,-0.060620684102663525,12.772464061222589,-10.3673388130051
2019-03-16,4048.725830078125,4077.036376953125,3961.657470703125,3963.900146484375,9856166973,2.217032756381765,3.6745245364552037,6.253847906946852,0.9155732469530229,1.264660867056714,2.0899889038616553,0.6012629150334529,3729.7568888346354,3897.9286376953123,3.8686493878957506,-76.90006372979903,0.0,9.19415181895975,4.9174580752333386
2019-03-17,4025.22900390625,4054.1220703125,4006.4111328125,4047.719482421875,8221625400,-0.5803511316403887,2.969253375488634,3.6709725467135357,1.0698175292605756,1.221798409856177,2.0914880460423415,0.6151076855269646,3735.9272583007814,3905.0552734375,3.077388719339802,-77.03412447135133,-0.5803511316403887,9.19415181895975,-16.583947669288335
2019-03-18,4032.50732421875,4071.556640625,4009.1171875,4029.968505859375,9646954186,0.18081754616785517,3.219839826660742,4.622025722963485,1.0377037206761257,1.202632032200611,2.090607919839126,0.5930619159193812,3741.8263142903647,3913.962744140625,3.0287610748362725,-76.99259813876448,-0.4005829621479218,9.19415181895975,17.336338213609203
2019-03-19,4071.190185546875,4082.216064453125,4023.8125,4032.69189453125,9344919956,0.9592756619634768,3.7412648927947822,5.716440269331158,1.039500803330878,1.210727396861696,2.0907389934875544,0.5927508522541961,3748.7154947916665,3924.9698852539063,3.725386552450183,-76.77189373225951,0.0,9.332877974666133,-3.1308765873307776
2019-03-20,4087.476318359375,4089.4619140625,4031.11083984375,4070.7939453125,10175916388,0.40003370194585663,3.1953553438348825,6.036416915586806,1.0424191729838146,1.2101442695278175,2.078524474997678,0.5927508522541961,3754.697294108073,3936.6044311523438,3.8325386724941346,-76.67897347886475,0.0,9.526941585865668,8.89249384599009
2019-03-21,4029.326904296875,4097.35986328125,4005.1513671875,4083.953857421875,10831212662,-1.4226238767748978,-0.47913656284489514,4.397965570561557,0.9261144909876875,1.2699499787325343,2.0354998271274596,0.6727157702823517,3761.8358479817707,3945.091589355469,2.13519288547539,-77.01074397046342,-1.4226238767748978,9.73847020281049,6.439678246302827
2019-03-22,4023.96826171875,4053.90673828125,4021.54248046875,4028.5146484375,9252935969,-0.13299101079167208,-0.03132100524657622,4.128780709200353,0.8880356230977365,1.2723068805358564,2.0325758248328025,0.6733727333610615,3769.301444498698,3953.0692504882813,1.793518067555011,-77.0413176144306,-1.5537229256930796,9.73847020281049,-14.571560380650572
2019-03-23,4035.826416015625,4049.882568359375,4015.964599609375,4022.71337890625,9578850549,0.2946880672416219,0.08230838855372014,4.903613598449352,0.8953612809988623,1.2629457655273022,2.0311748387721114,0.6659432854335146,3776.4889322916665,3962.5017822265627,1.8504631119146353,-76.97366111704443,-1.263613494511473,9.73847020281049,3.522282885042194
2019-03-24,4022.168212890625,4040.69970703125,4006.19287109375,4035.16357421875,9144851065,-0.33842394882989124,-1.2041189534766183,6.928276643246223,0.7271987016955066,1.1322179026849521,2.030083722034139,0.44896091223540646,3783.773018391927,3975.532336425781,1.1730724974248874,-77.05158776236307,-1.5977610726553015,9.403459000395697,-4.53080963921405
2019-03-25,3963.070556640625,4038.8408203125,3934.03125,4024.11279296875,10359818883,-1.4692984758966188,-3.0435836694629126,1.7117335123191468,0.7934786549238294,0.9131878733040086,2.0413849820543564,0.5563342531957337,3789.8097696940104,3978.8671142578123,-0.39701143977848297,-77.38876843361314,-3.0435836694629126,6.051435380847869,13.285813069717832
2019-03-26,3985.080810546875,3985.080810546875,3944.753173828125,3969.228759765625,10707678815,0.555383851780511,-1.0981013653376226,2.078365164323004,0.7823758504800378,0.9189341461656325,2.041760889320807,0.5563342531957337,3796.2316853841144,3982.9240234375,0.054150847384559775,-77.26318930480474,-2.5051033898980335,6.051435380847869,3.3577800531901403
2019-03-27,4087.066162109375,4087.066162109375,3977.810546875,3984.244873046875,10897131934,2.5591790081793686,1.5680516417312385,4.488878652605499,1.4752185895033485,1.0704317383377093,2.064449751821211,0.5563342531957337,3804.308447265625,3991.7031127929686,2.3890316143697854,-76.68131361836382,-0.010034461806118777,6.051435380847869,1.7693201512040346
2019-03-28,4069.107177734375,4094.902099609375,4040.266357421875,4087.58447265625,9353915899,-0.43941017009940797,0.8246331305697296,4.305816965792997,1.5144150226862405,1.0753423283619172,2.064019419665166,0.5618355466404331,3812.3941365559895,4000.1018920898437,1.7250881979028687,-76.7837782978583,-0.44940053945983216,6.051435380847869,-14.161671569608437
2019-03-29,4098.37451171875,4113.5009765625,4034.09716796875,4068.2998046875,10918665557,0.7192568960710188,1.8946571797741285,3.4077744163957924,1.498823509701301,1.0333376484029584,2.0159346484076823,0.5618355466404331,3822.8595377604165,4006.854931640625,2.2840752071014325,-76.61679402225852,0.0,6.469213728183609,16.728284441463526
2019-03-30,4106.66015625,4296.806640625,4053.90966796875,4092.13623046875,9732688060,0.20216904305738748,3.6231905931821684,3.923987966454212,1.120497317480942,1.0274426360141569,2.012197047588812,0.5579350074016803,3833.8352579752604,4014.607946777344,2.2929314815547386,-76.56952041849718,0.0,11.213690522003672,-10.861927135772243
2019-03-31,4105.404296875,4113.0234375,4094.100830078125,4105.4560546875,9045122443,-0.03058103975535076,3.0193487170869338,5.1258732676948915,1.171415541425592,0.9777492799198737,2.0099540070385364,0.49242413957398234,3844.155635579427,4024.616796875,2.007333966869318,-76.57668570277286,-0.03058103975535076,11.213690522003672,-7.064498654033713
2019-04-01,4158.18310546875,4164.953125,4096.9013671875,4105.3623046875,10157794171,1.285593446519373,1.7400487425109468,6.370347961116929,0.6711029047638063,1.0034809208594522,2.008634437185838,0.4924241395739824,3855.82880859375,4037.0681396484374,3.0000723701151033,-76.27555710921008,0.0,10.403707616220581,12.301345117346575
2019-04-02,4879.8779296875,4905.95458984375,4155.31689453125,4156.91943359375,21315047816,17.35601357404375,19.92502818282982,24.909932649306832,7.535578280658191,3.935335293066376,2.9778362165162098,0.4922264731660993,3879.027685546875,4085.726171875,19.437224238844465,-72.15793958071832,0.0,25.751890897658235,109.83933575710174
2019-04-03,4973.02197265625,5307.00341796875,4876.62109375,4879.9580078125,22899891582,1.9087371510277729,21.34132589485327,26.72156452296024,7.42780835969852,3.9345348752767375,2.9823032578390825,0.4922264731660993,3903.2270385742186,4138.1588134765625,20.1747491290287,-71.62650782988389,0.0,35.58974356415343,7.435328222957804
2019-04-04,4922.798828125,5063.15966796875,4836.7939453125,4971.3076171875,18251810240,-1.0099119772122078,19.873538126423828,24.284505838672988,7.606267714694833,3.966823576121456,2.9755724859870445,0.5415561014072043,3927.5401285807293,4186.253198242188,17.594387988573846,-71.91305512566326,-1.0099119772122078,34.899879556593504,-20.29739453287862
2019-04-05,5036.68115234375,5053.509765625,4919.49169921875,4922.80615234375,16837325387,2.3133653881632465,22.684169161552003,24.401635569543156,7.371925173741309,3.9682319099300556,2.981681852464935,0.5415561014072043,3953.832246907552,4235.650964355469,18.9116193645142,-71.26330146434786,0.0,34.899879556593504,-7.749833218735025
2019-04-06,5059.8173828125,5205.82177734375,4992.22216796875,5036.79296875,16929795194,0.4593546775932822,21.683371185793643,25.702596744240935,7.4670179305862305,3.9509287724370896,2.981199754507519,0.5257781273232619,3980.3899129231772,4287.380383300781,18.01652595417793,-71.13129809543847,0.0,34.899879556593504,0.549195343527642
2019-04-07,5198.89697265625,5235.1865234375,5050.412109375,5062.7939453125,16655416140,2.7487076967675605,6.537439000839496,28.92467526177336,1.5441284193164213,3.9571849876490806,2.978934507444384,0.5257781273232619,4010.1420654296876,4345.699865722656,19.633134668671225,-70.33778186423089,0.0,34.899879556593504,-1.6206873790017284
2019-04-08,5289.77099609375,5318.83642578125,5148.2119140625,5199.83544921875,17154113634,1.7479481496835758,6.369346951996557,29.93180753070581,1.5294710953663821,3.957058788102421,2.977724045148152,0.5257781273232619,4041.6470540364585,4406.62890625,20.04121764351825,-69.81930167117162,0.0,35.20066536790347,2.994206147766665
2019-04-09,5204.95849609375,5289.91796875,5167.4189453125,5289.91796875,14722104361,-1.6033302776742198,5.731692027647184,27.33917191679065,1.7552233638495875,4.008338001329814,2.84388517864373,0.6363772765717682,4067.2833577473957,4462.503015136719,16.637646595165023,-70.30319794549125,-1.6033302776742198,35.20066536790347,-14.177411464616164
2019-04-10,5324.5517578125,5421.6513671875,5193.38232421875,5204.10546875,15504590933,2.297679449480783,5.715482016065154,32.14494341807801,1.752598738263563,3.9621202022208943,2.851245147881851,0.5511652233209192,4094.83916015625,4527.2642578125,17.610801017947143,-69.62086062753181,0.0,37.814140830414104,5.315045681056763
2019-04-11,5064.48779296875,5354.2255859375,5017.29638671875,5325.08154296875,16555616019,-4.884241466188555,0.09230392725465553,25.858045182631862,3.251834462760399,4.198740935058766,2.939707440604928,1.2229838543303078,4117.744152832031,4579.290234375,10.595475144850063,-71.1046511498331,-4.884241466188555,37.814140830414104,6.778799199164909
2019-04-12,5089.5390625,5103.2744140625,4955.8525390625,5061.20068359375,13675206312,0.4946456691243162,-2.103482925924882,26.10896847056803,2.926064606826037,4.196624988019911,2.931244370116751,1.2229838543303078,4141.7626261393225,4631.975866699218,9.878358803428844,-70.9617215581674,-4.4137554859463135,37.814140830414104,-17.39838435304556
2019-04-13,5096.58642578125,5127.1220703125,5061.58935546875,5088.85009765625,10823289598,0.13846761356397508,-3.6520403332234608,26.712413703813475,2.7129101423698865,4.18850979121654,2.9312477043098926,1.2206403931934804,4165.813590494791,4685.69677734375,8.769019165393521,-70.92151294698893,-4.281399494272275,37.814140830414104,-20.854652199999656
2019-04-14,5167.72216796875,5184.01611328125,5053.568359375,5095.7587890625,10391952498,1.3957526910101548,-0.7154010575289971,30.396925669404972,2.7966459272571536,4.138679588357062,2.928853787142399,1.175593921782487,4191.4077840169275,4745.929357910156,8.887464988402783,-70.51564918144149,-2.9454045519163197,37.439559036494586,-3.985268028674993
2019-04-15,5067.1083984375,5196.60693359375,5024.0693359375,5167.32177734375,12290155061,-1.9469655345422332,-4.8350240749798985,27.15196100984807,2.512268238922705,4.203220353737307,2.9447286795151455,1.2536166912444546,4215.578243001302,4800.030737304687,5.564082310080831,-71.08969932996234,-4.8350240749798985,36.297375234393535,18.266081983778527
2019-04-16,5235.5595703125,5238.9453125,5055.19482421875,5066.57763671875,11618660197,3.3244043472001383,3.3778692799152576,28.10068060191069,1.919227044236779,4.2188772126980805,2.9647574084267325,1.2536166912444546,4242.49072265625,4857.455407714844,7.783996575596608,-70.12860403769898,-1.6713554783165607,34.39565636237294,-5.463680976091467
2019-04-17,5251.93798828125,5274.275390625,5219.20556640625,5236.13525390625,12438480677,0.3128303240330199,3.1908375942688805,29.068558749672935,1.9253593360146701,4.205662258093616,2.964617248612291,1.2497602744876135,4269.5265625,4916.596948242188,6.820592445735363,-70.03515725291693,-1.3637536610421108,34.39565636237294,7.056067275396205
2019-04-18,5298.3857421875,5319.986328125,5250.5068359375,5251.48046875,13256489918,0.8843926567657423,3.959499546312828,29.28017503128324,1.905101019508129,4.204496959683144,2.963877490054998,1.2497602744876135,4296.6023885091145,4976.597509765625,6.466028884000097,-69.77015038405032,-0.4914219415109944,33.73883019707418,6.57644017980894
2019-04-19,5303.8125,5336.68017578125,5233.3349609375,5298.154296875,13780238655,0.10242285247921146,2.6334684336317915,29.151483156648172,1.8907330747466182,4.206013706295946,2.860366238175132,1.2497602744876135,4319.737357584635,5036.455126953125,5.308443464850576,-69.7391881097735,-0.3895024174019879,32.425936541578594,3.950885492613243
2019-04-20,5337.88623046875,5358.49072265625,5295.8779296875,5304.16064453125,13169647522,0.642438443454596,5.3438334201562965,30.02096369733682,1.3045798706666871,4.1969449600680395,2.860198467215438,1.2497415667599958,4342.917220052083,5098.0792236328125,4.7038697579331545,-69.5447810208892,0.0,32.335413554498956,-4.430918420839203
2019-04-21,5314.53125,5359.9248046875,5257.33935546875,5335.87890625,13731844223,-0.43753237630730357,1.5083713331292659,27.808976064821355,0.510374880214694,4.217021334235935,2.861023772496186,1.2535652008186828,4364.829064941407,5155.896630859375,3.0767610465880058,-69.6780324641981,-0.43753237630730357,30.475039685248895,4.268881912449407
2019-04-22,5399.365234375,5422.6875,5280.27685546875,5312.49462890625,14601631648,1.5962646635110156,2.807101805518397,10.645497944264504,0.7730281313109915,1.8937879381634666,2.8560071438173575,1.2535652008186828,4388.916516113281,5181.87099609375,4.197214451019793,-69.19401361114281,0.0,12.113262655220392,6.334090387823932
2019-04-23,5572.3623046875,5633.80224609375,5389.40869140625,5399.36572265625,15867308108,3.2040260809014454,5.170944054120263,12.051833579796622,1.4327369307753814,1.9644561739219943,2.8749001082836676,1.2535652008186828,4415.030444335937,5211.8380126953125,6.917411690731767,-68.20698177276488,0.0,16.478028830516077,8.668048136752994
2019-04-24,5464.86669921875,5642.04443359375,5418.26318359375,5571.50830078125,17048033399,-1.9290850018550354,3.036574147723936,11.011375642587717,1.9523627934017056,2.013960850431158,2.8685893631679424,1.3063299927035485,4437.069441731771,5238.94140625,4.312422595511833,-68.82029611902351,-1.9290850018550354,14.687548603644274,7.441245124651608
2019-04-25,5210.515625,5542.23828125,5181.3388671875,5466.5244140625,15330283408,-4.654296037177108,-2.3861618620066527,3.4513694116880655,3.0578949507841746,2.277072015031807,2.72879735790099,1.6702160428881587,4460.404243977865,5247.633129882813,-0.707318975319482,-70.27149184115935,-6.493595712237033,13.84609185044592,-10.075942196950171
2019-04-26,5279.34814453125,5383.63427734375,5177.36865234375,5210.3046875,16812108040,1.3210308630683842,-0.6620170964043215,4.338709188684664,3.1583265864480103,2.29045556299844,2.7250179576528346,1.6702160428881587,4483.681774902344,5258.60966796875,0.394371856287834,-69.87876907325126,-5.258347252650186,13.84609185044592,9.665996332636094
2019-04-27,5268.291015625,5310.75,5233.6357421875,5279.47119140625,13111274675,-0.209441177273062,-2.427585707955393,1.3347839615543533,3.017037452327862,2.214013408490193,2.7217091734579317,1.6708724997012359,4507.247326660156,5262.079370117188,0.11804545448492743,-69.9418553339134,-5.456775285532201,13.84609185044592,-22.01290496227385
2019-04-28,5285.13916015625,5326.23193359375,5255.68359375,5271.74658203125,12819992056,0.31980284462800324,-5.154423363492288,-0.08756212586368273,2.343421933564573,2.180498733422901,2.720590539014761,1.6708724997012359,4531.1488566080725,5261.8477783203125,0.44264643937252934,-69.84572853222885,-5.154423363492288,13.84609185044592,-2.2216193788953675
2019-04-29,5247.3525390625,5311.27490234375,5216.48779296875,5284.8583984375,13735490672,-0.7149598137096702,-3.980228103044958,0.8144933912646257,2.2892983443689126,2.1546174980845074,2.724963973677647,1.6397682421773816,4554.358308919271,5263.96748046875,-0.3156353352846031,-70.06131945534034,-5.832531121524531,13.84609185044592,7.141179276874277
2019-04-30,5350.7265625,5363.25732421875,5224.18994140625,5247.72607421875,13878964574,1.9700224573813152,2.6909225034710493,0.49158700822271584,1.1000011073484333,2.1379115698744906,2.7304957335752453,1.6397682421773816,4579.210689290365,5265.276220703125,1.6229033048804409,-69.4715207251669,-3.977410837071005,13.84609185044592,1.0445487928034014
2019-05-01,5402.697265625,5418.00390625,5347.64599609375,5350.91455078125,13679528236,0.9712831055362026,2.336446048202445,6.678058798479114,1.0475741077547194,1.8016267118664728,2.7302905405003073,1.2231308814071018,4604.8487263997395,5282.186694335937,2.2814523276559973,-69.17500276359331,-3.0447596510330466,13.84609185044592,-1.436968420350404
2019-05-02,5505.28369140625,5522.2626953125,5394.21728515625,5402.4228515625,14644460907,1.8988001869725712,4.498473510259093,8.168610630567287,1.12824520446397,1.835049303536574,2.7319270960263777,1.2231308814071018,4632.483858235677,5302.97392578125,3.815024709841386,-68.58969765843412,-1.2037733660071437,12.300289990741842,7.053844652775498
2019-05-03,5768.28955078125,5865.8818359375,5490.20166015625,5505.55224609375,18720780006,4.7773352676729886,9.141677749327526,13.179470902370415,1.9945605394242343,2.076300388908117,2.7571887378088697,1.2231308814071018,4665.92939860026,5336.55908203125,8.090053199329915,-67.0891222069878,0.0,16.75559081118685,27.8352281103877
2019-05-04,5831.16748046875,5886.8935546875,5645.46923828125,5769.20263671875,17567780766,1.0900619522295596,11.125895145412802,12.838254281784977,1.5419845049124954,2.0715749935394423,2.7324288422394445,1.2231308814071018,4698.175939941406,5369.73134765625,8.59328154310559,-66.7303732500214,0.0,17.17381192528855,-6.158927350412025
2019-05-05,5795.70849609375,5833.86279296875,5708.03515625,5831.068359375,14808830723,-0.6080940822531411,8.31628991681912,14.379011466992143,1.9819431126612304,2.0045981895438243,2.7369480958158103,1.1510883259161793,4729.70537109375,5406.161352539062,7.205614448997766,-66.93268388147573,-0.6080940822531411,16.452357612098247,-15.704601962813447
2019-05-06,5746.80712890625,5802.95751953125,5653.6875,5791.693359375,15737171804,-0.8437513242851802,6.369223488990783,9.764907680407408,2.2761862809736497,1.931991276738972,2.743437923400731,1.1664476623158717,4760.294083658854,5431.72373046875,5.800799416031954,-67.21168979913135,-1.4467146046664103,13.70435350441106,6.268834443209403
2019-05-07,5829.50146484375,5988.17822265625,5741.39599609375,5745.59912109375,18026409033,1.4389613933892154,5.8892110127513275,10.997149582710763,2.253242493808065,1.9430975420457048,2.742332798543946,1.1664476623158717,4792.433581542969,5460.601904296875,6.755657471689958,-66.73987867379614,-0.028570875910871596,15.660649738462284,14.546687660981949
2019-05-08,5982.45751953125,5989.98095703125,5794.7158203125,5849.4814453125,15320605300,2.6238273651690402,3.7128505229248265,12.910947043680565,1.4564959364224839,1.9974451828220172,2.75119153637167,1.1664476623158717,4826.0859781901045,5494.805493164063,8.874782318934882,-65.86719050875078,0.0,15.695469248063642,-15.010220438505684
2019-05-09,6174.52880859375,6183.0390625,5982.31640625,5982.31640625,16784645411,3.2105750594205507,5.888380487699485,16.41680034114612,1.841639998289843,2.0738556038308493,2.766373606702265,1.1664476623158717,4863.134794108073,5538.34130859375,11.486968111063112,-64.77133104014521,0.0,19.42435390806083,9.5560200287909
2019-05-10,6378.84912109375,6434.61767578125,6161.51904296875,6175.82275390625,19419875368,3.309083475578345,10.061593425429027,19.50140646841001,1.7289000878624898,2.1486901275075185,2.7731904327933417,1.1664476623158717,4904.361824544271,5590.389453125,14.103841504781123,-63.605584976928455,0.0,24.28355228033365,15.70024205142262
2019-05-11,7204.771484375,7333.0029296875,6375.69873046875,6379.6669921875,28867562329,12.947827227172803,25.369989330862296,35.567393349601616,4.667021847359625,3.4157245849507754,3.1799670827869164,1.162337481072647,4959.288745117187,5684.90146484375,26.73520427628071,-58.893298999400926,0.0,41.635711537904754,48.64957566395027
2019-05-12,6972.37158203125,7503.8720703125,6815.77099609375,7203.50732421875,27773333680,-3.2256387707473633,19.604937473296147,29.133171759556518,5.809701741505106,3.581128822318159,3.2249751179383566,1.3679421383500598,5010.382983398437,5763.551782226563,20.973521978797915,-60.21925268425144,-3.2256387707473633,44.93602009421449,-3.7905128134104737
2019-05-13,7814.9150390625,8047.4130859375,6898.2822265625,6971.17822265625,28677672181,12.084029761159009,30.630514525990815,40.244201861902496,6.798189419850208,4.301747396859904,3.525952546847136,1.3679421383500598,5075.225415039063,5875.679418945312,33.004449049149834,-55.41213533940492,0.0,55.43442289539311,3.256139545290626
2019-05-14,7994.416015625,8268.712890625,7696.39111328125,7807.88427734375,32031452227,2.296902470023965,29.474106663788156,46.28748431810552,6.892292028798253,4.212372455794108,3.5285169427117204,1.2981514729239543,5142.450496419271,6002.156884765625,33.1923868220777,-54.387995574684766,0.0,59.70879119998196,11.694742951354332
2019-05-15,8205.16796875,8216.423828125,7899.10693359375,7989.37451171875,28344112920,2.6362395040874453,28.630851945015113,57.473243710885136,6.951647172435218,3.9108664453319766,3.5309093237221205,0.7759340607103837,5211.724532063802,6151.889501953125,33.37638730580244,-53.1855538954185,0.0,59.70879119998196,-11.511620768451646
2019-05-16,7884.9091796875,8320.82421875,7729.6083984375,8194.5009765625,33167197581,-3.903135076359554,9.440100866314992,49.353839978431594,6.409610387789178,4.151312494361705,3.5856044479832607,1.1678171251467075,5276.05253499349,6282.167553710938,25.512557764076305,-55.01278496212986,-3.903135076359554,59.51008703529514,17.016177837750448
2019-05-17,7343.8955078125,7929.1455078125,7038.12451171875,7886.92578125,30066644905,-6.8613811465161545,5.32851586307761,39.39806069997942,7.292858997317682,4.589698513875053,3.7313698627957943,1.927571300714298,5331.2423380533855,6385.947778320313,15.000870078272932,-58.09952925308096,-10.496707248623316,59.51008703529514,-9.348250386327994
2019-05-18,7271.2080078125,7447.27197265625,7251.50439453125,7341.66455078125,21354286562,-0.9897676229553398,-6.957299324846211,37.57836430550172,4.068555609869875,4.620726436901031,3.7408122613081414,1.9402353250855795,5384.5759684244795,6485.251220703125,12.119141731939909,-58.51424654639984,-11.38258186175538,59.51008703529514,-28.976822557115966
2019-05-19,8197.689453125,8261.94140625,7267.962890625,7267.962890625,25902422040,12.741781617539317,2.54269276333261,56.22524677157696,7.582366348190752,5.193924732720772,4.033123401951683,1.933637696143969,5453.0795206705725,6632.76806640625,23.593790270532587,-53.228222438951335,-0.09114396747857967,59.2749174910397,21.298466070477005
2019-05-20,7978.30908203125,8200.9677734375,7678.78173828125,8196.923828125,23843404340,-2.6761244415049346,-2.7648292829928534,49.10702292182867,7.619662122086184,5.315622102514202,4.050370432226273,2.024113840985719,5518.895890299479,6764.147192382812,17.949962576446012,-54.47989340998887,-2.7648292829928534,55.59788783378785,-7.949131926042852
2019-05-21,7963.32763671875,8062.16796875,7843.33984375,7977.96923828125,25127245056,-0.18777719888342093,0.9945384942830593,47.39540724197007,7.361836802040052,5.3353842477349165,4.0506870578030485,2.024549296779653,5584.5518798828125,6892.1787109375,15.541514094540187,-54.565369791072335,-2.9474147628947622,54.25452440796472,5.384469003221204
2019-05-22,7680.06640625,7997.6123046875,7615.9873046875,7956.2919921875,24719473175,-3.5570711565682367,4.577555577688686,39.50355398103438,6.661424325962201,5.4830012344561965,4.095874610965532,2.17518680019337,5645.2892130533855,7000.9178466796875,9.700850294828278,-56.181511917327555,-6.39964427906764,51.55771561427838,-1.6228276521807916
2019-05-23,7881.8466796875,7943.79150390625,7533.19677734375,7677.26904296875,24457107820,2.627324592835456,8.398036078996828,36.6409680079252,6.578215421070617,5.4427977376082985,4.09542822595198,2.17518680019337,5709.6171875,7106.595703125,10.90889377907902,-55.030258003722835,-3.9404591142301215,47.38941738141958,-1.0613711430765504
2019-05-24,7987.37158203125,8140.7197265625,7824.44873046875,7881.6953125,25919126991,1.3388347506898546,-2.565574998862341,36.977228124292694,2.6143712773472787,5.441596082619042,4.08036018273305,2.17518680019337,5776.6888712565105,7214.405908203125,10.714197172482699,-54.4281874705811,-2.6543805994983183,47.17517051924076,5.977890688302989
2019-05-25,8052.5439453125,8117.92578125,7965.97607421875,7991.88525390625,22256813107,0.8159425489589589,0.9304586036713136,38.93976811876985,2.3363385755422637,5.41879729104408,4.0797444639519,2.170932678618088,5844.479923502604,7327.2476806640625,9.898618093154244,-54.05634766182177,-1.8600962712619684,47.17517051924076,-14.129773295495951
2019-05-26,8673.2158203125,8687.5205078125,7924.67041015625,8055.2060546875,26677970091,7.7077738316635,8.91446661469093,50.922340453823665,4.045510116580692,5.536044908969051,4.160942043204865,2.162718862966303,5920.915751139323,7473.568115234375,16.051873570707453,-50.5151148495892,0.0,51.313731254962946,19.8642858829124
2019-05-27,8805.7783203125,8907.1748046875,8668.705078125,8674.072265625,27949839564,1.5284123299404317,14.657580475429244,51.055426839120344,2.819770245334125,5.535417725429647,4.154409015177144,2.162718862966303,5999.860270182292,7622.3819580078125,15.525282894823334,-49.75878176349347,0.0,53.71202110489604,4.767489687789528
2019-05-28,8719.9619140625,8807.0166015625,8634.7216796875,8802.7578125,24226919267,-0.974546520800379,10.633488171432305,45.75886056180043,3.295961732521428,5.580016605275517,4.164684594604311,2.173669691165257,6076.886726888021,7759.257177734375,12.381400877972215,-50.24840580782507,-0.974546520800379,48.89173690949824,-13.320005964525116
2019-05-29,8659.4873046875,8755.8525390625,8482.728515625,8718.591796875,23473479966,-0.6935191916087824,8.414729623550654,40.24531382273524,3.527881490800253,5.605269861580123,4.170459229305759,2.1791944313775558,6152.767179361979,7883.505102539062,9.843111560852735,-50.59344266167912,-1.6613070452562662,44.56134506071143,-3.10992616393565
2019-05-30,8319.47265625,9008.314453125,8221.2734375,8661.7607421875,29246528551,-3.9264986075266295,3.314837059571496,30.42278471110007,4.357225059257618,5.737953500124141,4.222045246460792,2.349416509581129,6223.001652018229,7980.536279296875,4.247037606136739,-52.53339044759514,-5.5225744547841575,41.29140716883741,24.59391872599177
2019-05-31,8574.501953125,8586.6591796875,8172.55078125,8320.2861328125,25365190957,3.0654502684543283,-1.1381460952039735,19.011435292854696,2.6636840051338746,5.087682255611352,4.228424548197532,2.349416509581129,6296.606966145833,8049.022802734375,6.528483808147634,-51.078325137644775,-2.6264159597796044,32.168678470679836,-13.271105277440832
2019-06-01,8564.0166015625,8625.6005859375,8481.578125,8573.83984375,22488303544,-0.1222852548150466,-2.7454894951457365,22.827885760321998,2.4926921430888993,4.998816040330833,3.668281289423948,2.2361279806178818,6358.00927734375,8128.605053710938,5.356534669534541,-51.13814913240999,-2.7454894951457365,30.587792109137226,-11.341871692892058
2019-06-02,8742.9580078125,8809.3037109375,8561.2353515625,8565.4736328125,20266216022,2.0894565549692157,0.26371782327299087,11.87527905436232,2.722227008211175,4.298473925601503,3.6691095516480536,2.2361279806178818,6420.841544596354,8175.0072021484375,6.947404346198027,-50.117201986577854,-0.7133987503988193,27.99311006967562,-9.881081148039128
2019-06-03,8208.9951171875,8743.5,8204.185546875,8741.7470703125,22004511436,-6.107348224112064,-5.20229629825939,2.684112274656547,3.9208548349235954,4.5331620837626705,3.7741504188606307,2.6201628694091608,6475.611482747396,8185.736157226563,0.2841401129256349,-53.16371816518799,-6.777177228597564,27.99311006967562,8.577306252499195
2019-06-04,7707.77099609375,8210.9853515625,7564.48876953125,8210.9853515625,24609731549,-6.105791439007158,-7.352649445836079,-6.061996226654031,4.4171877686236805,4.706829026654347,3.8767192703986755,2.9545368363016054,6520.129646809896,8160.86630859375,-5.5520491987826155,-56.02344385180722,-12.469168360574667,27.99311006967562,11.839481737993896
2019-06-05,7824.2314453125,7901.84912109375,7668.66845703125,7704.34326171875,21760923463,1.5109484866347334,-8.750018507361379,-0.769542590691008,4.061527566296753,4.638409913350393,3.8776069498210006,2.8226875041080413,6566.203214518229,8157.832421875,-4.0893335301661615,-55.35898074221202,-11.14662258457997,27.99311006967562,-11.575941331695505
2019-06-06,7822.0234375,7937.3408203125,7571.47119140625,7819.63330078125,19474611077,-0.028220123956368415,-8.664079001518088,6.510549192575832,4.0711411804408115,4.343982363339669,3.870529272411889,2.3693199452013913,6609.921988932291,8181.738818359375,-4.3965639681896596,-55.37157849318195,-11.171697117826017,24.22683574347215,-10.50650442242218
2019-06-07,8043.951171875,8126.1533203125,7788.37353515625,7826.9013671875,19141423231,2.837216433167966,-7.9950839900281405,10.627438566359704,4.255979475337249,4.363653394003304,3.877815496295835,2.3589605773214166,6655.8249918619795,8220.3759765625,-2.146188996592291,-54.10537358432703,-8.651445911148759,23.945520755821303,-1.7108831836621485
2019-06-08,7954.1279296875,8076.89111328125,7837.61083984375,8036.77490234375,16522722810,-1.1166557363197271,-3.1047306504833228,-2.9710996596077788,3.4342489685093165,3.30508671240171,3.8732676500025107,2.3721384881640826,6701.644482421875,8208.197900390625,-3.095319749674097,-54.617858562860164,-9.671494780427048,19.581563038651773,-13.680803090749027
2019-06-09,7688.0771484375,7975.97412109375,7583.2197265625,7949.6748046875,16610726547,-3.3448139582594405,-0.2555063930445134,-3.637762470839978,2.3855949668127385,3.3357719471017067,3.9041896147776582,2.4141971598187117,6741.036572265625,8193.686303710938,-6.17071653139133,-56.135806764206656,-12.692815231298427,19.581563038651773,0.5326224860876971
2019-06-10,8000.32958984375,8031.90966796875,7586.73095703125,7692.28466796875,18689275117,4.061515452790565,2.2506765777838833,0.46465441098246796,2.9925116937779612,3.4648695391659636,3.8583790150108106,2.41383199760375,6789.967268880208,8195.536401367188,-2.3818674210375423,-54.354255777693,-9.146820430521196,19.581563038651773,12.51329112016113
2019-06-11,7927.71435546875,8026.39404296875,7772.8037109375,8004.24365234375,17107279932,-0.9076530355347279,1.351196641294261,3.2245547905316974,3.05517178361973,3.3677704312042813,3.8647227962257706,2.288042581259578,6837.270190429687,8207.918798828125,-3.413830597341927,-54.768560760719176,-9.971452072763388,19.581563038651773,-8.464722013541326
2019-06-12,8145.857421875,8196.6484375,7862.35986328125,7925.43408203125,19034432883,2.7516514423324256,1.2668680828932244,3.3496051485990996,3.037637865389232,3.3725731729169666,3.8717164574042062,2.288042581259578,6888.091373697916,8221.1193359375,-0.9154703999186831,-53.523949210503794,-7.494180235212655,19.086890437451466,11.265104438930518
2019-06-13,8230.923828125,8311.5673828125,8087.06103515625,8145.54541015625,18669407147,1.0442903901259237,3.479902522115652,3.0492164236061825,2.939832448467181,3.368065812569728,3.8711518878858984,2.288042581259578,6939.1447347005205,8233.296948242187,-0.0288234486391703,-53.038604278399035,-6.528150849101766,19.086890437451466,-1.9177126959532997
2019-06-14,8693.8330078125,8710.63671875,8183.39306640625,8230.8984375,19831162906,5.624024585256682,13.082020900107727,7.963807050979255,2.549082585289959,3.5790121292244326,3.901702007596482,2.288042581259578,6999.590144856771,8265.361401367187,5.183942790141516,-50.39748383743652,-1.2712710725612197,19.086890437451466,6.222777991033768
2019-06-15,8838.375,8859.1279296875,8618.3955078125,8689.74609375,18371033226,1.662580728863916,10.475136064645785,1.904243859592425,2.4069739972257596,3.16461226142267,3.890634135919018,2.288042581259578,7059.637068684896,8273.619360351562,6.825980445206747,-49.57280196268614,0.0,19.086890437451466,-7.362804122587441
2019-06-16,8994.48828125,9335.8671875,8814.556640625,8841.4404296875,23348550311,1.7663120341691707,13.456260883634897,2.1430242060738403,1.8136411612604524,3.1705376410703128,3.89113301430166,2.288042581259578,7122.012906901042,8283.054858398438,8.589022226868614,-48.68210029525875,0.0,23.41702753401691,27.09437745698191
2019-06-17,9320.3525390625,9416.4072265625,8988.923828125,8988.923828125,15562951919,3.622932707487103,14.418311742524414,6.8852436618073165,1.8762608073267593,3.2500533989331304,3.906109833891559,2.2776417206393083,7189.045686848958,8313.074389648438,12.116794608121628,-46.82288732206025,0.0,24.48173979040764,-33.34510403556848
2019-06-18,9081.7626953125,9348.3740234375,9004.9013671875,9335.466796875,15848210536,-2.5598800340442818,10.337100487799322,4.876447943937934,3.0300883944685557,3.308887413653731,3.9317301159661993,2.3433421972847306,7252.0115234375,8334.188159179688,8.969974301688843,-48.184157612184066,-2.5598800340442818,24.48173979040764,1.8329338706736031
2019-06-19,9273.521484375,9299.62109375,9070.3955078125,9078.7275390625,15546809946,2.1114710381221036,6.667812414174246,11.467659881161719,2.307593345411458,3.1766551403836747,3.9342026211614383,2.1726442616843196,7317.605444335937,8381.890600585937,10.637586748349271,-47.090081107006334,-0.5024601214516977,24.48173979040764,-1.9017957220807569
2019-06-20,9527.16015625,9594.419921875,9232.484375,9273.060546875,17846823784,2.7350847496536934,7.7931198466912655,11.110361958431891,2.395492268618453,3.1639542291135703,3.935892899489324,2.1726442616843196,7387.815926106771,8429.523510742187,13.021336782666747,-45.64294998430992,0.0,26.83500781335073,14.794120761679252
2019-06-21,10144.556640625,10144.556640625,9525.07421875,9525.07421875,20624008643,6.480383180815696,12.786367866779536,18.45559289053844,3.2753096539319024,3.421239420404127,3.9973765348707646,2.172472187083771,7466.902449544271,8508.550512695312,19.227788863551567,-42.12040485750557,0.0,34.10763039910798,15.5612275473342
2019-06-22,10701.69140625,11157.345703125,10107.03515625,10175.923828125,29995204861,5.49195775982847,14.820671872637604,22.403554914563493,3.5350049189908326,3.5647524387455802,4.0282615935635055,2.172472187083771,7552.391267903646,8606.487182617188,24.344476197728703,-38.94168194072003,0.0,47.49636152631091,45.43828690248672
2019-06-23,10855.37109375,11246.14453125,10556.095703125,10696.69140625,20998326502,1.4360317604584338,19.52934092137133,32.23751432159676,2.208487555363872,3.1382042542376376,4.00774080905619,1.6895710364244245,7642.2330078125,8738.805981445312,24.22030099762702,-38.06486510098704,0.0,48.67025219930219,-29.994388772112746
2019-06-24,11011.1025390625,11065.896484375,10610.427734375,10853.744140625,19271652365,1.4346026862422256,18.737014386769445,42.85715733696367,2.34309022671764,2.5867092715945184,3.9326771281027013,0.9952968563658027,7738.909456380208,8903.97255859375,23.665054744974867,-37.176341991998065,0.0,48.53314827393873,-8.222913082314165
2019-06-25,11790.9169921875,11790.9169921875,11007.2021484375,11007.2021484375,24879684533,7.082074209722089,23.76108723702344,50.69744644697904,2.75188360198973,2.8382089653417633,4.002202765356397,0.9952968563658027,7847.435603841146,9102.3068359375,29.53767879626841,-32.72712391060934,0.0,55.728215747164086,29.09990312083963
2019-06-26,13016.2314453125,13796.4892578125,11755.59765625,11778.5810546875,45105733173,10.392020009443502,28.3075437046461,66.40491490872627,3.838126301234376,3.3376614917174368,4.159755682618329,0.9952768527007163,7976.567944335938,9362.017236328125,39.032337975245945,-25.736113166471732,0.0,81.93445205716723,81.29543850595253
2019-06-27,11182.806640625,13311.14453125,10491.8525390625,13017.125,39977475223,-14.085680731712602,4.495693401269429,39.02131429793787,9.392036421091499,5.0090456643924295,4.624716003587555,3.303164558012335,8074.86240234375,9518.960009765626,17.479290060599183,-36.196687164802874,-14.085680731712602,81.93445205716723,-11.369414904156228
2019-06-28,12407.33203125,12445.1748046875,10914.4951171875,11162.16796875,35087757766,10.950072106017949,14.29671011793916,55.98607592092697,10.35326467693724,5.355962220821163,4.778587639295424,3.2937137239954595,8194.195393880209,9741.62021484375,27.364152549741007,-29.210178403320587,-4.6780008224406755,81.93445205716723,-12.231181258257218
2019-06-29,11959.37109375,12400.91015625,11508.37890625,12400.763671875,29923961128,-3.6104533704081843,8.611931015295383,55.55737621832508,10.799045956188609,5.371233127241427,4.824473391223279,3.3077076279293895,8304.339469401042,9955.184912109375,20.132083927469345,-31.76601190306384,-8.119557154487323,81.85025060136282,-14.716804283811246
2019-06-30,10817.1552734375,12178.3837890625,10799.0087890625,11931.9912109375,27256473494,-9.550801721584046,-8.258574964060905,35.208870484156684,11.440982386803094,5.974708682310266,5.029517113520079,3.937235124819562,8394.580436197917,10096.026196289062,7.142702119904354,-38.28290481293147,-16.89487607157559,77.49694667316469,-8.914219686991965
2019-07-01,10583.134765625,11206.439453125,10089.314453125,10796.9306640625,29378589324,-2.163420066523025,-18.692788998951958,33.495409787620176,9.474803939569918,6.009977882544907,5.048451452118662,3.9616471379564917,8479.211287434895,10228.797216796875,3.464117445267778,-39.618104834683635,-18.692788998951958,75.47516900421702,7.785731453730227
2019-07-02,10801.677734375,10912.1884765625,9737.884765625,10588.68359375,31015895223,2.0650116774459715,-3.408168615429974,32.60332430282935,7.61634891762742,6.005197116189415,5.028156941635824,3.9616471379564917,8563.101090494793,10361.588232421875,4.247317033657683,-38.37121164845667,-17.01378559717468,70.5995441092394,5.5731263368130834
2019-07-03,11961.26953125,11968.078125,10818.15625,10818.15625,30796494294,10.73529339969792,-3.59515243790135,45.32110588095153,7.536077928756784,6.339947000975554,5.177383936656331,3.9616471379564917,8665.269458007813,10548.105517578126,13.397325342611289,-31.755180400239635,-8.104971999729004,68.59130614718536,-0.7073822226395077
2019-07-04,11215.4375,12006.0751953125,11166.5693359375,11972.71875,25920294033,-6.2353918980041385,-6.220507649760798,29.004519524604653,7.88964564803851,6.542493649780185,5.2634361221353405,4.199839717389658,8755.598274739583,10674.1857421875,5.070660853064557,-36.010512352370625,-13.834987130326537,60.08187655470329,-15.833621237693984
2019-07-05,10978.4599609375,11395.6611328125,10874.96484375,11203.1025390625,23838480210,-2.112958491922401,1.491193233549093,24.213556914449775,6.4515194248734895,6.591477768963795,5.274496825082375,4.226332136876253,8842.79248860677,10781.189990234376,1.8297606375716535,-37.36258366555886,-15.655618086822331,56.5193783454349,-8.031598022574792
2019-07-06,11208.55078125,11620.96484375,10982.5439453125,10982.5439453125,21092024306,2.095838770931313,5.9095535441579194,24.615769466457117,6.298279996068225,6.593118393644395,5.275640219831691,4.226332136876253,8932.443310546874,10891.893115234376,2.907278492962062,-36.04980440891197,-13.887895829583574,53.483214694125515,-11.521103190327919
2019-07-07,11450.8466796875,11541.6201171875,11148.8046875,11217.6162109375,19369044277,2.161705854451945,6.00988995669256,22.858514543263176,6.301327226387441,6.574274681932251,5.273909579156478,4.226332136876253,9023.583129882812,10998.417822265625,4.113581287173518,-34.66738928688595,-12.026405432339926,53.210886996328725,-8.16886991975383
2019-07-08,12285.9580078125,12345.8330078125,11393.3740234375,11446.5966796875,23482551458,7.293009429655473,2.7144984544844375,35.28164542499912,5.087911726427294,6.643137915177976,5.326057601820692,4.187389884135231,9125.440283203125,11158.627587890625,10.102769458362925,-29.90267582693844,-5.610482884913603,52.104604985850145,21.2375330562109
2019-07-09,12573.8125,12779.1318359375,12233.26171875,12284.326171875,28167921523,2.3429552014133215,12.111654137433337,35.588325548020514,3.3335887680261016,6.644029414101708,5.321312740645153,4.187389884135231,9228.689672851562,11323.642138671876,11.040355620729226,-28.26032692417413,-3.398978784076767,49.43420099546607,19.952559556315986
2019-07-10,12156.5126953125,13129.529296875,11710.978515625,12571.537109375,33627574244,-3.318800918078746,10.730582782709352,27.598492057862533,3.7547465366284087,6.733933500855629,5.127387172578542,4.252641063909589,9311.218693033854,11455.109765625,6.123057256005526,-30.641223852841325,-6.604974363064264,44.8439029551525,19.382518928640224
2019-07-11,11358.662109375,12144.623046875,11158.9228515625,12139.7138671875,28595327690,-6.5631534794114765,1.339257242569758,11.968048597490988,5.401523565629628,6.851117868336191,5.191753398581332,4.498744846972945,9384.32353515625,11515.8150390625,-1.3646704914452412,-35.19334678282079,-12.734633237752057,41.678501952646684,-14.964643353357188
2019-07-12,11815.986328125,11905.4873046875,11179.14453125,11354.2998046875,23534692797,4.026215537942113,3.188756767525458,10.412325300505575,5.615141114127441,6.805886071662303,4.99948508813524,4.498744846972945,9451.008056640625,11571.52978515625,2.1125689300159234,-32.58409124137046,-9.221141481928253,41.678501952646684,-17.69741878065535
2019-07-13,11392.37890625,11841.95703125,10908.4794921875,11813.126953125,21042616384,-3.585036493032401,-7.273173984432335,4.946931872363014,4.431871789623959,6.8703356661889625,5.027510888248569,4.569609341178339,9507.640771484375,11598.38017578125,-1.7761210307746689,-35.00097617247675,-12.47559668775937,41.678501952646684,-10.58894813072584
2019-07-14,10256.05859375,11451.2041015625,10234.576171875,11381.0205078125,22486000001,-9.974390088768914,-18.433183302598156,-6.8571148314525265,5.178104121259772,7.249035489783023,5.206303877256599,5.084855200802763,9541.822281901043,11560.627978515626,-11.284589273091816,-41.48423236292578,-21.20562209698963,41.678501952646684,6.859335315818882
2019-07-15,10895.08984375,11052.7666015625,9992.0068359375,10257.8388671875,25384047207,6.230768322534974,-10.376519016419072,-7.597603723536195,6.909826619776619,7.20700404425937,5.225181417480822,5.084855200802763,9591.991959635418,11515.83662109375,-5.390374992006375,-37.838250449306784,-16.296126958670364,41.678501952646684,12.888229146451646
2019-07-16,9477.6416015625,10996.6328125,9448.1064453125,10896.6533203125,24151199070,-13.009972955850602,-16.560229450438346,-27.185978204346874,8.417455747037726,7.3052125262729835,5.431702919596009,5.85821834935581,9627.55439453125,11338.90712890625,-16.41485820620958,-45.92547725473555,-24.62396268782837,40.886902664544735,-4.85678318727687
2019-07-17,9693.802734375,9963.134765625,9163.134765625,9471.2138671875,24569921549,2.2807481217359316,-17.960274621329518,-13.31511805668475,8.068568617362281,6.690203482738649,5.43216915267427,4.939473873292796,9667.930973307291,11264.45693359375,-13.943452476032125,-44.69217359288527,-22.904825132592045,43.28643671300909,1.733754410231847
2019-07-18,10666.482421875,10736.8427734375,9376.798828125,9698.5029296875,25187024648,10.034036323545138,-6.371772659148167,-14.030813433463141,10.118218932281696,6.6103693957420395,5.340287798261399,4.939473873292796,9709.077522786458,11177.414453125,-4.5711110864923965,-39.142566201432075,-15.16906728269568,43.28643671300909,2.511620144042004
2019-07-19,10530.732421875,10716.98046875,10229.62890625,10653.9560546875,20727426310,-1.2726782329064878,2.6781616506401873,-11.94576755479735,8.831064644878046,6.573840929090025,5.3288367767024365,4.881354213962887,9751.617911783855,11105.98251953125,-5.1796416629019575,-39.91708551449192,-16.248692098160365,43.28643671300909,-17.70593549784023
2019-07-20,10767.1396484375,11048.662109375,10451.2763671875,10525.8193359375,20206615155,2.244926725812757,-1.1743840312239295,-0.4623731816332355,8.393258406170533,6.232378926019376,5.331953976540134,4.389388144824128,9798.348111979167,11103.48173828125,-3.0291587609330817,-38.56826810955953,-14.368536603854242,43.28643671300909,-2.512666778840422
2019-07-21,10599.10546875,10841.8876953125,10389.599609375,10777.529296875,17130580467,-1.5606204170657723,11.832731330572921,0.15090711286105396,4.676454019576876,6.221981308215345,5.311471017388651,4.376583801439087,9846.998763020832,11104.2802734375,-4.549370082957349,-39.526984259998855,-15.7049187050467,43.28643671300909,-15.222909252264616
2019-07-22,10343.1064453125,10651.791015625,10154.921875,10596.9482421875,16334414913,-2.4152889523769483,6.698132082211838,-4.245370953839456,5.141138294567212,6.23171391832401,5.320010178381346,4.409780811694921,9888.019759114582,11081.351708984375,-6.662050651035035,-40.98758232833628,-17.74088849096087,43.28643671300909,-4.647627414224031
2019-07-23,9900.767578125,10346.748046875,9883.5947265625,10346.748046875,17851916995,-4.276653919461193,-7.178700657488168,-17.226448645285807,2.3779053145309184,5.752442563831164,5.355977516771202,4.512278276495683,9919.909692382813,10978.326611328124,-9.815330435616954,-43.51133920166029,-21.258826007426144,43.28643671300909,9.290213883279485
2019-07-24,9811.92578125,9908.796875,9614.306640625,9887.73046875,17398734322,-0.8973223154060239,-6.825799116610886,-12.514105836263633,2.391031026342309,5.608062321907141,5.3588389433027155,4.2961504868121585,9949.232722981771,10908.151025390625,-10.049597237780905,-44.01822456067781,-21.965388133074192,43.28643671300909,-2.5385658757371976
2019-07-25,9911.841796875,10154.25390625,9773.95703125,9809.0966796875,15821952090,1.018311979244002,-7.943593930135551,-9.715553619156402,1.9478561456960504,5.604776741090504,5.274693418554297,4.270091254985893,9969.876489257813,10854.8201171875,-8.687185141091291,-43.44815543518571,-21.170752332476727,43.28643671300909,-9.062626067036506
2019-07-26,9870.3037109375,9916.517578125,9717.982421875,9913.126953125,14495714483,-0.41907535237897253,-6.876068550891123,-11.939519179867208,2.0229347734852263,5.574975861456245,5.2733826127420595,4.271119353688864,9987.618579101563,10787.907763671876,-8.505857417732043,-43.685150277072516,-21.501106279917092,43.28643671300909,-8.382262817229902
2019-07-27,9477.677734375,10167.3203125,9411.521484375,9871.1650390625,16817809536,-3.9778510171619375,-8.367202982134181,-17.23164234495146,2.3184842546920157,5.590694214144563,5.300151399821348,4.362754344355454,10000.24717610677,10689.24931640625,-11.334487073584166,-45.9252710995892,-24.623675322222283,43.28643671300909,16.01918315736186
2019-07-28,9552.8603515625,9575.544921875,9252.296875,9491.626953125,13738687093,0.7932599028432463,-3.51394196275423,-22.245702406862,2.00278076816516,5.276166821719223,5.299003230613359,4.362754344355454,10015.13672688802,10552.59443359375,-9.473822653968744,-45.49631795765106,-24.025745162316525,43.28643671300909,-18.308700882887674
2019-07-29,9519.1455078125,9681.6484375,9472.9482421875,9548.1787109375,13791445323,-0.35292930608459283,-2.983922626045399,-24.293880572718095,2.0039336435532316,5.217283019887189,5.270657899371001,4.3634680500660314,10035.131274414063,10399.861083984375,-8.468532118454576,-45.68867742447367,-21.695096723889883,43.28643671300909,0.38401216683128236
2019-07-30,9607.423828125,9701.759765625,9437.3359375,9522.3291015625,13829811132,0.927376519668166,-3.0712553225574757,-20.968915437158376,1.9860473676881814,5.215051204296845,5.25929452421562,4.299899004308711,10052.346638997396,10272.406640625,-6.473486065769107,-45.185006971387,-18.691308864695188,32.537863487885076,0.2781855570715086
2019-07-31,10085.6279296875,10085.6279296875,9598.09765625,9604.05078125,16631520648,4.977443590680308,2.181535898549858,-11.207606735979825,3.2051236101951677,5.209935240180102,5.293000249510815,4.041705366245726,10077.706827799479,10208.754931640626,-1.2060922490313764,-42.456621614152446,-14.644214629114916,29.92810440102098,20.258479955068132
2019-08-01,10399.6689453125,10446.919921875,9922.01953125,10077.4423828125,17165337858,3.1137477786643997,9.728028708905034,-11.986450758167443,2.1324906443229694,5.172438067209925,5.300147136362121,4.041705366245726,10105.318676757812,10137.9390625,2.5816872758747778,-40.66486594789468,-8.713807441858235,29.2347797358002,3.2096716908696754
2019-08-02,10518.1748046875,10657.953125,10371.013671875,10402.04296875,17489094082,1.139515690337567,10.104978169885094,-7.67358695454644,2.0931580312941063,5.132148154748205,5.23077163075064,3.9614085796242713,10143.805004882812,10094.228857421875,4.199884441434221,-39.988732785488104,-3.4594945472498195,24.970377435908375,1.8861045828417078
2019-08-03,10821.7265625,10946.78125,10503.5048828125,10519.2783203125,15352685061,2.8859736926716506,13.683802328879757,5.515451804211757,1.6528952838076116,4.633693381846758,5.165232661020333,3.2738868417485376,10195.704264322916,10122.512255859376,6.907517511138472,-38.256823401038396,-0.673360957111202,20.62211114722825,-12.215664293319916
2019-08-04,10970.1845703125,11009.20703125,10620.2783203125,10821.6328125,16530894787,1.3718514042569074,14.184455339610613,0.6892529353998755,1.5485143217159127,4.433465907873868,5.164893886511897,3.2738868417485376,10248.13681640625,10126.2669921875,8.333945557391376,-37.40979876583271,0.0,20.577317609945588,7.674290987659038
2019-08-05,11805.6533203125,11895.091796875,10960.7353515625,10960.7353515625,23875988832,7.615813067183441,17.054222132883055,24.563196379637308,2.607199603275172,3.5210213519710236,5.240400184282526,1.5017873474550285,10314.530647786458,10242.667578125,15.25955743722005,-32.64304604146459,0.0,29.814655149445013,44.43252552049528
2019-08-06,11478.1689453125,12273.8212890625,11290.7314453125,11811.544921875,23635107660,-2.7739623222421628,10.37052242404426,18.40728824210538,3.7495527543807055,3.6165713200841636,5.253940531044328,1.6248410953803967,10371.767610677083,10331.885888671875,11.094615919998073,-34.511502565684374,-2.7739623222421628,32.657019709632905,-1.0088845898485133
2019-08-07,11941.96875,12036.990234375,11433.701171875,11476.193359375,22194988641,4.040712476852915,13.53651153123996,11.957890874213707,3.798015677853553,3.019716267647959,5.265360281990183,1.6248410953803967,10438.231624348959,10395.660205078126,14.874558367793945,-31.86530067895247,0.0,32.657019709632905,-6.0931350079579065
2019-08-08,11966.4072265625,11979.419921875,11556.16796875,11954.0400390625,19481591730,0.2046436150864972,10.577615849481049,13.633190429425767,3.9391721334041683,2.9891763578016497,5.23766538685701,1.5997259424699184,10509.537125651043,10467.4439453125,14.320241780910248,-31.725867367133564,0.0,32.657019709632905,-12.225268302177184
2019-08-09,11862.9365234375,11970.4580078125,11709.7451171875,11953.4697265625,18339989960,-0.8646764326666112,8.137984802379394,10.1772328657316,4.162042048467791,2.9845258529769185,5.225497113665366,1.6113678529968634,10573.913907877604,10522.2337890625,12.741617048735554,-32.316217701617504,-0.8646764326666112,32.657019709632905,-5.859899877903862
2019-08-10,11354.0244140625,11915.6552734375,11323.8984375,11861.556640625,18125355447,-4.28993368016044,-3.8255308198228977,7.122477906633473,3.182062345489715,3.1432093322596457,5.262289559637384,1.842527096781032,10631.019075520833,10559.979736328125,7.519376907540143,-35.219807074442286,-5.117516067317684,32.657019709632905,-1.170308781346796
2019-08-11,11523.5791015625,11523.5791015625,11248.294921875,11349.740234375,15774371518,1.4933443976921312,0.39562195387048416,11.413134559636973,3.06929461846032,3.080423707578058,5.256635147599549,1.7615973053449623,10687.314436848957,10619.003369140624,8.518461676456557,-34.25241569257431,-3.7005938091178248,32.657019709632905,-12.970691448642025
2019-08-12,11382.6162109375,11528.189453125,11320.951171875,11528.189453125,13647198229,-1.223256154903185,-4.6839223144215625,14.967007569054868,2.152861835846241,2.896914045979124,5.262394612900577,1.5045113525267662,10739.842643229167,10693.09580078125,6.448276747935555,-35.05667706431505,-4.878582222483008,32.657019709632905,-13.484995497745821
2019-08-13,10895.830078125,11420.0498046875,10830.3271484375,11385.052734375,16681503537,-4.27657511938907,-8.946521108366435,11.046804888661876,2.468885607204717,3.0895289536384345,5.259956790762134,1.7713694647318836,10776.542594401042,10747.291015625,1.3821070098878563,-37.834027054687056,-8.946521108366435,32.657019709632905,22.23390660181199
2019-08-14,10051.7041015625,10889.556640625,10028.1357421875,10889.4873046875,19990838300,-7.747238810719049,-15.267993875686381,1.4110627222843286,3.498534223533762,3.60186794681798,5.364398475877148,2.4776471177510517,10796.76474609375,10754.284130859374,-6.533024613705562,-42.65017343776745,-16.000651563568947,32.657019709632905,19.838348237973946
2019-08-15,10311.5458984375,10437.4111328125,9675.31640625,10038.421875,22899115082,2.5850521886593203,-9.181577188911461,4.4704013211979365,4.2398354073537785,3.6401177603105883,5.369080983209762,2.4758743975717987,10818.715706380208,10776.346240234376,-4.31315337717626,-41.16765049102813,-13.829224568353416,32.657019709632905,14.548048152637993
2019-08-16,10374.3388671875,10524.349609375,9855.478515625,10319.419921875,20228207096,0.6089578552864294,-9.972945247706699,9.460768322606716,4.081840296127208,3.4993703088176993,5.352218924820386,2.3105819822751807,10836.282145182291,10821.179296875,-4.129313612025087,-40.80938627724369,-13.30448086240118,32.657019709632905,-11.6638043716348
2019-08-17,10231.744140625,10452.625,10086.6982421875,10358.72265625,13778035685,-1.3744945908168327,-10.110786913878666,7.10660225396742,4.075101910640561,3.5236695652569616,5.343584040320186,2.3309334752034303,10855.448502604168,10855.123486328124,-5.742719983685696,-41.622958061134256,-14.496106083428051,30.05599642046757,-31.88701490146144
2019-08-18,10345.810546875,10487.0703125,10119.0947265625,10233.005859375,12999813869,1.1148285637548438,-5.047981909650423,8.68423576868369,4.048836886235419,3.522379963605772,5.339535105872321,2.3295971563919102,10873.319986979166,10896.45673828125,-5.053442643164252,-40.97215412292463,-13.542884250923459,30.05599642046757,-5.648278417853437
2019-08-19,10916.0537109375,10916.0537109375,10313.2041015625,10350.283203125,16038264603,5.511826854733437,8.599035552992863,13.621027928231765,2.5640825548529866,3.6980565374415595,5.372712476088738,2.3295971563919102,10896.468212890624,10961.888232421876,-0.41812615228835615,-37.71864146210133,-8.777517727237893,27.877645431854383,23.373032603533183
2019-08-20,10763.232421875,10947.0419921875,10618.9609375,10916.3466796875,15053082175,-1.3999682770833077,4.380395799876569,6.718515663193769,2.8223519288395336,3.583507732977613,5.316858152042375,2.3505357835845118,10906.779475911459,10995.76845703125,-2.11477748067308,-38.59056072416842,-10.054603540624507,26.857053285967304,-6.142699677218932
2019-08-21,10138.0498046875,10798.7294921875,9962.7216796875,10764.572265625,19473084768,-5.80850243386819,-2.2776300786486514,-2.515648738442977,4.136589640407836,3.7763416654291952,5.327782213815565,2.6855080517704444,10897.38544921875,10982.6875,-7.690628503383168,-42.15752949912991,-15.27908408311973,26.857053285967304,29.362774623928466
2019-08-22,10131.0556640625,10232.99609375,9831.462890625,10142.521484375,17097508856,-0.06898901425563819,-0.9840793043555229,-3.680478294128342,4.100053046582935,3.7658036893444593,5.324693376928931,2.685552358515523,10885.313525390626,10963.33154296875,-7.591450424027579,-42.19743444934958,-15.337532207879134,26.857053285967304,-12.19927885233555
2019-08-23,10407.96484375,10442.443359375,10078.1923828125,10136.3095703125,15627023886,2.7332707357414776,0.600767785118328,-3.8234353488822093,4.282730168039479,3.7595384922427573,5.33314893735603,2.685552358515523,10875.26123046875,10942.64345703125,-4.8861924029672155,-40.61753384064586,-13.023477751560542,26.857053285967304,-8.60058025051974
2019-08-24,10159.9609375,10418.0205078125,9982.296875,10407.64453125,15451030650,-2.38282805498643,-6.926429582147642,-7.385688249996503,3.132702372267658,3.774450453657411,5.261045985651463,2.7378979066630307,10848.078629557293,10902.132275390624,-6.807579647202844,-42.03251590403377,-15.095978724947878,26.857053285967304,-1.1262108337702692
2019-08-25,10138.517578125,10304.6220703125,10008.7890625,10160.7373046875,14153856610,-0.21105749822180053,-5.8041564026838355,-14.121503460711226,3.1761403868274485,3.2825817454558965,5.077167526673153,2.7383046234280783,10800.116731770833,10818.77548828125,-6.28775327571125,-42.154860625748846,-15.275175028140708,26.857053285967304,-8.395388433198148
2019-08-26,10370.8203125,10512.328125,10126.2998046875,10126.2998046875,18438654080,2.2912889639430167,2.296008722554066,-9.647432775109344,2.081612175074383,3.309956514295758,4.752603609599567,2.6671274552271838,10786.583626302083,10763.408056640625,-3.6474297181217863,-40.82946133108918,-13.333884463840462,24.4092671387927,30.27300323907973
2019-08-27,10185.5,10381.328125,10087.30078125,10372.826171875,14762609503,-1.7869397686568034,0.5374004224518059,-14.708368333320255,2.321285408200807,3.145976567072775,4.534014282191162,2.6968920166122694,10749.553092447917,10675.584619140625,-4.5907052084242395,-41.8868032178924,-14.882555748306148,23.814244608441015,-19.936620975970932
2019-08-28,9754.4228515625,10279.3662109375,9716.65625,10203.4267578125,17603790323,-4.23226300562074,-6.27924865234295,-18.48494985270044,2.453802883813638,3.2308134846746315,4.542583570851174,2.8581163476500198,10712.803955078125,10564.985400390626,-7.672159668087719,-44.34630654668511,-17.773960669090894,23.721618034939908,19.245789976512118
2019-08-29,9510.2001953125,9756.7861328125,9421.6298828125,9756.7861328125,17045878501,-2.503712008044423,-6.395307483803991,-19.832663889558198,2.4681316022966,3.2488345538217955,4.38608169015295,2.906006620949981,10691.021370442708,10447.348583984374,-8.970203120325749,-45.739714752595994,-17.471819202221674,26.47127324726213,-3.169271002228813
2019-08-30,9598.173828125,9656.1240234375,9428.302734375,9514.8447265625,13595263986,0.9250450148868827,-5.329612991605925,-15.464565883465909,2.6385380012345463,3.183595407730318,4.379800843662238,2.743118286183879,10674.605354817708,10359.5560546875,-7.349564233671857,-45.23778268885149,-16.70839637987499,22.358759540697015,-20.243101667054407
2019-08-31,9630.6640625,9673.220703125,9531.7998046875,9597.5390625,11454806419,0.33850433381186207,-7.136911330995543,-16.42645069191946,2.109762656590718,3.1503467750524567,4.371215569450905,2.743118286183879,10655.088460286459,10264.910302734375,-6.178780150328489,-45.05241020996177,-15.391471661445088,22.358759540697015,-15.74414126275282
2019-09-01,9757.970703125,9796.755859375,9582.9443359375,9630.5927734375,11445355859,1.3218884990569668,-4.197430630553233,-14.27304125611638,2.42141048163918,3.1854872024804375,4.138603451959963,2.729446858059515,10618.366813151042,10183.67802734375,-4.180290491075056,-44.326064340018256,-10.608989644784739,21.210978851128903,-0.08250300925490839
2019-09-02,10346.7607421875,10396.591796875,9730.650390625,9757.4736328125,17248102294,6.033939401703048,6.072505771370329,-5.039261185247723,3.0787338680518244,3.4059630656601296,4.141127973339153,2.55644781158976,10603.8888671875,10156.224560546874,1.876053256844945,-40.96673279975182,-5.215190249380952,16.19053314923513,50.69957200533035
2019-09-03,10623.5400390625,10736.1044921875,10308.5478515625,10345.7255859375,19384917989,2.675033314982045,11.706797132396396,5.688945194985506,2.278660165951346,2.9588269361426294,4.146804698322131,1.8800106259982945,10597.97353515625,10184.816357421874,4.307624862778403,-39.387573235222796,-2.6796650110095355,16.19053314923513,12.38870026729446
2019-09-04,10594.4931640625,10762.64453125,10434.7099609375,10621.1806640625,16742664769,-0.2734199230500889,10.380301021617688,2.743984931181598,2.505760222132863,2.912254498407229,4.138081124893854,1.8810044860612467,10587.739241536457,10198.963720703125,3.8781336436806813,-39.55329968584185,-2.94575819604852,16.19053314923513,-13.63045859414701
2019-09-05,10575.533203125,10627.26953125,10516.41796875,10588.18359375,14551239508,-0.17896052830365106,9.811048692936385,1.9393460972616516,2.6013911527242315,2.911413154772566,4.128297353724234,1.881430099715924,10573.15068359375,10209.0234375,3.5900570497147566,-39.66147542006618,-3.1194469799219693,16.19053314923513,-13.088867819043648
2019-09-06,10353.302734375,10898.76171875,10292.2998046875,10578.1982421875,19536574783,-2.1013642005712985,6.10098194965214,1.1880534939038734,3.1823489069514617,2.9356996717369825,4.021958898057887,1.9147072951968318,10540.939762369791,10215.1013671875,1.352912342421031,-40.92940757474183,-5.155260238401382,16.19053314923513,34.260554039119185
2019-09-07,10517.2548828125,10558.673828125,10348.9189453125,10353.931640625,15307366476,1.5835734030373416,1.6478020983884623,1.6571377869400994,1.844228419600176,2.9460817613629326,4.014997013455002,1.9147072951968318,10506.663802083332,10223.673583984375,2.8715832564140786,-39.99398138407885,-3.6533241653567305,16.19053314923513,-21.64764475848704
2019-09-08,10441.2763671875,10595.6376953125,10409.0908203125,10518.1142578125,13670567493,-0.7224177456150227,-1.7156585394776158,-4.349349648896372,1.320902858803276,2.6620580854581695,3.994937591735319,1.9215094057118072,10478.076529947917,10199.934716796875,2.366109755518253,-40.427475510997326,-2.9912580353942952,16.19053314923513,-10.692884276118253
2019-09-09,10334.974609375,10450.3115234375,10144.9296875,10443.228515625,17595943368,-1.0180916017754393,-2.449560830033959,-3.9788958903239524,1.353311964023184,2.6542687178272635,3.9078020181879993,1.909457609604687,10461.015071614584,10178.521826171875,1.5370874658915623,-41.033978379785474,-2.7162831657475017,15.678092371598806,28.714066749679446
2019-09-10,10115.9755859375,10394.353515625,10020.5732421875,10336.408203125,14906809639,-2.119008819226731,-4.345479403834728,-0.2177363415574618,1.5116105448716217,2.3528017913243073,3.878754030265224,1.4777020184944745,10432.681559244791,10177.418115234375,-0.6037143075108942,-42.28347357826496,-4.777733705136877,15.678092371598806,-15.282691429266936
2019-09-11,10178.3720703125,10215.9482421875,9980.7763671875,10123.03515625,15428063426,0.6168113381149309,-1.689612180291955,0.46704319686885487,1.4479479004509632,2.3565051765474974,3.854150650310504,1.4776214945845387,10412.448111979167,10179.783935546875,-0.013869304528602022,-41.927471499329606,-4.190391970220175,15.678092371598806,3.4967494696938273
2019-09-12,10410.126953125,10442.25390625,10099.2421875,10176.8193359375,15323563925,2.2769346729666573,-1.0185921220048688,0.020773603749235647,1.6901879218928095,2.3312252449327886,3.6415360671235084,1.4776214945845387,10415.01591796875,10179.892041015624,2.261663593108265,-40.60519796242939,-2.0088697849566683,15.678092371598806,-0.6773338825136865
2019-09-13,10360.546875,10441.4892578125,10226.5966796875,10415.3623046875,14109864675,-0.4762677568511009,-0.7731764714244971,1.9742786289624892,1.6744294835096496,2.265568515882503,3.551698649255248,1.382321725607872,10406.106868489584,10189.921337890624,1.674453918254648,-40.88807625377988,-2.475569942744893,15.678092371598806,-7.9204763065586885
2019-09-14,10358.048828125,10422.1337890625,10291.6943359375,10345.4033203125,13468713124,-0.024111148814232042,0.22326342949181566,2.165319025275081,1.6021426229910598,2.2645075690265957,3.115663732663616,1.3815263866769245,10420.780322265626,10200.897900390624,1.540559755316817,-40.90232881768129,-2.4990842032062255,15.678092371598806,-4.543995040122528
2019-09-15,10347.712890625,10387.03515625,10313.0927734375,10356.4658203125,12043433567,-0.09978652998753335,2.2908052982022253,-0.2228119008787388,1.0897425195738164,2.2068552668116337,3.1037937744201147,1.3817065624302964,10431.678824869792,10199.742529296875,1.4507264365066774,-40.96130033305757,-2.5963769837859196,15.678092371598806,-10.582150973728021
2019-09-16,10276.7939453125,10386.8671875,10189.744140625,10347.22265625,15160167779,-0.6853586494147135,0.9669706935460765,0.8963128497619266,1.1932035312349167,2.1730884172765736,2.821201203275853,1.3315183670302726,10425.184016927084,10204.3072265625,0.7103541390964141,-41.36592716772694,-3.2639411389708384,15.678092371598806,25.879116571374695
2019-09-17,10241.2724609375,10296.771484375,10199.7392578125,10281.513671875,15304603363,-0.3456475294145833,-1.622021450341793,4.991065250949367,0.2712997424527625,1.9284089039216603,2.816775487135737,0.9398469370228265,10420.359684244791,10228.64970703125,0.12340586751711236,-41.56859439186683,-3.598306936477025,15.678092371598806,0.9527307751835856
2019-09-18,10198.248046875,10275.9287109375,10191.4697265625,10247.7958984375,16169268880,-0.4201080893668663,-1.5665083135391944,7.234840880653937,0.26461560427177605,1.8246689090290225,2.801628283875205,0.7607286733175441,10410.878157552082,10263.052099609375,-0.6314306125060121,-41.814069453557366,-4.003298247323506,15.596221566091618,5.64970876076667
2019-09-19,10266.4150390625,10295.6689453125,9851.6923828125,10200.49609375,19937691247,0.6684186526369817,-0.8846626481783804,6.9621703347296116,0.5163974726380489,1.821425410273611,2.796055440917023,0.7607286733175441,10405.333317057291,10296.46416015625,-0.2918392238962064,-41.42514384057454,-3.3616383868923183,14.341068235510601,23.30607768951889
2019-09-20,10181.6416015625,10285.8720703125,10132.1865234375,10266.318359375,14734189639,-0.8257355384274523,-1.6049081649043395,5.72107526009451,0.586705211085979,1.8404026402242646,2.7804109146808296,0.7828154784996108,10402.642236328125,10324.013037109375,-1.3790319232949821,-41.90881724446568,-4.159615682485784,13.730825690784654,-26.098817277968255
2019-09-21,10019.716796875,10188.09765625,10000.7080078125,10183.6484375,13425266806,-1.5903604843314323,-2.5015306311046426,2.682382451365384,0.8201163161616998,1.8697958873017357,2.731381164856868,0.8598036967149653,10404.624723307292,10337.100341796875,-3.0703343725761445,-42.83267645989045,-5.683823282702905,12.004452747068362,-8.883575310686965
2019-09-22,10070.392578125,10074.4443359375,9922.533203125,10024.115234375,13199651698,0.5057606145695059,-1.6685415163425588,-2.671059773670481,0.9404371900496085,1.2647039992747826,2.7290811371403505,0.8598036967149653,10408.932503255208,10323.28193359375,-2.44969920511231,-42.54354665302106,-5.206809207699036,10.628319432346899,-1.6805260652188236
2019-09-23,9729.32421875,10074.23828125,9727.1435546875,10067.962890625,15144925408,-3.3868427345709606,-4.598082199703802,-8.417305502916072,1.6657793798416565,1.2838954619818137,2.762460321111438,1.1457737919504551,10405.890543619791,10278.571142578125,-5.3436116383230985,-44.48950636874537,-8.166213634902642,12.044832663108984,14.737310911732205
2019-09-24,8620.56640625,9804.3173828125,8370.8017578125,9729.3212890625,25002886689,-11.396041364961839,-16.031386092908186,-18.631629916079817,4.718967748428491,2.765820495564836,3.13014259667357,2.7933040649382503,10385.061588541666,10179.8748046875,-15.317559678823256,-50.81550518485764,-18.48575158647623,30.199735151751096,65.09085396876719
2019-09-25,8486.9931640625,8744.828125,8325.396484375,8603.4287109375,21744728353,-1.5494717619790932,-16.644157237276303,-19.748791847633274,4.632933631138871,2.7617235295621847,3.09566610913854,2.8144252331025865,10368.550179036458,10075.447802734376,-15.765598410829796,-51.577605043290355,-19.304103032321606,30.909822003128127,-13.031128671368275
2019-09-26,8118.9677734375,8515.685546875,7895.62939453125,8487.669921875,19258205289,-4.336346023976723,-18.970087298578285,-21.580890835144505,4.513650843325445,2.850076448421831,3.1400835968943395,2.939455333822127,10344.651969401042,9963.7310546875,-18.514783981268934,-53.677367641709935,-22.803356351991876,34.19623903132227,-11.435061517597433
2019-09-27,8251.845703125,8271.5205078125,7965.9228515625,8113.10107421875,16408941156,1.636635757099958,-18.05835135911449,-21.539928478767546,4.8161159262369635,2.8527953036646676,3.1491631184844526,2.939455333822127,10323.530305989583,9850.460595703125,-16.22883394179008,-52.9192348769042,-20.968994470282876,34.19623903132227,-14.795065740770031
2019-09-28,8245.9150390625,8285.6171875,8125.431640625,8251.2734375,14141152736,-0.07187075808087195,-15.246785350504899,-21.025794653076023,5.107662152690486,2.8617963491304677,3.145803592503699,2.93505733502256,10300.838492838542,9740.692529296875,-15.345700377448157,-52.95307217970845,-20.78948627435162,32.35564894517084,-13.820443369502689
2019-09-29,8104.185546875,8261.70703125,7990.4970703125,8246.037109375,13034629109,-1.7187842891431715,-5.990103608512531,-21.584852859497307,2.210587853920439,2.86461576852201,3.0768583843169774,2.95134664280896,10267.814453125,9629.153076171875,-15.836985010348748,-53.76170738360815,-22.150944139617657,32.25359733174178,-7.82484743399352
2019-09-30,8293.8681640625,8314.2314453125,7830.7587890625,8104.2265625,17115474183,2.340551263175872,-2.2755408925951848,-18.012176941272596,2.6923826995986695,2.9586375261813953,3.063839744792961,2.9130631794078354,10232.7177734375,9538.047705078125,-13.044383709186258,-52.67947644170423,-20.32884707930698,33.349196259691574,31.30771915237929
2019-10-01,8343.2763671875,8497.6923828125,8232.6796875,8299.720703125,15305343413,0.5957196587605074,2.762772313050199,-18.029363541125278,1.5750268837970909,2.9580555771181154,3.060223004786223,2.9130631794078354,10196.469466145832,9446.292919921874,-11.676713416414962,-52.397578780239066,-19.85423035899726,33.349196259691574,-10.575989602426084
2019-10-02,8393.0419921875,8393.0419921875,8227.6953125,8344.212890625,13125712443,0.5964758065035269,1.7110873632674606,-19.376180233152628,1.4612711648127046,2.8846726980895743,3.0334928767702913,2.9130631794078354,10155.991389973959,9345.438671875,-10.191032364844755,-52.113641854353276,-18.990357425630588,33.33943158096633,-14.240980494097721
2019-10-03,8259.9921875,8414.2275390625,8146.43701171875,8390.7744140625,13668823409,-1.5852393543526522,0.1707166320634279,-20.274554160539903,1.7062814765161585,2.8841439637487833,3.0286219416640785,2.9326173853641917,10110.821516927082,9240.4109375,-10.6101206605564,-52.87275524904433,-20.255326803714123,33.09225925359194,4.137763708892184
2019-10-04,8205.939453125,8260.0556640625,8151.23681640625,8259.494140625,13139456229,-0.6543920762636879,1.2555722677060066,-20.777169626352997,1.4828712756426423,2.875376517578205,2.838666005001897,2.9362607362152437,10050.826285807292,9132.80546875,-10.148754605542475,-53.181152204455984,-20.698036949212618,32.64404428799341,-3.872807220930574
2019-10-05,8151.50048828125,8215.5263671875,8071.12060546875,8210.1494140625,12200497197,-0.6634092921928403,-1.716541340723643,-21.22413354098288,0.9362947839166242,2.8676429037956455,2.8238514866088784,2.9399208897365465,9995.381811523437,9022.994848632812,-9.658593127575744,-53.49175279122924,-20.680510559430342,32.64189930109593,-7.146102666924914
2019-10-06,7988.15576171875,8161.41015625,7958.8505859375,8149.876953125,13160830305,-2.003860844973604,-4.256368719432224,-22.269962750762893,1.0045661145608433,2.8716896716997873,2.76529116381717,2.969919515457257,9929.484928385416,8908.562939453124,-10.331713251507612,-54.42371334672933,-22.19138100958554,31.49136324766979,7.871262068206031
2019-10-07,8245.623046875,8308.4501953125,7905.76611328125,7989.12060546875,18009742607,3.2231129792197777,-1.7564423655895167,-19.486342362966635,2.0747416375100425,3.0345001839921992,2.8078495674612975,2.968913659499775,9867.471858723959,8808.78046875,-6.3931372097744354,-52.95473813616135,-19.68352131195382,31.477283653441447,36.84351359015565
2019-10-08,8228.783203125,8332.71484375,8185.76318359375,8246.849609375,15592264032,-0.20422766908295698,-0.37783309798076203,-19.31179585648041,1.9554814376173117,3.0371732888073844,2.808005244359994,2.9677784998661414,9806.90263671875,8710.3072265625,-5.528209406541585,-53.05081757787984,-19.847549784267937,31.477283653441447,-13.42317115659597
2019-10-09,8595.740234375,8627.7060546875,8169.298828125,8229.8408203125,19384942333,4.45943248463081,4.750227362469217,-16.273205382120036,2.745133811167449,3.2584012111023775,2.838461977221625,2.9677784998661414,9760.931233723959,8626.773486328126,-0.35973185110641515,-50.957150485679236,-15.576087130626593,31.35217604555953,24.324102601240515
2019-10-10,8586.4736328125,8625.2724609375,8471.93359375,8585.2802734375,17618660671,-0.10780457889411066,5.336111371845909,-15.66709997438136,2.6731812921052724,3.2624195231719053,2.8276539995358654,2.9621273363341674,9711.979475911457,8547.015087890624,0.4616646222817655,-51.01002092307583,-14.735462731968186,30.10358166669722,-9.11161679853526
2019-10-11,8321.7568359375,8721.7802734375,8316.181640625,8585.2626953125,19604381101,-3.0829512579344187,4.176196410909383,-16.9461871563782,3.0065044935943206,3.298431339912555,2.846416426452834,3.020424714521448,9660.965152994791,8462.11708984375,-1.6586895739685636,-52.520358099289666,-17.364126856244933,28.652211200897092,11.270552666176602
2019-10-12,8336.5556640625,8415.2421875,8313.3408203125,8315.6650390625,14532641605,0.17783297946283305,1.1027986201959994,-17.217173020928268,2.700343912712293,3.2920404815297943,2.803478132525599,3.020424714521448,9618.310579427083,8375.425244140624,-0.4640908245860942,-52.43592363745935,-14.315162321381036,28.649579850691453,-25.870439213922936
2019-10-13,8321.005859375,8470.98828125,8276.6123046875,8336.90234375,13808286059,-0.18652553061611066,1.120732603758201,-14.474986419518633,2.6996135245811206,3.241504711164701,2.632604332841049,2.9242383383258534,9589.465608723958,8305.009326171876,0.1926130673052251,-52.52464278327723,-3.474952024704725,25.202648260683745,-4.984335027919373
2019-10-14,8374.6865234375,8390.208984375,8284.130859375,8320.83203125,15151387859,0.6451222961466829,-2.571665789218358,-2.852247418849818,1.4742704168915217,2.057513294268995,2.6086293195835495,1.434462240610984,9557.184619140626,8292.71533203125,0.988472269024232,-52.21836866869687,-2.571665789218358,11.672806691660753,9.726781399669736
2019-10-15,8205.369140625,8410.71484375,8182.70654296875,8373.4580078125,15220412632,-2.0217757684260373,-4.438428492124413,-3.3183015232062907,1.587579030851824,2.0773441473117455,2.614989471245919,1.4635633384209543,9521.035123697917,8278.634130859375,-0.884988865026326,-53.18440611271183,-4.541448241873081,11.37848206510359,0.45556732916054443
2019-10-16,8047.52685546875,8216.8125,7985.08984375,8204.6748046875,16071646996,-1.9236463643636514,-3.2953375816568986,-0.8799261182250384,1.2329543369045983,1.882215841029185,2.6195724297906877,1.1776432271037895,9484.631502278646,8275.062084960937,-2.749649817198452,-54.084972582479885,-6.377733202242486,11.37848206510359,5.592715418308236
2019-10-17,8103.9111328125,8134.83154296875,8000.94287109375,8047.8125,14313052244,0.7006410585064904,-2.7906552852863697,-1.7927452310030123,1.3395242099229467,1.850022293812685,2.616150349404217,1.1776432271037895,9447.26651204427,8267.665356445312,-1.98065858465295,-53.763273048368234,-5.721777161152907,11.37848206510359,-10.942218631591949
2019-10-18,7973.20751953125,8138.41357421875,7902.1640625,8100.93359375,15651592610,-1.6128460830725944,-4.179763188748353,-3.307183232417288,1.3916991691198535,1.8817337598853257,2.5038509054944047,1.2315230101115455,9398.219075520834,8254.02998046875,-3.402246679525034,-54.509000287948595,-7.2423397853996985,11.37848206510359,9.351886258649778
2019-10-19,7988.560546875,8082.62939453125,7944.77685546875,7973.8037109375,13797825640,0.19255772919670733,-4.610631997769509,-1.426731894663802,1.281080295945238,1.8461367410560066,2.5024879846488663,1.170016219034562,9351.974544270834,8248.24873046875,-3.14840388644525,-54.421403851914185,-7.063727741234471,11.37848206510359,-11.843951067417924
2019-10-20,8222.078125,8281.818359375,7949.439453125,7997.80712890625,15504249442,2.9231496307097427,0.20363476753622045,-0.8655796986690389,1.9595155067880303,1.8900128409350267,2.4395171937526205,1.170016219034562,9320.041682942709,8244.659228515626,-0.2738876512630717,-53.08907328692874,-4.347061441906974,10.372047510719472,12.367338496096547
2019-10-21,8243.720703125,8296.6943359375,8196.416015625,8225.115234375,15868748866,0.2632251578733369,2.437939645059095,-1.1932442326138548,1.6222200222012089,1.8857078858891265,2.4404699520265525,1.170016219034562,9288.586100260416,8239.6814453125,0.04902201425271979,-52.96559192602841,-4.09527884337696,10.372047510719472,2.3509646523913297
2019-10-22,8078.203125,8296.6513671875,8074.462890625,8243.40234375,16803377857,-2.0078018662405217,-0.31722963629757794,-3.7511889906015172,1.9539719341717,1.9286354419160077,2.4168052501982986,1.2531964608583437,9249.75673828125,8223.939501953126,-1.772099331695165,-53.9099496491128,-6.0208556245723965,10.372047510719472,5.88974593329481
2019-10-23,7514.671875,8092.99951171875,7469.32275390625,8076.228515625,21942878958,-6.975948008239763,-5.750955853187268,-9.02325686975718,3.710238979960675,2.4441195014218073,2.550006081391733,1.9692751736772782,9205.668587239583,8186.673486328125,-8.20848189988741,-57.12516759856222,-12.576791874790816,16.76801981647198,30.586118724093158
2019-10-24,7493.48876953125,7532.86767578125,7446.98876953125,7509.72802734375,16268708849,-0.2818899590176671,-6.197258873345013,-8.682134296304532,3.6741386557508138,2.4438431644494196,2.549901249218618,1.9648425783348618,9161.584773763021,8151.050952148437,-8.067207363534745,-57.24602744604752,-12.823229120346902,17.118214399919008,-25.858822444678776
2019-10-25,8660.7001953125,8691.5400390625,7479.984375,7490.703125,28705065488,15.576341830619223,5.33468623922253,6.246699092557062,8.467924621135614,4.330154537591302,3.2690882416961977,1.9592347391747618,9133.082771809895,8176.5109375,5.9217099018587405,-50.58652253487477,0.0,17.118214399919008,76.44341511320631
2019-10-26,9244.97265625,10021.744140625,8662.6220703125,8667.5771484375,44496255609,6.74624969992299,12.145631677519697,15.733505104572853,8.758026221857271,4.5139522094503235,3.3845917327577864,1.9073090596146922,9117.40731608073,8239.351782226562,12.205096961543793,-47.25296595966224,0.0,34.57444949599162,55.011858891600255
2019-10-27,9551.71484375,9749.529296875,9112.5419921875,9241.70703125,32593129501,3.317935043243514,18.240587615206817,15.839819373867625,8.3711060689573,4.516652433053508,3.3689025164164588,1.9073090596146922,9114.028849283854,8304.656372070312,15.016376545978648,-45.50285363296628,0.0,34.57444949599162,-26.750848908716762
2019-10-28,9256.1484375,9805.1181640625,9256.1484375,9565.1015625,30948255332,-3.0943805493041765,23.174352672584252,12.485020069368735,7.239789984736965,4.59699830486293,3.3772541169654375,2.028423513727577,9109.794653320312,8356.024633789062,10.772153543817087,-47.189202730073596,-3.0943805493041765,34.57444949599162,-5.046689882754385
2019-10-29,9427.6875,9516.1806640625,9232.6484375,9248.4404296875,28426779937,1.8532445072405368,25.81172521847581,9.678599433449397,6.947781252184471,4.520689989770589,3.3836369462924125,2.028423513727577,9106.95321451823,8397.621997070313,12.266157053616444,-46.21048953043875,-1.2984824796267391,34.57444949599162,-8.147391082148769
2019-10-30,9205.7265625,9426.8740234375,9085.3701171875,9422.462890625,27706531577,-2.354351875791383,6.293098189479984,7.211958670915575,4.08363958938308,4.565712922763099,3.3972449530294675,2.0954878900708356,9099.870922851562,8428.584643554688,9.220313395554381,-47.476883879157874,-3.6222635088022037,34.57444949599162,-2.533696611421443
2019-10-31,9199.5849609375,9383.1611328125,9028.7177734375,9202.4580078125,26583653947,-0.0667150118005666,-0.490944613901223,10.548591388889172,2.7176331021236027,4.492351998429751,3.392678734918212,1.9789043986846686,9090.564493815104,8472.476049804687,8.582011998128625,-47.51192468227592,-3.686561927075427,34.57444949599162,-4.052754228292265
2019-11-01,9261.1044921875,9275.6572265625,9132.0478515625,9193.9921875,24324691031,0.6687207250242189,-3.042494005698415,11.090297544711136,2.0743752132605735,4.491302196940555,3.299222326937866,1.9789043986846686,9072.47022298177,8518.703491210938,8.714952947270959,-47.16092604445997,-3.042494005698415,34.57444949599162,-8.497563655108165
2019-11-02,9324.7177734375,9377.486328125,9249.587890625,9259.783203125,21242676385,0.6868865512063227,0.7407977130066357,12.06238681987768,1.5633952143755403,4.487311588359622,3.280482050265926,1.9784648165825311,9050.823185221354,8568.889086914063,8.820614654444503,-46.79798155167742,-2.3765059366385066,34.57444949599162,-12.670313641691077
2019-11-03,9235.3544921875,9379.806640625,9141.251953125,9324.787109375,21132220847,-0.9583483749455834,-2.040086795542384,10.277017131821275,1.2811807098161505,4.501924628102215,3.2820563280505786,1.9900363340509615,9028.170874023437,8611.922485351562,7.23917345861349,-47.30784223091516,-3.3120791055598287,34.57444949599162,-0.5199699698762772
2019-11-04,9412.6123046875,9505.0517578125,9191.4853515625,9235.607421875,26170255634,1.919339562438549,2.2473591930294745,14.712844033858353,1.0622325886264385,4.468102389931036,3.293191233613778,1.93800561091893,9008.788859049479,8672.284643554687,8.53670850948176,-46.296500800550575,-1.4563095877335508,34.57444949599162,23.840536323541283
2019-11-05,9342.52734375,9457.41796875,9256.931640625,9413.0048828125,26198609048,-0.7445856545328811,1.553791648421643,16.09190638986466,1.1812556294566565,4.438250292035922,3.284152432928243,1.8969885005037825,8991.942602539062,8737.03466796875,6.930185111901577,-46.69636935157187,-2.1900517699905864,34.57444949599162,0.10834213618899913
2019-11-06,9360.8798828125,9423.2373046875,9305.9091796875,9340.8642578125,23133895765,0.1964408386214478,1.0773595169903283,15.510643310371087,1.1646054479578831,4.440500415313728,3.2768379431525942,1.8969885005037825,8972.669685872395,8799.88310546875,6.375048061662469,-46.59165925251041,-1.997913087432357,34.57444949599162,-11.697999986888464
2019-11-07,9267.5615234375,9368.4765625,9202.353515625,9352.3935546875,22700383839,-0.9968973060571096,-0.6129542082529915,16.233792996552367,1.2370199981941363,4.42490351466194,3.277853189371503,1.8756843973868993,8953.107771809895,8864.600805664062,4.545728867068277,-47.12408556263193,-2.9748932517434934,34.57444949599162,-1.873925301660062
2019-11-08,8804.880859375,9272.759765625,8775.5341796875,9265.3681640625,24333037836,-4.992474696740768,-4.661148991916364,10.218615828346334,2.5460732883358803,4.612926676501512,3.3354126293219544,2.182757920265208,8927.606209309895,8905.416821289062,-1.1289304468458217,-49.76390221158784,-7.818847155635911,34.57444949599162,7.192186742653428
2019-11-09,8813.58203125,8891.818359375,8793.1630859375,8809.46875,17578630606,0.09882214210468199,-6.364123519027565,7.194092506266481,2.1348309432188213,4.580663982826241,3.326208008497419,2.182757920265208,8905.899650065105,8934.992016601562,-1.358814704321809,-49.71425782364353,-7.727751765778312,34.57444949599162,-27.758175019179298
2019-11-10,9055.5263671875,9103.826171875,8806.162109375,8812.4892578125,20587919881,2.745130584586919,-3.0719843357429277,9.8475639010279,2.8179518189969937,4.609076840268446,3.3460954045779814,2.182757920265208,8887.18555501302,8975.582299804688,0.8906839101074482,-48.33384853547385,-5.194758058414739,34.57444949599162,17.11901991940634
2019-11-11,8757.7880859375,9081.279296875,8700.6083984375,9056.91796875,20265510765,-3.2879179981060824,-6.442682786501042,8.412575797139299,2.9998731074889466,4.655367599280976,3.355063571218105,2.259068161851263,8859.64657389323,9009.561547851563,-2.7945140346380293,-50.032589228404746,-8.31187667136014,34.57444949599162,-1.5660111262505105
2019-11-12,8815.662109375,8853.7685546875,8685.427734375,8759.751953125,20309769107,0.6608292284490114,-4.876141506259812,17.312668550481458,3.1287425502829667,4.31005000122181,3.3568788154771365,1.634073569092539,8833.898494466146,9074.611059570312,-2.853554256986235,-49.702389973326866,-7.705974753388112,34.57444949599162,0.2183924329034692
2019-11-13,8808.2626953125,8836.841796875,8761.6513671875,8812.033203125,17545755405,-0.0839348646839655,0.03840865074169475,17.545551427622886,2.1677245446803317,4.307456713214267,3.35683024265489,1.6329652736150133,8808.068725585938,9140.349755859375,-3.633198612930455,-49.74460720424203,-7.783441618590247,33.980816512400814,-13.609281757158676
2019-11-14,8708.0947265625,8826.943359375,8692.5517578125,8811.9365234375,19084739975,-1.1372046022572246,-1.1968721039127717,0.5472367150597401,2.227092074926804,2.5867501923156855,3.3588961463865155,1.652645545845299,8780.741756184896,9142.719482421875,-4.753779843021544,-50.31611384399783,-8.832132564546857,15.68949977594336,8.771264242982868
2019-11-15,8491.9921875,8730.873046875,8484.84375,8705.7080078125,21796856471,-2.481628253345902,-6.223096889535363,-8.144756039283173,1.6349649500443566,2.1102392898262887,3.370983134342963,1.7433190297798444,8750.995060221354,9105.070458984375,-6.73337207269411,-51.549083200205395,-11.094580120798003,15.560385706130408,14.210916677684526
2019-11-16,8550.7607421875,8591.9970703125,8473.9736328125,8491.166015625,16495389808,0.6920467352055093,-2.3639227361806903,-10.479313065103247,1.3481453794020666,1.9415191054185275,3.373210829238858,1.7433190297798444,8722.819864908854,9055.02275390625,-5.568865207999806,-51.213780212315285,-9.301610366407454,15.708622529761108,-24.32216163855291
2019-11-17,8577.9755859375,8727.7890625,8500.9677734375,8549.470703125,18668638897,0.31827394743637605,-2.6961845915660976,-7.326728348639877,1.283465127684605,1.8525645508809832,3.373908965681046,1.60012552332526,8695.81532389323,9021.114111328125,-4.912237223938454,-51.05850638479203,-9.012941021459397,12.298917561112276,13.174887737093721
2019-11-18,8309.2861328125,8653.2802734375,8273.5732421875,8573.98046875,21579470673,-3.1323177646423006,-5.6648692229120385,-11.862944833369793,1.6771947552924455,1.8739256126113941,3.3923281070037987,1.746703300315089,8663.196508789062,8965.19404296875,-7.316159661604504,-52.59150948358246,-11.721784943012493,14.88448194723906,15.59209427135988
2019-11-19,8206.1455078125,8408.5166015625,8099.96337890625,8305.134765625,21083613816,-1.2412693864603863,-5.764168104635936,-10.858252718034711,1.6776703478176906,1.8356081668769781,3.393851109378394,1.6884493673390657,8630.27157389323,8915.214990234375,-7.953475975605551,-53.17997656294574,-12.817555401428537,17.346848537184133,-2.297817516072864
2019-11-20,8027.26806640625,8237.240234375,8010.51171875,8203.61328125,20764300437,-2.1797985575073398,-5.472498217530298,-12.743149821530464,1.6231758247854653,1.8664659063980928,3.398489978997902,1.757331729922745,8597.064095052083,8856.599145507813,-9.363990234583564,-54.200558758451244,-14.717957071187836,18.657235536704462,-1.5145097125506934
2019-11-21,7642.75,8110.09814453125,7597.3818359375,8023.64453125,22514243371,-4.790148568918983,-10.619063841975862,-17.474746058126378,1.9260863537520376,2.0515159685235123,3.445313266651941,2.0580308487991856,8556.603385416667,8775.681420898438,-12.909896867956839,-56.39442003765619,-18.803093630087208,25.10957015285513,8.427651773337708
2019-11-22,7296.57763671875,7697.3828125,6936.70654296875,7643.5693359375,34242315785,-4.529421520804034,-14.93823264453491,-21.75015036375829,1.5144903012268882,2.1629649068163395,3.465194873406054,2.293746703597682,8516.05760904948,8674.2744140625,-15.882559296374865,-58.369500560742,-22.480843781433137,37.0254269650069,52.09179016473908
2019-11-23,7397.796875,7442.2587890625,7151.41796875,7296.16455078125,21008924418,1.3872152579023078,-10.969525459150153,-19.896990621658894,2.5444929992590395,2.238803179136563,3.158322704438083,2.283714596852503,8495.67811686198,8582.396533203126,-13.802667513907195,-57.79199592057967,-21.405486218572058,37.0254269650069,-38.64630958399417
2019-11-24,7047.9169921875,7408.5771484375,7029.2890625,7398.6337890625,30433517289,-4.729514593660699,-14.114160107474715,-25.12262521768135,2.666943809714713,2.2636572558829027,3.2075270701761074,2.5166977916427844,8471.693513997396,8464.161767578125,-16.732250803801207,-59.78822963320876,-24.708819251829397,36.33873525089968,44.85994943617966
2019-11-25,7146.1337890625,7319.85693359375,6617.1669921875,7039.97705078125,42685231262,1.3935577984796277,-10.976764075330392,-23.509629395485277,3.3279457267924593,2.3458067761545482,3.169182963608751,2.5111844585001832,8455.479614257812,8354.34208984375,-14.462040071953142,-59.227855371355616,-23.659593130945865,42.405916547262024,40.25730531458584
2019-11-26,7218.37109375,7320.23046875,7098.572265625,7145.1591796875,21129505542,1.0108585540066883,-5.55269904484642,-22.887899597946536,3.232409643840921,2.3800519061488803,3.164179777525708,2.5111844585001832,8438.255037434896,8247.216650390625,-12.475064015589965,-58.815706659724995,-22.11143054734661,41.578360853833814,-50.49925953942229
2019-11-27,7531.66357421875,7619.693359375,6974.17431640625,7220.880859375,23991412764,4.340210227484875,3.2218657733040557,-18.730902889920877,3.3082764206131703,2.690506136763981,3.217442180340161,2.5012711113895,8426.350846354168,8160.4217529296875,-7.704971602542554,-57.028221748053,-16.82798692398968,40.131868767598,13.544601014497326
2019-11-28,7463.10595703125,7730.07275390625,7454.12158203125,7536.8203125,19050116751,-0.9102586236349741,0.882817994799967,-15.238989871340447,3.3449215998145867,2.5209395440479803,3.212243604342748,2.2475643552269897,8415.666186523438,8093.3330078125,-7.786990232242896,-57.41937606532065,-17.585067345464868,37.578909261672734,-20.59610270394162
2019-11-29,7761.24365234375,7781.1796875,7460.75634765625,7466.72705078125,19709695456,3.9948206152910615,10.121099055890713,-11.939962380505587,2.194643256181457,2.734912214787222,3.2404193339682843,2.2475643552269897,8406.789111328126,8040.716088867188,-3.4757157625597945,-55.71835652225852,-14.29273862570325,37.578909261672734,3.4623341873502023
2019-11-30,7569.6298828125,7836.10205078125,7515.849609375,7764.05712890625,17158194786,-2.468853937775628,5.926226771715082,-16.408725723102226,2.9841739623668504,2.6465389141899283,3.2540217577769375,2.314369788774133,8393.895003255207,7966.4212646484375,-4.980798386807983,-56.8116056209705,-14.134301100735346,37.23817621040444,-12.945408901400734
2019-12-01,7424.29248046875,7571.6162109375,7291.341796875,7571.6162109375,18720708479,-1.9200067188720915,2.852740376524099,-15.226397263596292,3.300109888039676,2.5976808633323767,3.2609491113162408,2.236092254604588,8377.749178059896,7899.746484375,-6.018598253078833,-57.640825694820855,-15.782928288807717,33.79998668827042,9.106515647408964
2019-12-02,7321.98828125,7474.81884765625,7233.3994140625,7424.0361328125,17082040706,-1.3779656376399996,-2.783917402876024,-16.943410598014587,2.599457107624731,2.57766317065175,3.259516318680834,2.2572213086067703,8362.115779622396,7825.06279296875,-6.429015651743908,-58.224520561134256,-16.873638599055994,33.544186013563504,-8.753235887617073
2019-12-03,7320.1455078125,7418.85888671875,7229.35693359375,7323.9755859375,14797485769,-0.025167664392733435,-1.9155623682933554,-16.894559562715273,2.5977737401257923,2.5786664111754813,3.258878871756352,2.2571502948451467,8347.35254720052,7750.65693359375,-5.55451530715132,-58.23503447359788,-15.938609561932148,33.39459877310718,-13.374016467467841
2019-12-04,7252.03466796875,7539.78466796875,7170.9228515625,7320.125,21664240918,-0.930457458407874,-6.560919965722611,-16.720765038904517,0.9365586937448585,2.578034753431819,3.2597884391781418,2.252410551441527,8332.361450195312,7677.853930664062,-5.546071422310616,-58.62363971033976,-15.45750398430209,31.942764285426506,46.40487753254347
2019-12-05,7448.3076171875,7743.431640625,7232.6767578125,7253.24169921875,18816085231,2.706453543109233,-1.6027502995948684,-12.290220566250376,1.8233046578541747,2.667742592502879,3.2709428211631195,2.1829863382199375,8323.363981119792,7625.669702148438,-2.3258558512043614,-57.50380774127062,-13.169400605452253,31.896158473926796,-13.146805825232377
2019-12-06,7546.99658203125,7546.99658203125,7392.17529296875,7450.5615234375,18104466307,1.3249850827323328,1.6527379798856323,-11.738887222091332,1.678474945256634,2.687799995269487,3.2476920226806008,2.1829863382199375,8311.72020670573,7575.481494140625,-0.3760145428565398,-56.9407395331132,-12.018908116227433,31.896158473926796,-3.781971197853573
2019-12-07,7556.23779296875,7589.95166015625,7525.71142578125,7547.265625,15453520564,0.12244885547587625,3.199260948267435,-11.91117627618058,1.4067762831324642,2.684679914323788,3.2477835731591926,2.1829863382199375,8300.511116536458,7524.394604492188,0.42319934227734723,-56.88801396149512,-9.062732078391678,30.77016620033799,-14.642495934691125
2019-12-08,7564.34521484375,7634.6064453125,7476.09130859375,7551.3388671875,15409908086,0.10729442478032425,3.335995258162905,-8.965161459864234,1.3922991847019828,2.6206748671940954,3.1925427965264386,2.0675731242014646,8283.32119954427,7487.14755859375,1.0310689838267217,-56.841757204063725,-7.8209713970796235,27.07124682647335,-0.28221710269437095
2019-12-09,7400.8994140625,7618.091796875,7365.9853515625,7561.79541015625,17872021272,-2.1607395767781146,2.0527307563940056,-9.812720149592536,1.7953694598301997,2.6435149351449896,3.202910105023339,2.1050560361578934,8263.56162923177,7446.88525390625,-0.6175177712000934,-57.77429443679751,-7.803011524743697,24.482882842464537,15.977468342182032
2019-12-10,7278.11962890625,7424.02294921875,7246.0439453125,7397.13427734375,18249031195,-1.658984648851669,-2.2849215825690217,-9.332545410251736,1.4297793201648359,2.6284293544275563,3.1864087814619744,2.081176669832598,8246.16767578125,7409.42783203125,-1.7721773678306074,-58.47481240996035,-6.224827425584111,22.561485211214503,2.109497953601136
2019-12-11,7217.42724609375,7324.15625,7195.52734375,7277.19775390625,16350490689,-0.8339019679128423,-4.366893933968063,-5.565048626557845,1.0281993830931666,2.4261410314650815,3.187187502135343,1.7940986009815956,8227.51553548177,7388.161694335938,-2.310919215169316,-58.82109176645318,-7.006820435095829,18.420799415110345,-10.403513949388044
2019-12-12,7243.13427734375,7266.6396484375,7164.7412109375,7216.73876953125,18927080224,0.3561799845493985,-4.143642963649841,-0.7324441955644523,1.0889582126858603,2.209721455967932,3.1879725643522008,1.4808804220422331,8209.551009114582,7385.489526367188,-1.9274991659687601,-58.67442073746933,-6.67559734248957,18.420799415110345,15.758484463915412
2019-12-13,7269.6845703125,7293.560546875,7227.12255859375,7244.662109375,17125736940,0.3665580666065926,-3.8953886445191377,-1.731762940402437,1.1497033047559162,2.1873400906374396,3.1869492211748796,1.4808804220422331,8191.134309895833,7379.083911132812,-1.4825599239393639,-58.52293849311063,-6.333509216436061,18.420799415110345,-9.517280334215805
2019-12-14,7124.673828125,7308.83642578125,7097.208984375,7268.90283203125,17137029730,-1.994732244362929,-3.732324552508337,1.0890712251943935,1.1014697883788638,1.9533350648309327,3.1866872847942798,1.1285119610090821,8173.122721354167,7382.9217529296875,-3.49790954647744,-59.350294813002805,-8.201904910259039,18.420799415110345,0.06594046165466771
2019-12-15,7152.3017578125,7181.07568359375,6924.3759765625,7124.23974609375,16881129804,0.3877781685729609,-1.728713974335394,0.0863119685702074,1.0601372832253193,1.9303352863145247,3.1792987018422303,1.1285119610090821,8158.202303059896,7383.230151367187,-3.127742042714532,-59.19266413069835,-7.845931938335182,13.166905975422827,-1.4932571748534906
2019-12-16,6932.48046875,7171.1689453125,6903.6826171875,7153.6630859375,20213265950,-3.0734342104957735,-3.9480380976194884,-3.9605974988946913,1.6358450722663522,2.0334837834334194,3.199486855249365,1.321302061775752,8138.678458658854,7368.935620117188,-5.922906290233632,-60.446850751697376,-10.678226592505947,13.506116739381756,19.738821895738567
2019-12-17,6640.51513671875,6964.0751953125,6587.97412109375,6931.3154296875,22363804217,-4.211556503438585,-8.319867029249616,-11.832026599680368,2.056116225014819,1.928862854386689,3.236161047753613,1.6225595667141608,8116.4669189453125,7324.378198242188,-9.336807071043395,-62.112653981179044,-14.440063549435934,18.94554997857647,10.639241933092958
2019-12-18,7276.802734375,7324.98486328125,6540.04931640625,6647.6982421875,31836522778,9.58190117115909,0.09791572101447432,-2.496322894635139,5.545947997295598,2.982136884213699,3.4762602665375977,1.6097425289283231,8104.6042887369795,7315.063037109375,-0.5230344911626883,-58.482325929280535,-6.241794996636374,19.81717066144664,42.35736670328767
2019-12-19,7202.84423828125,7346.6025390625,7041.3818359375,7277.5908203125,25904604416,-1.0163597776861044,1.0971787908053976,-7.19471568057104,5.468608848655968,2.8278024505125208,3.4553700982678692,1.6257061140702709,8087.617057291666,7287.14306640625,-1.1568158791010696,-58.90429486916615,-4.845489808743075,19.81717066144664,-18.63243169916513
2019-12-20,7218.81640625,7257.921875,7086.1240234375,7208.63671875,22633815180,0.22174806840695727,0.9299754217563017,-4.634486520391867,5.468702203898251,2.784662222256949,3.455287376610248,1.5291037836006913,8070.535319010417,7269.602392578125,-0.6986074834020362,-58.813165936840306,-4.5678614444474075,18.400202597860638,-12.62628520966641
2019-12-21,7191.15869140625,7223.22607421875,7112.73583984375,7220.59375,19312552168,-0.3831336508268057,3.731394900026208,-3.1401482319804885,5.178402534629048,2.7557962167713943,3.446952739302905,1.4700940992725753,8055.751245117188,7257.945703125,-0.9201916692487044,-58.97096655784646,-4.93349408095739,18.400202597860638,-14.673898260575967
2019-12-22,7511.5888671875,7518.033203125,7167.17919921875,7191.1884765625,23134537956,4.45589076158448,13.117562606734312,2.5894685794980665,4.467118303808634,2.919999873118587,3.3777969514655215,1.4374411973330297,8055.699861653646,7267.425732421875,3.3596921902669052,-57.142757647130146,-0.697434426349619,18.400202597860638,19.790164214198747
2019-12-23,7355.62841796875,7656.17626953125,7326.1923828125,7508.90234375,27831788041,-2.0762644491902904,1.0832461243093006,0.48472957427390106,2.505288594922105,2.962814373625816,3.388739483755458,1.5105460033948777,8053.402189127604,7269.199877929687,1.188969095504877,-58.0325873340061,-2.759218292489196,18.400202597860638,20.304058347453434
2019-12-24,7322.5322265625,7535.716796875,7269.52880859375,7354.39306640625,22991622105,-0.4499437644974069,1.6616767532628307,0.9721073025909188,2.4463684668284706,2.9562618482268497,2.7045929054654816,1.4995279736761835,8031.099389648438,7272.724755859375,0.6848529591745756,-58.22141709041764,-3.196747126330679,18.400202597860638,-17.390783261462683
2019-12-25,7275.15576171875,7357.02001953125,7220.9912109375,7325.755859375,21559505149,-0.6469956481979233,0.7804514244187155,-2.324714074230627,2.4885659267451254,2.894422255977354,2.5444010067055824,1.5064907275774229,7998.269108072916,7264.067163085938,0.15265000149173868,-58.49172270372141,-3.8230599597373516,17.066032672339393,-6.228864363983078
2019-12-26,7238.966796875,7388.302734375,7200.38671875,7274.79931640625,22787010034,-0.4974321654276248,0.6648178342369526,-4.081488335235806,2.4955461857980916,2.8765251779846035,2.4979983199357405,1.510591357792323,7959.723307291667,7248.665673828125,-0.1338022387781468,-58.69819822630797,-4.301474995221655,17.066032672339393,5.6935670671315775
2019-12-27,7290.08837890625,7363.529296875,7189.93408203125,7238.14111328125,22777360996,0.7061999794407026,-2.9487834358030374,-3.522247729024064,0.9900136080816773,2.882605925039933,2.4774098921230423,1.510591357792323,7926.955639648438,7235.358203125,0.7564266238762274,-58.40652491067353,-3.625652031312865,17.066032672339393,-0.04234446724517005
2019-12-28,7317.990234375,7399.041015625,7286.9052734375,7289.03125,21365673026,0.3827368615925586,-0.5116922913317001,-3.2567918765172177,0.6046909501331457,2.884511964839837,2.462297676108763,1.510591357792323,7891.794018554688,7223.040454101562,1.3145403362585517,-58.247331349489365,-2.5773326553878317,17.066032672339393,-6.197767907563612
2019-12-29,7422.65283203125,7513.9482421875,7279.865234375,7317.6474609375,22445257702,1.4302095835631912,1.3672948424257259,0.2939293827911804,0.8629567262063361,2.8629525263526805,2.459644628497537,1.4312394888012594,7862.076123046875,7224.128125,2.748078433772938,-57.65018068105636,-1.1839843304622955,17.066032672339393,5.052893370998657
2019-12-30,7292.9951171875,7454.82421875,7276.30810546875,7420.27294921875,22874131672,-1.7467840376992116,0.24520925809752292,0.20438642176434652,1.2221171463210094,2.8657806234585324,2.4661655344256834,1.4364531648354755,7830.299625651041,7224.871899414063,0.9428986246657445,-58.389940564914134,-2.910086718868121,17.066032672339393,1.9107553840283398
2019-12-31,7193.59912109375,7335.2900390625,7169.77783203125,7294.43896484375,21167946112,-1.3628967865274233,-0.6267147930673622,-0.33014707578654656,1.3720150617575364,2.876768008113214,2.465794234047949,1.4565378308501797,7795.841202799479,7223.680493164063,-0.4164272229202237,-58.95704272782707,-4.233322027018927,17.066032672339393,-7.459017830558901
2020-01-01,7200.17431640625,7254.33056640625,7174.9443359375,7194.89208984375,18565664997,0.09140341575637478,-1.2333741077840021,-0.5931128609872216,1.3056147135939846,2.8757557449546365,2.4625801574301116,1.4565378308501797,7760.432145182292,7221.532495117188,-0.29575687328664557,-58.91952806295288,-4.145788012195217,17.066032672339393,-12.293498392481172
2020-01-02,6985.47021484375,7212.1552734375,6935.27001953125,7202.55126953125,20802083465,-2.9819292162590716,-4.543870774373193,-3.9095830461394088,1.7086195759985328,2.950304032734156,2.484112091455844,1.601904349590424,7722.934073893229,7207.32177734375,-3.0781414976835286,-60.14451865782079,-7.004092764474478,17.066032672339393,12.045991718375726
2020-01-03,7344.88427734375,7413.71533203125,6914.99609375,6984.4287109375,28111481032,5.145166344511276,-1.0477191436450095,3.0908144643682967,3.1676298906600313,3.1422378077365236,2.569360180947206,1.5385544218199305,7688.471940104167,7218.332299804688,1.75320243351067,-58.093887845360015,-2.219298643619294,17.066032672339393,35.13781482176166
2020-01-04,7410.65673828125,7427.3857421875,7309.51416015625,7345.37548828125,18444271275,0.8954866877941559,1.6133511568718228,3.612193517793738,3.0575128239192466,3.1459019419431073,2.574140739053182,1.5385544218199305,7656.274096679687,7231.250048828125,2.48099136721458,-57.71862418964312,-1.3436854797411302,17.066032672339393,-34.38883118963235
2020-01-05,7411.3173828125,7544.4970703125,7400.53564453125,7410.45166015625,19725074095,0.008914790612779555,3.0265553870014283,6.907151289080216,2.923142988698716,3.049938350538928,2.573575902386551,1.3765354396416285,7623.781388346354,7255.19189453125,2.151913974858921,-57.71485489352142,-1.334890475875361,17.066032672339393,6.944176871525665
2020-01-06,7769.21923828125,7781.8671875,7409.29296875,7410.4521484375,23276261598,4.829126010697582,7.903210351149137,16.99723708664298,3.4283849764790073,3.003633604174766,2.657533893338479,1.0039867566390404,7598.809016927084,7311.627099609375,6.258417345932776,-55.67285195252325,0.0,18.987897659709517,18.00341781174941
2020-01-07,8163.6923828125,8178.2158203125,7768.2275390625,7768.68212890625,28767291327,5.077384643588934,16.866755303960645,12.187902858049293,2.5226829649306577,2.4261580469504125,2.671480370229437,1.0039867566390404,7588.122542317708,7355.97158203125,10.980477449835501,-53.42219214461973,0.0,18.267829937087598,23.59068575458789
2020-01-08,8079.86279296875,8396.73828125,7956.7744140625,8161.935546875,31672559265,-1.0268587535248286,10.006672506633452,12.176003335271002,2.8200694815049943,2.42652823374443,2.6740736222830153,1.0045207775880998,7575.893888346354,7399.822509765625,9.18995397937814,-53.90048044178268,-1.0268587535248286,21.427954078517075,10.099205743688543
2020-01-09,7879.0712890625,8082.2958984375,7842.40380859375,8082.2958984375,24045990466,-2.4850855645838776,6.320823745101567,9.146303848936466,3.468773103505098,2.5225360472031295,2.6646513265458056,1.1479740875870672,7556.286303710937,7432.83525390625,6.003577637776059,-55.04609294766646,-3.4864259994561997,21.427954078517075,-24.079420722492095
2020-01-10,8166.55419921875,8166.55419921875,7726.77490234375,7878.3076171875,28714583844,3.648690303834745,10.190318095912488,13.56381564737461,3.516742887780146,2.610485553009668,2.678727354397375,1.1447728753126383,7546.432405598958,7481.605029296875,9.155109996313815,-53.40586409985308,0.0,21.427954078517075,19.415267524958857
2020-01-11,8037.53759765625,8218.359375,8029.64208984375,8162.19091796875,25521165085,-1.5798168776598898,3.453607771201983,7.001830634877071,3.3976844686157026,2.496138925471079,2.6838142203352673,1.1980383985492775,7533.4636637369795,7507.9024658203125,7.054368836663749,-54.14196612280339,-1.5798168776598898,21.427954078517075,-11.121243394468605
2020-01-12,8192.494140625,8200.0634765625,8009.05908203125,8033.26171875,22903438381,1.9279106453440997,0.35280307564182767,11.377215855709988,2.5840219137211444,2.4499213488304608,2.696796299813172,1.1044239680711136,7523.200854492187,7549.745751953125,8.513510385506628,-53.25786420593941,0.0,21.427954078517075,-10.257081505806964
2020-01-13,8144.1943359375,8197.7880859375,8079.70068359375,8189.77197265625,22482910688,-0.5895616628883604,0.7961959827428311,11.221010491349137,2.5435589094067175,2.453172158356529,2.6941018219618034,1.1077043736515733,7513.802514648438,7590.828857421875,7.28992167929825,-53.533437918996405,-0.5895616628883604,21.427954078517075,-1.8360897870638326
2020-01-14,8827.7646484375,8879.51171875,8140.93310546875,8140.93310546875,44841784107,8.393344808628168,12.040674904058157,21.34124598250453,3.9519218254455835,2.99242638476049,2.8883531601623114,1.0982161950032752,7519.3987223307295,7668.459301757813,15.117839204205508,-49.63333914282251,0.0,28.409497248676587,99.44830422216549
2020-01-15,8807.0107421875,8890.1171875,8657.1875,8825.34375,40102834650,-0.2350980919464507,7.8424330182002455,21.661156754986234,4.016487102725499,2.98602391303351,2.8876386484018064,1.0938329070974295,7523.6695556640625,7746.861499023437,13.684887012601221,-49.75175020147486,-0.2350980919464507,28.562866370021233,-10.568155463422402
2020-01-16,8723.7861328125,8846.4609375,8612.095703125,8812.4814453125,31313981931,-0.9449813541879348,8.5380444796471,19.666397434283933,3.89983649589809,3.0179988442035075,2.8905456998930856,1.1140556164919941,7526.0997314453125,7818.54638671875,11.578108018025791,-50.2265867928767,-1.1778578130014372,28.562866370021233,-21.915789234614614
2020-01-17,8929.0380859375,8958.1220703125,8677.31640625,8725.2099609375,36372139320,2.352785247141642,8.990472653011983,22.014894799871154,3.9103774932999076,3.0308427543168763,2.8742946473017934,1.1140556164919941,7536.428930664062,7899.098779296875,13.038693848721605,-49.05552526994066,0.0,29.54630702407981,16.153031575944542
2020-01-18,8942.80859375,9012.1982421875,8827.33203125,8927.2119140625,32337772627,0.15422162701026476,9.805933219060027,20.47995233131159,3.809827496345121,3.0356749899406825,2.8684053235700615,1.1140556164919941,7548.706648763021,7975.1065673828125,12.13403254478087,-48.976957872140126,0.0,30.328320074295046,-11.091914768900102
2020-01-19,8706.2451171875,9164.3623046875,8620.080078125,8941.4453125,34217320471,-2.6452928527155417,-1.376560614033917,19.37818382284906,1.8136703393964024,3.084388480543603,2.875525189031676,1.1993481174165888,7560.022932942708,8045.769067382813,8.20898591885053,-50.326666758786445,-2.6452928527155417,32.52881390591891,5.81223656211467
2020-01-20,8657.642578125,8745.5908203125,8560.4736328125,8704.6318359375,26422375678,-0.5582491465413786,-1.6960143280738138,20.352030080995796,1.818149719154898,3.057990944187316,2.8026440522008373,1.1666806031194166,7576.937809244791,8118.971240234375,6.634724054953978,-50.603967717664176,-3.188774674483119,32.52881390591891,-22.780699031083984
2020-01-21,8745.89453125,8755.7060546875,8544.5205078125,8658.9912109375,24097418512,1.0193531591149663,0.2534266441303945,21.467816568297327,1.8632523770297855,3.050928380265058,2.733087189436906,1.1666806031194166,7601.093090820313,8196.257250976563,6.705954479502818,-50.10044770211673,-2.2019263907495534,32.52881390591891,-8.799198052186597
2020-01-22,8680.8759765625,8792.994140625,8636.7470703125,8744.2109375,22600204051,-0.7434180055016837,-2.7792703646973504,24.270460106122904,1.3588983383788256,2.935244462603651,2.7330694272687652,0.97169030750611,7622.4777425130205,8281.0275390625,4.828488199246683,-50.47140995856393,-2.928974878994517,32.52881390591891,-6.213173665280447
2020-01-23,8406.515625,8687.7470703125,8333.6376953125,8680.650390625,25770680779,-3.160514587505292,-5.9969187881848125,14.454024155710531,1.6938694991811163,2.925134654104871,2.691290952631859,1.2015093327115716,7645.1210530598955,8334.109106445312,0.8687973439019503,-52.03676827180921,-5.9969187881848125,25.37580616016757,14.028531427616532
2020-01-24,8445.4345703125,8514.6669921875,8266.8408203125,8405.5673828125,24397913026,0.4629616722148233,-2.9956719959574607,13.963375562733793,1.607067042250463,2.925343834701753,2.6877307757355156,1.2015093327115716,7666.776066080729,8385.847998046875,0.710561081950245,-51.81471689215211,-5.561720551473137,23.833770214452787,-5.326858707274196
2020-01-25,8367.84765625,8458.453125,8296.21875,8440.119140625,19647331549,-0.918684685986848,-3.34727287780644,12.9063461194602,1.6130246918110345,2.9440920079838304,2.6907865071663917,1.2189437042810236,7685.934008789062,8433.67451171875,-0.7805240216145592,-52.25738770896331,-6.42931056247622,23.68740638735456,-19.471261627736236
2020-01-26,8596.830078125,8602.4013671875,8325.498046875,8364.41015625,22177678796,2.7364554337216074,-1.7043934453174203,10.652432560608727,2.1541280388666855,2.82237821771413,2.6575434511894898,1.2189437042810236,7703.686783854167,8475.055053710938,1.4368641105256375,-50.95093240072459,-3.8687903469923235,18.60527089908739,12.878834159689179
2020-01-27,8909.8193359375,8977.7265625,8597.30859375,8597.30859375,28647338393,3.6407519395889265,2.637330149550854,9.13957702149415,2.750719893500128,2.717259209255827,2.688500547558022,1.2189437042810236,7727.798673502604,8512.361401367187,4.6691853861664745,-49.16517752075369,-0.3688914670001542,18.60527089908739,29.171942007595852
2020-01-28,9358.58984375,9358.58984375,8908.447265625,8912.5244140625,34398744403,5.036808165148732,11.325432096011845,15.826098580461334,2.4059395030713855,2.8748779662147395,2.715798968195172,1.1971223033682963,7754.421110026042,8576.29775390625,9.121559352197606,-46.604725031380156,0.0,21.11896570082914,20.07658069695355
2020-01-29,9316.6298828125,9406.431640625,9269.4677734375,9357.470703125,30682598115,-0.4483577295090302,10.315577075955762,18.245279691092243,2.596602199897089,2.7880573701475804,2.6927104901021033,1.065068321159343,7783.537776692709,8648.17568359375,7.729424374285765,-46.84412687389457,-0.4483577295090302,21.73813472645312,-10.803145151065186
2020-01-30,9508.9931640625,9553.1259765625,9230.8974609375,9316.0166015625,32378792851,2.064730312029206,13.637264380167945,16.438254520764396,2.038297850979119,2.727023421893197,2.6841116066090938,1.065068321159343,7818.282788085938,8715.297631835938,9.10692400598332,-45.746601448836074,0.0,19.279004920758382,5.528197871779206
2020-01-31,9350.529296875,9521.7060546875,9230.7763671875,9508.3134765625,29432489719,-1.6664631518128026,8.767175946257444,16.335745659237965,2.7829436040142705,2.7310660595433855,2.687693815702364,1.0716503311284526,7852.091805013021,8780.947216796874,6.486567633484741,-46.65071434429737,-1.6664631518128026,19.279004920758382,-9.099484176442996
2020-02-01,9392.875,9439.3232421875,9313.2392578125,9346.357421875,25922656496,0.45286958396197896,5.42161008937756,14.652202842874718,2.5931612448222006,2.7187202137674626,2.6869907817242287,1.0716503311284526,7886.637296549479,8840.966259765624,6.242629188011484,-46.409111656301704,-1.2211404725933295,18.23613708810545,-11.925029980505675
2020-02-02,9344.365234375,9468.7978515625,9217.82421875,9389.8203125,30835736946,-0.516452796667688,-0.15199522163586998,14.736520875264025,1.3883862356071663,2.716915067300415,2.683912905001787,1.0697623376477747,7921.50947265625,8900.9748046875,4.981369337816788,-46.685883297911786,-1.7312866551390638,17.34681826761475,18.95284324258246
2020-02-03,9293.521484375,9540.3720703125,9248.6337890625,9344.68359375,30934096509,-0.5441113304621492,-0.24803387843206348,5.276045006704377,1.3963622580850332,2.0396514848392906,2.670529499510071,1.076658867072805,7952.263037109375,8924.262646484374,4.137695768468808,-46.975971447623664,-2.265977858747825,15.559573290554507,0.31897912208891377
2020-02-04,9180.962890625,9331.265625,9112.8115234375,9292.841796875,29893183716,-1.2111511652417528,-3.449684606749226,4.246073490590718,0.8034896549409618,2.0640791734631816,2.6757666731462884,1.108952261216855,7979.4958089192705,8942.96025390625,2.6613406518807947,-47.61817258729389,-3.449684606749226,15.559573290554507,-3.3649367864911017
2020-02-05,9613.423828125,9701.2998046875,9163.7041015625,9183.416015625,35222060874,4.710409383547343,2.811547056890795,10.197839352873794,2.3848735343516294,2.2718312392223514,2.7337477883785417,1.0886347549430124,8013.782242838542,8987.442138671875,6.965070592884293,-45.150774073572194,0.0,17.351960870595008,17.826395504162296
2020-02-06,9729.8017578125,9824.619140625,9539.818359375,9617.8212890625,37628823716,1.2105773319493585,3.5870461154066335,8.96808440246366,2.3989417161272772,2.2371854490532965,2.7351962330945234,1.0886347549430124,8049.873185221354,9027.480322265625,7.779816853376587,-44.48678177775718,0.0,18.84369560479349,6.833111925533597
2020-02-07,9795.943359375,9834.716796875,9726.0029296875,9726.0029296875,34522718159,0.6797836503646293,4.832624942128594,9.539897412332454,2.3012341704830868,2.236567662639094,2.713628662838085,1.0886347549430124,8089.790584309896,9070.137060546875,8.002153594626748,-44.10941199649113,0.0,18.96584209907688,-8.254591162463754
2020-02-08,9865.119140625,9876.7490234375,9678.91015625,9793.0703125,35172043762,0.7061676319697785,6.150495882653462,13.310836162304929,2.159247339721529,2.112168669340624,2.6988188652201672,0.9139184404740044,8132.907242838542,9128.08076171875,8.07440685666625,-43.71473075469275,0.0,19.474285741286867,1.880864652688774
2020-02-09,10116.673828125,10129.435546875,9850.392578125,9863.89453125,35807884663,2.549940694219166,10.191860577668677,16.852523499716753,1.7091531972779286,2.1330137248698713,2.7049055122577887,0.9053534173778367,8181.228019205729,9201.03232421875,9.951508392119424,-42.27948976935585,0.0,22.530913163174837,1.8078019727900019
2020-02-10,9856.611328125,10165.765625,9784.5634765625,10115.5595703125,39386548075,-2.5706324471686526,2.5296658542041106,12.699864981292563,1.8847836498922217,2.2610661801530836,2.7355846271316224,1.0724142712960985,8224.785970052084,9256.5681640625,6.482350190992969,-43.76327193401609,-2.5706324471686526,22.970380656436994,9.994065401181885
2020-02-11,10208.236328125,10210.052734375,9729.3349609375,9855.8916015625,37648059389,3.5674025108068053,4.917207793348344,17.594541791476125,2.3415409974938113,2.3283629190051025,2.7630055885946825,1.0594521474490186,8273.761832682292,9332.936181640625,9.378614933703599,-41.757081484994586,0.0,23.50610053223503,-4.413914828711474
2020-02-12,10326.0546875,10393.611328125,10202.3876953125,10202.3876953125,43444303830,1.1541499979814906,5.41153933498062,22.833943908835597,2.335607690813622,2.129683881904663,2.742637246495419,0.7893011021420469,8327.118180338543,9428.913134765626,9.514792849522568,-41.084870842129284,0.0,25.726520614583514,15.395865112488494
2020-02-13,10214.3798828125,10457.626953125,10116.1611328125,10323.9609375,49356071373,-1.0814856987217514,3.5403601031966048,20.945580689455802,2.535665976136555,2.1796894006168346,2.751621946890513,0.8255160783834761,8378.152815755207,9517.360400390626,7.323663842689676,-41.72202953835511,-1.0814856987217514,26.05293168197862,13.607693119293796
2020-02-14,10312.1162109375,10321.99609375,10125.5341796875,10211.55078125,43338264162,0.9568503349817403,1.9318838002778893,23.234989863078038,2.341504965567548,2.1336698360877087,2.7084869796076525,0.7995484463472465,8434.480078125,9614.573828125,7.255052540883478,-41.16439658277229,-0.13498356327100725,25.60962592562617,-12.192638197480221
2020-02-15,9889.4248046875,10341.5556640625,9874.427734375,10313.8564453125,43865054831,-4.09897830477971,0.33290829343011197,15.035713336379208,2.8677356615181173,2.385513326408169,2.705064217104111,1.2162889768509098,8488.628572591146,9679.203564453124,2.1718857221519006,-43.576055202330686,-4.228428921077221,21.63838065237531,1.215532461177582
2020-02-16,9934.43359375,10053.96875,9722.38671875,9889.1796875,43374780305,0.4551203932625647,-2.682174722196018,11.499832030036217,2.182832772973351,2.2851486360762405,2.440923568881566,1.21628897685091,8532.922420247396,9730.43427734375,2.096507828856531,-43.319258322873274,-3.792552970149088,17.390007947600637,-1.1176881640497016
2020-02-17,9690.142578125,9938.8154296875,9507.6376953125,9936.560546875,45998298413,-2.4590331529186438,-6.158325988189761,3.5427638128240346,2.084727713631935,2.122992504805865,2.4636046403261824,1.3348037599462639,8574.377392578124,9747.0119140625,-0.5834540517535514,-44.713056552034004,-6.158325988189761,14.757415164669329,6.0484873688168905
2020-02-18,10141.99609375,10161.935546875,9632.3828125,9691.23046875,47271023953,4.66302236506857,-0.708645947115194,8.859064074877022,3.3789155270289393,2.3381510510381354,2.520407018081629,1.331033374820541,8623.097054036458,9788.280224609374,3.613667171596946,-42.13501401409254,-1.7824677412643264,14.757415164669329,2.766897002521085
2020-02-19,9633.38671875,10191.67578125,9611.2236328125,10143.798828125,46992019710,-5.014884351152826,-6.581864268244075,1.3081674635925022,3.924782701198215,2.6020204534911247,2.6199617361293877,1.7404318710188096,8663.800854492187,9794.49990234375,-1.6449352718375887,-45.03687614109659,-6.707963396596139,14.757415164669329,-0.5902225500285407
2020-02-20,9608.4755859375,9643.216796875,9507.900390625,9629.3251953125,44925260237,-0.2585916411308786,-2.840905556173834,2.7586276762825213,3.6002329288528747,2.5706521775082396,2.5701970989650724,1.7010560272030075,8698.748966471354,9807.397216796875,-2.028281576264568,-45.179006185100135,-6.94920880509331,14.757415164669329,-4.398107350470381
2020-02-21,9686.44140625,9723.0146484375,9589.7431640625,9611.7822265625,40930547513,0.8114275736580634,-2.496289145825259,3.125415873734072,3.6278507669102718,2.573994883839105,2.5491702975027795,1.7010560272030075,8737.595849609375,9822.075537109375,-1.3809110950829817,-44.73417352513265,-6.194169027830842,14.757415164669329,-8.8919078107198
2020-02-22,9663.181640625,9698.2314453125,9600.728515625,9687.70703125,35838025154,-0.2401270461409255,-0.2782305552537778,3.411857287824893,3.4523716986286366,2.5707684638157993,2.5480008460404453,1.6979807074989997,8776.606673177082,9838.016357421875,-1.777133829066857,-44.866881721772124,-6.419422198852265,14.757415164669329,-12.441862297059568
2020-02-23,9924.515625,9937.404296875,9657.791015625,9663.318359375,41185185761,2.704430011708836,-2.1443556745601833,6.789612975941117,2.8481465335841794,2.623412511104613,2.559256054779335,1.693616138929344,8820.762670898437,9869.566064453125,0.5567576141445985,-43.3758451246648,-3.8886009676674993,14.757415164669329,14.920355081014236
2020-02-24,9650.1748046875,9951.74609375,9537.04296875,9921.5830078125,45080496648,-2.7642741538078885,0.17426982252071177,5.110704831860602,1.9827575817724794,2.694447280123116,2.591519331472749,1.7824286377465808,8860.949471028645,9893.02666015625,-2.4547781362687204,-44.94109200269584,-6.5453835299814305,14.120085472225941,9.458038891956711
2020-02-25,9341.705078125,9652.7373046875,9305.021484375,9651.3125,42515259129,-3.1965195740564556,-2.776408239023187,-2.8264513752640386,2.4721980863774258,2.5888101835147066,2.6351947454141307,1.9204006660135888,8895.143082682293,9879.44072265625,-5.4429765775918515,-46.701060774091395,-9.532678638304958,12.386918941406599,-5.690348842050319
2020-02-26,8820.5224609375,9354.7783203125,8704.4267578125,9338.2900390625,50420050762,-5.579095174048332,-8.939495001268282,-9.345301369011949,3.157673297490971,2.8393985826791877,2.7476897530367643,2.290033594967529,8920.185286458332,9833.9767578125,-10.305640554518003,-49.674659320263025,-14.579936598486077,20.141477940967768,18.59283418458122
2020-02-27,8784.494140625,8932.892578125,8577.19921875,8825.09375,45470195695,-0.40846016176541156,-9.093148951127116,-10.325184432411138,3.1375159541401074,2.826993332733551,2.7456733218528484,2.2918542386607785,8942.882641601562,9783.404296875,-10.21025121663499,-49.880218288212475,-14.928843527636026,21.923563699725324,-9.81723538987499
2020-02-28,8672.455078125,8890.4560546875,8492.9326171875,8788.728515625,44605450443,-1.2754184897438958,-12.615835313121393,-12.089707640615877,1.9877863512063363,2.8170113944942643,2.740334951275013,2.3095303564721568,8965.87364095052,9723.77109375,-10.811813703643624,-50.519455251183885,-16.01385678672351,23.13328533846444,-1.9017847598467474
2020-02-29,8599.5087890625,8775.6318359375,8599.5087890625,8671.212890625,35792392544,-0.8411261679117432,-10.887533509907477,-14.99667840278377,2.1391742030805956,2.7174647859115457,2.735709567340336,2.317176110912526,8989.30546875,9647.912841796875,-10.866641002315635,-50.93564906109146,-16.72028621471021,23.13328533846444,-19.757804957629443
2020-03-01,8562.4541015625,8726.796875,8471.212890625,8599.7587890625,35349164300,-0.43089307085921735,-8.341635387176083,-13.129839287359669,2.193386407820823,2.6849265817019656,2.7373263134482935,2.246815749452458,9012.010131835938,9583.20498046875,-10.651456177621299,-51.14706394954926,-17.079132730842417,23.448992347935715,-1.2383308644571156
2020-03-02,8869.669921875,8921.30859375,8532.630859375,8563.2646484375,42857674409,3.587941221856461,0.5571944423377939,-13.112611848161059,1.9672392173735147,2.6866347184539205,2.734175024921649,2.246815749452458,9043.413460286458,9516.27666015625,-6.794745060203344,-49.39424931890797,-14.103980752571433,23.448992347935715,21.24098336604807
2020-03-03,8787.7861328125,8901.5986328125,8704.990234375,8865.3876953125,42386715821,-0.9231886844013548,0.03747503424558207,-14.8969630826149,2.0151117461858887,2.652510148244395,2.6684422838505317,2.256278989694746,9067.46182454427,9439.363232421874,-6.902765404464661,-49.86143588285217,-14.781932698821088,23.448992347935715,-1.0988897426060573
2020-03-04,8755.24609375,8843.3662109375,8712.431640625,8788.5419921875,34746706368,-0.37028710724991143,0.9546433493074824,-14.285094208389005,1.907013039171726,2.6528769970819073,2.6689317752221973,2.2448095555304324,9089.871647135416,9366.40654296875,-6.525025861465961,-50.047092521538204,-15.0974842150849,22.078807339470696,-18.024537417015086
2020-03-05,9078.7626953125,9142.0546875,8757.25390625,8760.28515625,39698054597,3.695117168590434,5.573038158406796,-11.960236777751298,2.319615591796812,2.810704543856355,2.7040109274165562,2.2448095555304324,9117.66240234375,9304.7388671875,-2.4286137966954557,-48.20127406109146,-10.483472766201485,22.078807339470696,14.249834722637033
2020-03-06,9122.5458984375,9167.6953125,9032.0791015625,9078.30859375,40826885651,0.4822595830994203,6.541253129436253,-7.75453498454739,2.200694722691621,2.694579862482155,2.6401103044720973,2.0491678270576084,9140.217846679687,9266.394921875,-1.5523731143588404,-47.95146974132767,-10.051770735158694,20.30952253046334,2.843542499650109
2020-03-07,8909.9541015625,9163.220703125,8890.744140625,9121.6005859375,36216930370,-2.330399860322019,0.45417901728392884,-10.312409686164948,2.249741423998367,2.721640982884725,2.58565259780269,2.1143857166793016,9152.655541992188,9215.170947265626,-3.3121126829849135,-49.164408617775436,-12.147924144308686,20.30952253046334,-11.291469352835847
2020-03-08,8108.1162109375,8914.34375,8105.2529296875,8908.2060546875,39973102121,-8.999349283790192,-7.734256519252291,-16.326141276381666,4.720289916624315,3.2999580635805903,2.840895395326078,2.8666529495428192,9153.126432291667,9136.06962890625,-11.251593515841174,-53.73928104674217,-20.054039303622663,25.74161312006018,10.371314500224438
2020-03-09,7923.64453125,8177.79345703125,7690.09814453125,8111.146484375,46936995808,-2.275148442478603,-9.498323103603513,-21.872928583230856,4.6825790664056495,3.046582595396265,2.837853345531067,2.9114453721284534,9153.869319661459,9025.15205078125,-12.204863844215218,-54.791781073486625,-20.160894187216314,32.52985319176618,17.421449218326977
2020-03-10,7909.7294921875,8136.9453125,7814.76318359375,7922.14697265625,42213940994,-0.17561412564156553,-12.876569664372761,-17.892536414090486,3.7579936190930114,2.91544017950572,2.798307309817577,2.6871179576216138,9149.588907877604,8938.969189453124,-11.51407590127953,-54.871173091872535,-20.301102934809478,29.40987106682249,-10.062541781157197
2020-03-11,7911.43017578125,7950.814453125,7642.8125,7910.08984375,38682762605,0.021501160000858555,-13.276071571902847,-17.661963076015553,3.6662167087366613,2.919552296840292,2.790752646556501,2.686495754012914,9147.487117513021,8854.116918945312,-10.646874801788286,-54.861469870592515,-20.28396674743257,30.21052254978125,-8.364957892706338
2020-03-12,4970.7880859375,7929.1162109375,4860.35400390625,7913.6162109375,53980357243,-37.169538560117076,-44.21084520440128,-48.68303149255423,15.775094811248792,8.585324664010662,5.543101020794768,8.734757539561755,9093.792016601563,8618.334252929688,-42.32309933618846,-71.6392532325127,-49.914048465841375,104.75352383286926,39.546282653614526
2020-03-13,5563.70703125,5838.11474609375,4106.98095703125,5017.8310546875,74156772075,11.928067241286833,-31.381015188894324,-42.42365260050987,18.546745658010696,9.188098708467239,5.775700101192611,8.734592504806193,9050.783894856771,8413.360522460938,-33.87057387595943,-68.25636428795572,-43.9397624884086,142.3129349239463,37.37732735108273
2020-03-14,5200.3662109375,5625.2265625,5125.0693359375,5573.07763671875,36154506008,-6.530552710121185,-34.369011754277764,-47.60080584852221,18.45722867554793,9.159816394416904,5.710217919769826,8.855817983676046,8990.32725423177,8177.153051757812,-36.40370703567061,-70.32939915023964,-46.111170873179816,142.3129349239463,-51.245847147399594
2020-03-15,5392.31494140625,5836.64501953125,5169.283203125,5201.06689453125,33997889639,3.6910617960911996,-31.826809668620392,-44.122100888918894,18.859077601561967,9.269682294362918,5.737828108234056,8.834220485143527,8933.415657552083,7964.26005859375,-32.29358532073887,-69.23423893760341,-42.27697303318681,135.03243393816527,-5.965000236824702
2020-03-16,5014.47998046875,5385.2294921875,4575.35791015625,5385.2294921875,45368026430,-7.006915676163484,-36.61727564986602,-46.321576858480526,18.59428993554258,9.326869873794006,5.796816676410216,8.943567972314323,8871.593888346355,7747.8988037109375,-35.27948534811771,-71.38996987237547,-45.0320114988117,127.77749442195234,33.44365462601235
2020-03-17,5225.62939453125,5371.3486328125,4981.9091796875,5002.578125,38622642935,4.210793838741411,5.126778776079854,-40.75601056883611,8.022772266162358,9.415754658911172,5.8184067781375886,8.85613306852105,8809.87041015625,7568.154150390625,-30.952392212286885,-70.1852604864994,-42.717422825723574,123.22225032002368,-14.86814398992582
2020-03-18,5238.4384765625,5331.833984375,5069.3359375,5227.11376953125,37878801016,0.24512036855608432,-5.846255973949477,-40.36721531480474,5.416371255198285,9.42290518119268,5.818640644210772,8.855662083783718,8748.130908203126,7390.8513671875,-29.12266508539022,-70.11217848711986,-42.57701156143556,123.22225032002368,-1.925921849138723
2020-03-19,6191.19287109375,6329.73583984375,5236.96875,5245.41650390625,51000731797,18.187755736638024,19.053017036998774,-28.61083954519259,9.173238757369138,10.452950975232788,6.301131386859999,8.851068654460066,8706.21337076823,7266.788256835937,-14.801523695566122,-64.67625451535488,-32.13305868755156,123.22225032002368,34.641885247258216
2020-03-20,6198.7783203125,6844.26171875,5865.78173828125,6191.65380859375,54442976103,0.1225199953657663,14.955791486020553,-27.91706512124773,9.327730978982027,10.456185701599614,6.301336561148923,8.849070101680077,8665.232299804688,7146.751733398438,-13.264395468725143,-64.63297586402408,-32.04990811420066,123.22225032002368,6.749401792314047
2020-03-21,6185.06640625,6378.13525390625,5932.8232421875,6206.521484375,42494390880,-0.221203491300348,23.34412402364052,-27.76526060301646,7.858021169938272,10.45689358477608,6.298888027571516,8.848683787533076,8622.551831054687,7027.882348632813,-11.992459471760686,-64.71120895618189,-32.20021608979384,123.22225032002368,-21.946972921529163
2020-03-22,5830.2548828125,6359.697265625,5823.7138671875,6185.55810546875,40099664740,-5.7365838963178035,11.570385931195304,-34.267510130974344,9.111626235298703,10.449837547158515,6.337110496754366,8.9411757902261,8575.041479492187,6875.911596679687,-15.207535745109412,-66.7355800604068,-36.089607575325,123.22225032002368,-5.635393496432206
2020-03-23,6416.31494140625,6443.9345703125,5785.00439453125,5831.37451171875,46491916000,10.052048673231173,22.48525911135031,-26.98599118783139,9.544865405064478,10.762873449467255,6.468748853427298,8.938792460079549,8541.871468098958,6757.338037109375,-5.046707650709847,-63.39182437721087,-29.66530382154362,123.22225032002368,15.940909485020294
2020-03-24,6734.8037109375,6789.02294921875,6411.06640625,6436.642578125,48221910672,4.963733427047878,8.780389355689945,-23.07693423094993,5.953954545851509,10.84271596989186,6.5026674248237395,8.938408975722986,8513.360953776042,6656.31591796875,1.1791476536874068,-61.5746921267901,-26.174076996521002,123.22225032002368,3.7210655547084803
2020-03-25,6681.06298828125,6892.51123046875,6536.92626953125,6738.716796875,44590107888,-0.7979552925792555,7.780318040869005,-26.409983248810086,6.033878111392219,10.794558231124864,6.502438832576512,8.940189687570001,8485.247875976562,6536.430932617188,2.2127068602888267,-61.88130890465424,-26.763174856422754,123.22225032002368,-7.531436920247958
2020-03-26,6716.4404296875,6735.4638671875,6590.962890625,6675.1708984375,35319797642,0.5295181540467819,8.5912420099572,-26.375372571840007,5.984753252893248,10.794874278289601,6.492178065595048,8.940189687570001,8453.908048502604,6416.125659179687,4.680624826574986,-61.67946351521938,-24.618686548456324,123.11329901438542,-20.790060139089295
2020-03-27,6469.79833984375,6793.83642578125,6466.70166015625,6719.38916015625,34585598367,-3.672214358569481,10.96939104526311,-27.386849964702176,5.374776946721134,10.80862502603433,6.488112260121985,8.962684385218958,8413.241031901041,6294.11787109375,2.791184918172984,-63.08667575829434,-20.20590021741091,117.05344736839916,-2.078718803663071
2020-03-28,6242.19384765625,6467.5009765625,6117.837890625,6467.25390625,34885225901,-3.5179534234601295,-2.713724237978854,-23.01301948243171,3.5416115502092445,10.661786184729225,6.463027778182777,8.769213010695243,8361.301098632812,6200.821752929687,0.6672034187568121,-64.38526931216838,-21.22067284773175,99.11934198357241,0.866336128756684
2020-03-29,5922.04296875,6250.46728515625,5920.0859375,6245.62451171875,28373690931,-5.128819878390301,-12.06806875258376,-25.26112263877941,2.3127049876959447,10.703585985946548,6.491410680688012,8.829242406482544,8304.724650065104,6100.741674804687,-2.92913084310209,-66.21188469932105,-25.145734245639083,98.12473925814909,-18.665594966989573
2020-03-30,6429.841796875,6517.19580078125,5903.234375,5925.53857421875,37101651525,8.574723804008189,-3.760197918308783,-18.709713104274883,5.565638052690045,10.90736123117725,6.588851597386034,8.829155081681,8253.405460611979,6026.747290039062,6.688425570824386,-63.31464713370799,-18.727187701684343,93.5926788146659,30.760751624541616
2020-03-31,6438.64453125,6504.51513671875,6374.162109375,6430.6064453125,32786468812,0.13690436954885143,-4.136058397981279,-18.61592167039271,5.547701563661861,10.907605723884492,6.58709710733263,8.829155081681,8204.874047851563,5953.1080078125,8.156017374459058,-63.26442328264963,-4.397443376211985,93.0643529613319,-11.630702504152202
2020-04-01,6606.7763671875,6612.57373046875,6202.37353515625,6437.3193359375,40346426266,2.6112924097839496,2.117191605496904,32.91205042271379,5.422451381777952,6.629524868240417,6.597561544578612,2.9791357165748455,8158.439070638021,6034.907421875,9.476018525812346,-62.3051499561391,-1.9009810715356124,67.82428023360092,23.05816310182516
2020-04-02,6793.62451171875,7088.24755859375,6595.91845703125,6606.7763671875,47660646124,2.828128789998541,8.833924058118537,22.106079158384873,4.959497453288633,6.182930234585872,6.610125083785302,2.9791357165748455,8115.926725260417,6096.403295898437,11.436599286162586,-61.23909104970189,0.0,54.922253029854964,18.1285445451304
2020-04-03,6733.38720703125,7003.220703125,6673.3359375,6797.396484375,38976504903,-0.8866740365705117,13.700411202056939,29.47909693108677,3.6728480725396073,5.936518655630668,6.610505108369358,2.604256751003014,8073.257820638021,6173.054345703125,9.077076434911913,-61.582773965702906,-0.8866740365705117,54.922253029854964,-18.220779463220527
2020-04-04,6867.52734375,6878.95361328125,6696.48486328125,6738.3828125,33185988584,1.992164308903499,6.807096670523394,27.357682523621897,1.6325961075102056,5.915019109057834,6.615836623499608,2.604256751003014,8034.7005615234375,6246.814965820313,9.936461722108604,-60.81743970017687,0.0,54.922253029854964,-14.856427823404728
2020-04-05,6791.12939453125,6883.4140625,6715.92919921875,6862.53759765625,29510409856,-1.1124520572645125,5.474519700077596,35.430382033281546,1.9304984138767813,5.61465783005469,6.584739320801845,2.095038744149401,7987.662320963542,6335.647436523437,7.189193568159613,-61.25332689832117,-1.1124520572645125,42.279742623456954,-11.075694547102055
2020-04-06,7271.78125,7271.78125,6782.8896484375,6788.0498046875,46896904615,7.0776424294876294,10.06549708743345,39.15608438688933,3.3349103521941306,5.718597460750541,6.651221339345187,2.095038744149401,7946.6953125,6437.955029296875,12.951724839777135,-58.510975922861874,0.0,43.44642650741668,58.91648012968891
2020-04-07,7176.41455078125,7427.939453125,7136.71435546875,7273.64404296875,44243482668,-1.3114627068677276,5.6345480737447495,36.99530084947116,3.5767197821796106,5.751547797874724,6.651565277091422,2.115463084306209,7903.0364990234375,6534.853833007813,9.817522077278728,-59.05508900107691,-1.3114627068677276,41.83661976453459,-5.6579895171829815
2020-04-08,7334.0986328125,7356.2236328125,7153.3056640625,7179.283203125,37563249549,2.197254365887824,8.92138543813379,18.460186679935255,3.3987830290536705,4.262734664574152,6.658036242021561,2.115463084306209,7860.8528238932295,6591.99912109375,11.25757904524145,-58.1554251565442,0.0,28.399893008670297,-15.098795836503198
2020-04-09,7302.08935546875,7341.4482421875,7179.09423828125,7337.96630859375,34815139178,-0.43644459866604146,6.327779853898008,17.798846452386584,3.5298604403089393,4.270168111041644,6.647982655249727,2.1177129775886954,7813.943082682292,6647.1646728515625,9.852692310934309,-58.338053543283216,-0.43644459866604146,28.399893008670297,-7.315954833500715
2020-04-10,6865.4931640625,7303.8154296875,6802.47509765625,7303.8154296875,43622840992,-5.979058460566089,1.0950132917675548,11.001122916399563,4.79847083475285,4.53605810705415,6.682278772071669,2.503940636269708,7764.09111328125,6681.186010742187,2.758599341853052,-60.829045677740055,-6.389407781529899,28.399893008670297,25.298482275106537
2020-04-11,6859.0830078125,6926.06982421875,6789.9208984375,6867.4404296875,31222085946,-0.09336774645052337,-5.675339067542772,17.646366165447922,3.007174706457921,4.2886645366952045,6.662621639116537,2.1505196690083945,7708.271891276042,6732.627416992187,1.8782502430055414,-60.86561871505391,-6.476809881923273,28.399893008670297,-28.427206399221404
2020-04-12,6971.091796875,7119.947265625,6811.078125,6858.06787109375,35759567632,1.6329994685138294,-2.8610771082601127,8.646347015926882,3.240677310974594,3.71849034732109,6.664810271823606,2.1505196690083945,7652.355843098959,6760.366259765625,3.117072788844455,-60.226554476664575,-4.949576684357915,25.82829989915485,14.532922924649494
2020-04-13,6845.03759765625,6965.61669921875,6668.259765625,6965.61669921875,38619308647,-1.8082418492216368,-6.668318216613667,1.63677950316099,2.870073759086891,3.5950318895533866,6.666731007001708,2.188200579484385,7596.200138346354,6765.877954101563,1.1699833205933041,-60.945754563494894,-6.668318216613667,25.82829989915485,7.997135324535964
2020-04-14,6842.427734375,6958.55712890625,6793.8212890625,6843.28173828125,34110434052,-0.03812781513637953,-6.2949328434264595,2.415255572006836,2.9066084147607136,3.5885871711164103,6.664506687583046,2.180930496398817,7538.371997070312,6773.94619140625,1.0109549298698006,-60.96064509399783,-6.7039035477077125,25.82829989915485,-11.675182060386923
2020-04-15,6642.10986328125,6928.66455078125,6633.40283203125,6845.5615234375,32288311031,-2.9275847531044064,-3.2537109198586434,-1.1066958336695687,1.762468506301773,3.6535281702077778,6.65528022426127,2.277058509229146,7484.250081380208,6770.229663085937,-1.8923996109504015,-62.103555295936275,-9.4352258426866,25.82829989915485,-5.341834754205255
2020-04-16,7116.80419921875,7134.45068359375,6555.50439453125,6640.4541015625,46783242377,7.146740203164859,3.7573709359211005,10.000402259688146,3.9489006222394836,3.8743778735029424,6.725694688116103,2.123849697998582,7437.2895914713545,6802.5799560546875,4.619192206397882,-59.395194846700804,-2.9627967180804293,25.82829989915485,44.89219436743972
2020-04-17,7096.1845703125,7167.18310546875,7050.33203125,7116.552734375,32513423567,-0.2897315751431484,1.7944502393954398,13.680938841348178,3.941254931824239,3.761681978601942,6.719703702254765,1.9738629497735325,7394.056958007813,6845.2794921875,3.6653737573660417,-59.512839788255256,-3.2439441356239884,25.82829989915485,-30.501987645506713
2020-04-18,7257.6650390625,7269.95654296875,7089.2470703125,7092.29150390625,32447188386,2.275595669052466,6.028125273519813,22.553400530196033,3.7849792292707636,3.5130076346180967,6.697083159245415,1.606516503880398,7345.984773763021,6912.060595703125,5.000020450836606,-58.591515723954465,-1.042167518828263,25.82829989915485,-0.20371641535537055
2020-04-19,7189.4248046875,7280.52197265625,7167.0546875,7260.92236328125,31311210215,-0.9402505352301915,5.071256632631371,11.813401197237372,3.8810256562766945,3.0595647381642066,6.6690699709602566,1.6202156741280247,7305.2520751953125,6950.03974609375,3.444369634408151,-58.9808592189907,-1.9726190683846845,19.75962768159649,-3.501006489333114
2020-04-20,6881.95849609375,7240.29052734375,6835.5029296875,7186.87353515625,37747113936,-4.276646838190478,3.611030798186965,6.885206392310095,4.255743256805865,3.2483541737525745,6.689476005352776,1.8813782819040834,7259.810123697916,6972.2054443359375,-1.2943816553125487,-60.73510300625464,-6.164903955557555,19.75962768159649,20.554630998953872
2020-04-21,6880.3232421875,6934.5517578125,6834.4423828125,6879.7841796875,32589741511,-0.023761461322069355,-3.3228532134860433,4.140398581652738,2.3620905003991624,3.206389607101543,6.687993408903678,1.881385784461169,7213.041487630208,6985.882788085937,-1.5110408963411648,-60.74443291956695,-6.187200545610672,13.308435264288065,-13.662958269456816
2020-04-22,7117.20751953125,7145.86572265625,6867.78173828125,6879.4404296875,33249153866,3.4429236680519004,0.2962570802724329,4.763039335693797,3.006689739387355,3.235211080821657,6.705558776827931,1.881385784461169,7170.608585611979,7002.061938476562,1.644452477947378,-59.39289370952673,-2.9572974695334264,13.308435264288065,2.0233739957017827
2020-04-23,7429.724609375,7491.78515625,7081.5947265625,7121.30615234375,43500782316,4.391007132869618,2.3707290070075437,10.341561845969727,3.4987140130868095,3.348132777130645,6.721679042613849,1.8709096524461453,7129.028735351562,7036.87880859375,5.582671116937377,-57.609832775860106,0.0,14.282360370314407,30.83274988384932
2020-04-24,7550.90087890625,7574.19580078125,7434.181640625,7434.181640625,34636526286,1.6309658285092787,5.0278858745844035,9.950794528370889,3.418720572172641,3.340887655340378,6.717476138980211,1.8709096524461453,7094.040836588541,7071.0474853515625,6.786171278707376,-56.918463633786445,0.0,15.539481707918856,-20.37723359917516
2020-04-25,7569.93603515625,7641.36376953125,7521.67236328125,7550.48291015625,32941541447,0.2520911948821203,9.996827784605223,11.467998846438654,1.9408183629241558,3.3194902360707426,6.705718768579467,1.8542991799142212,7064.5113525390625,7109.987817382813,6.469043683154219,-56.80985887398728,0.0,16.564085837633623,-4.893634035365457
2020-04-26,7679.8671875,7700.59423828125,7561.40771484375,7570.13916015625,33070154491,1.4522071498782596,11.620732299465274,5.611911627567179,1.659592484701022,2.960279582170541,6.669568979802397,1.8542991799142212,7045.500431315104,7130.392114257813,7.706098969556896,-56.1826485565128,0.0,17.46760851392701,0.39042812919647396
2020-04-27,7795.60107421875,7795.60107421875,7679.4189453125,7679.4189453125,36162144725,1.5069777105927384,9.531737733174594,8.62807630545943,1.5275677636850329,2.945834829888078,6.672048836430891,1.8309638792328244,7029.018880208333,7161.3514404296875,8.856563444273679,-55.52233083688738,0.0,18.91687664372579,9.349790714892126
2020-04-28,7807.05859375,7814.52734375,7730.806640625,7796.97021484375,33187959921,0.1469741643032707,5.078707545887662,6.448781024316941,0.7325696179547255,2.9175814494605716,6.669765744311429,1.8309638792328244,7014.59560546875,7184.999438476562,8.657748140413668,-55.45696015433331,0.0,19.20558470327707,-8.22458077809709
2020-04-29,8801.0380859375,8871.75390625,7786.04931640625,7806.71240234375,60201052203,12.731805202323422,16.556133196286016,20.527668965679567,5.356909692521532,4.010957812888138,6.865323078921209,1.8283611603482706,7017.954427083333,7259.946875,21.227306996478546,-49.78582708998973,0.0,35.33289541611806,81.39425365795748
2020-04-30,8658.5537109375,9440.650390625,8533.255859375,8797.669921875,66964629541,-1.6189496467202469,14.380804153766924,26.116995589782178,5.671976625755835,3.7188507428070587,6.869195446868929,1.29865215776108,7019.556087239584,7349.59990234375,17.80986483599374,-50.59876926491984,-1.6189496467202469,44.01104510738494,11.234981932197785
2020-05-01,8864.7666015625,9048.0234375,8667.763671875,8672.7822265625,44068389997,2.3816089558295506,15.428644599363395,29.241278921184154,5.630044456074278,3.7136828745683808,6.86112719636837,1.298484327996933,7019.474365234375,7449.88408203125,18.992007176915358,-49.42222512944314,0.0,44.01104510738494,-34.19154216328707
2020-05-02,8988.5966796875,9007.1875,8811.3662109375,8869.0576171875,40134388683,1.3968791699848548,15.30344606029379,28.941017298278958,5.637698887439325,3.71312260780679,6.860851100253668,1.298484327996933,7022.821207682292,7550.759326171875,19.042288217714763,-48.715714727634506,0.0,44.01104510738494,-8.9270366225492
2020-05-03,8897.46875,9167.78125,8830.9716796875,8983.6142578125,47101785174,-1.0138170944239966,13.966978000177122,29.98422029188714,5.806329963258946,3.681770188753011,6.862426462755349,1.2545779672213033,7025.191585286459,7653.380883789063,16.255402482922165,-49.235643578478914,-1.0138170944239966,44.01104510738494,17.360165981427357
2020-05-04,8912.654296875,8956.90625,8645.0244140625,8895.7451171875,45718796276,0.17067266322232655,1.2682164291033304,30.255731486933968,1.6548947242720313,3.6778272129141283,6.847885814606569,1.2545489983746287,7022.423111979167,7756.8922119140625,14.899808497864186,-49.14900269940663,-0.8448747398369205,44.01104510738494,-2.936170875246158
2020-05-05,9003.0703125,9062.4150390625,8856.8271484375,8912.83203125,43148462663,1.0144678859214995,3.9789162608913076,35.54533872242243,1.2834747446059194,3.537098637518168,6.848556326733942,1.0702128596649896,7020.431852213542,7874.940234375,14.325570030367786,-48.6331356621213,0.0,44.01104510738494,-5.622050058980433
2020-05-06,9268.76171875,9411.4677734375,8966.7060546875,9007.44140625,49371886931,2.9511199738283755,4.55731250855822,30.237694606906306,1.4715318987392305,3.3070583351546032,6.848851619045331,1.0702128596649896,7026.411979166666,7982.538110351563,16.112965458072704,-47.117237868716835,0.0,38.13344032816319,14.423281581562852
2020-05-07,9951.5185546875,9992.6640625,9138.322265625,9261.8955078125,61112700562,7.366214135771076,10.712705323357286,40.23759466912031,3.2807747425012397,3.5387019389185626,6.796620227958359,1.0682501325581797,7057.1353515625,8125.3048095703125,22.47563368904264,-43.22178036921607,0.0,46.210378298453556,23.78036239005499
2020-05-08,9842.666015625,9996.7431640625,9767.1728515625,9936.162109375,51780748042,-1.0938284289408906,10.6232153456566,35.61752936584153,3.299885278612872,3.5927521787159207,6.78984452986751,1.0958929588735082,7089.11904296875,8254.554858398438,19.239210162989817,-43.842836676984085,-1.0938284289408906,46.270062780873936,-15.27007059773534
2020-05-09,9593.896484375,9913.86328125,9580.64453125,9840.90625,46566121841,-2.5274608612654736,7.643538779899273,33.444562604226505,3.8630778754431545,3.6683981044059677,6.8013190999188655,1.2149817875671802,7117.188492838542,8374.778442382812,14.55701843791488,-45.26218700077024,-3.5936432047754985,46.270062780873936,-10.070588777068945
2020-05-10,8756.4306640625,9595.5810546875,8395.107421875,9591.1689453125,63325279337,-8.729152140388742,-2.739505967148359,27.23748143835383,6.039994429746338,4.1427535276555245,6.906615306716315,2.0908371982754606,7131.271834309896,8468.50205078125,3.3999946100820466,-50.04033397579448,-12.009100762436642,46.270062780873936,35.99002200188397
2020-05-11,8601.7958984375,9033.470703125,8374.3232421875,8755.53515625,57119858802,-1.7659566044374797,-7.195846009972174,25.020229365018643,5.745636018215523,4.189912141029934,4.843193627071109,2.1277927755723742,7191.788631184896,8554.57568359375,0.5519878085164409,-50.92259999750386,-13.562981858826307,45.56000095839261,-9.799278581901593
2020-05-12,8804.4775390625,8949.8984375,8569.6435546875,8610.3857421875,42142717533,2.3562712138033515,-11.526291282295853,23.706910539013993,4.0247085707762,4.166334712653288,4.631111932419925,2.1277927755723742,7245.8014729817705,8638.939184570312,1.916188445774103,-49.766203348761906,-11.526291282295853,41.16514076364055,-26.22055023090426
2020-05-13,9269.9873046875,9317.87890625,8805.3876953125,8805.3876953125,45558144023,5.287193516704303,-5.818329200933836,24.768922026940455,5.325040696736762,4.207641110181379,4.561829700206365,2.1277927755723742,7313.628491210938,8730.952319335938,6.173839526735159,-47.11024530902323,-6.848515090985541,34.46998805401884,8.104428688837029
2020-05-14,9733.7216796875,9793.2685546875,9255.03515625,9271.3291015625,56426907637,5.002535168149658,1.4574390659751746,28.908084423132195,5.850709800792058,4.29271578417805,4.577731719995726,2.1277927755723742,7385.985270182292,8840.093359375,10.1088108912877,-44.464416730259025,-2.1885792987584862,32.905857650272964,23.856906041898696
2020-05-15,9328.197265625,9755.828125,9261.3984375,9734.291015625,48158802327,-4.166180495059313,6.529676571403709,23.226896796789887,4.183068829628307,4.463217504885273,4.506724238767751,2.3227903675641115,7457.880558268229,8928.006420898437,4.482421112397583,-46.7781293682604,-6.263579629954008,32.20743466111422,-14.652770559729333
2020-05-16,9377.013671875,9564.205078125,9260.6943359375,9333.240234375,36164766408,0.5233209039209763,9.012278163660191,22.098643673647512,3.871414632636621,4.464657606444315,4.489189970208175,2.3227903675641115,7527.070296223958,9012.863745117187,4.040335425630892,-46.499608193786734,-5.77303734757032,30.175775475363142,-24.905178990042288
2020-05-17,9670.7392578125,9823.001953125,9349.5458984375,9374.9296875,40084250663,3.132400103227817,9.838877036220373,24.05379861977699,3.9145819469961385,4.48726849915217,4.495619986200939,2.3227903675641115,7600.941975911458,9106.620654296876,6.194598687378616,-44.82376186562161,-2.8214718721771725,29.31047986027897,10.837853093758598
2020-05-18,9726.5751953125,9906.0302734375,9570.359375,9675.6953125,41827139896,0.5773698991511145,4.925442458741225,24.586937301830723,3.451873169205944,4.483097324456943,3.8977012498874344,2.3227903675641115,7659.865014648438,9202.596484375,5.693813825556271,-44.50519087514977,-2.2603923023290173,28.393011112812005,4.348064898737847
2020-05-19,9729.0380859375,9836.0478515625,9539.6240234375,9727.0634765625,39254288955,0.025321252090737545,-0.04811719406128123,10.544210704902856,2.635106777860461,3.5700496086095845,3.8980200597594217,2.3227903675641115,7718.7026774088545,9248.996484375,5.190202011358402,-44.491138894634,-2.2356434098713907,19.373743703869728,-6.1511519730901965
2020-05-20,9522.9814453125,9804.7939453125,9447.201171875,9725.3291015625,36546239703,-2.117954918100662,2.0881224328873405,9.98351183388808,1.8701078803802262,3.58780460016697,3.9143255440544276,2.342774390647375,7774.3345947265625,9292.21787109375,2.483406840218527,-45.66679154839676,-4.306248408421498,19.373743703869728,-6.898734696492481
2020-05-21,9081.76171875,9555.2421875,8869.9306640625,9522.740234375,39326160532,-4.633209978369557,-3.1486778569019824,2.4478379064063915,2.927411624154148,3.7378882505692452,3.8856025569353583,2.5616251834833954,7828.526375325521,9303.067626953125,-2.3788487526625213,-48.184163183944776,-8.739940855838679,19.373743703869728,7.606585114067976
2020-05-22,9182.5771484375,9232.9365234375,9008.638671875,9080.3349609375,29810773699,1.110086707949609,-5.04782619364531,2.158072896833363,2.368627694294021,3.7335533845287197,3.691936994895465,2.5616251834833954,7874.630745442709,9312.766650390626,-1.3979680458080068,-47.60896246683688,-7.726875069612394,19.373743703869728,-24.19607382026846
2020-05-23,9209.287109375,9302.501953125,9118.1083984375,9185.0625,27727866812,0.29087652089092586,-5.318296271300049,3.50457380785969,2.323738381691878,3.7231001323815223,3.648756452307004,2.5515744797299225,7915.872135416666,9328.357568359375,-1.2764354079677132,-47.456569239601755,-7.458474214097544,19.373743703869728,-6.987094357332535
2020-05-24,8790.3681640625,9288.404296875,8787.2509765625,9212.283203125,32518803300,-4.548874851409979,-9.648126706706673,-1.3720506679517075,2.6628550756740514,3.874142393335293,3.704598012692978,2.7468428142685073,7951.0272216796875,9322.24326171875,-5.705441090991092,-49.84670414752953,-11.668072407683539,19.373743703869728,17.278417126291835
2020-05-25,8906.9345703125,8951.005859375,8719.66796875,8786.107421875,31288157264,1.3260696716498988,-6.46905466043134,-1.0678106340458515,3.0372981603364124,3.8790487658125596,3.706042310173852,2.7468428142685073,7987.535457356771,9317.436474609374,-4.4057386966417145,-49.181636501897074,-10.496729505498092,19.373743703869728,-3.784413665677544
2020-05-26,8835.052734375,8991.9677734375,8757.2939453125,8909.5859375,29584186947,-0.8070322664891605,-2.7165322325694796,-4.679254872823413,2.399829680747978,3.8200784132807266,3.6691484287922336,2.7527641563083938,8026.956363932291,9295.751025390626,-4.956009361236802,-49.59175709262852,-11.219049777951795,19.373743703869728,-5.446055204281974
2020-05-27,9181.017578125,9203.3203125,8834.1572265625,8837.380859375,32740536902,3.9158209254817056,-0.0169840153509071,-7.742546751315338,3.1029836869508474,3.528633956068994,3.653704038395992,2.7527641563083938,8075.936759440104,9257.2259765625,-0.8232314802560259,-47.61786056869401,-6.72224818407583,19.373743703869728,10.66904411013423
2020-05-28,9525.7509765625,9546.3193359375,9148.45703125,9184.9453125,34367073114,3.7548495632866885,3.436355750765352,-3.219808927371959,3.531410482430137,3.639104119163246,3.5925843038436454,2.741876632647483,8135.998559570313,9241.380224609375,3.0771458920807016,-45.6509900350174,-2.1366000587318745,18.384053188999538,4.967958274076567
2020-05-29,9439.1240234375,9573.6669921875,9379.3388671875,9528.35546875,32896642044,-0.9093976247976698,7.380303614896322,-1.613238804374928,2.3488684048708937,3.6000667432525035,3.4532350851224223,2.690694101973734,8186.153263346354,9233.6416015625,2.225367095038955,-46.145238640740004,-3.026567493344001,18.29051717915171,-4.278604305703871
2020-05-30,9700.4140625,9704.0302734375,9366.7294921875,9438.9140625,32722975141,2.768159825145977,8.908558673286194,10.780458781130164,2.4164803368493954,3.004700021289864,3.4626618350568634,1.852006991318762,8240.516088867187,9280.840771484374,4.5208543207074126,-44.65445277286473,-0.34218789362969737,18.29051717915171,-0.5279168091616104
2020-05-31,9461.05859375,9700.34375,9432.296875,9700.10546875,27773290299,-2.4674768232348376,7.0854796026215805,9.989340661623736,2.9170387109088685,3.037152945637306,3.4782711022497237,1.8916717085995152,8288.087459309896,9323.80390625,1.4720889551097738,-46.02009132338677,-2.801221309897306,15.594425955079672,-15.126023293029768
2020-06-01,10167.2685546875,10199.5654296875,9450.8994140625,9463.60546875,35198901068,7.464386293982206,10.742283937157193,15.478385964172837,3.9331120167873856,3.393487085144497,3.5773646268454544,1.8916717085995152,8344.314860026041,9391.94345703125,8.255214708259405,-41.99082241862555,0.0,16.9719473980114,26.736518032461444
2020-06-02,9529.8037109375,10182.3408203125,9460.5712890625,10162.9736328125,39137252109,-6.269774820259899,0.0425450380234782,2.8027698173720195,5.232987644485034,3.5646125303413125,3.6846482753560235,2.354554239756235,8390.921801757813,9404.93427734375,1.3277012886156792,-45.627867228062414,-6.269774820259899,16.9719473980114,11.188846587544266
2020-06-03,9656.7177734375,9682.859375,9471.8466796875,9533.7607421875,25007459262,1.3317594606312655,2.3052324501692256,-0.7911044591576211,5.219037895114846,3.3946944372052954,3.68154529568096,2.354554239756235,8437.40830891927,9401.08408203125,2.7191937565461677,-44.90376120592514,-5.021513678957723,16.9719473980114,-36.10318069252162
2020-06-04,9800.63671875,9887.6103515625,9525.2470703125,9655.8544921875,25921805072,1.4903505382374727,1.0331791571397186,5.064638318337988,5.11444711349257,3.261008352754656,3.675930893958143,2.1624228707825464,8487.566764322917,9424.7060546875,3.9887786619671406,-44.08263411450905,-3.60600129686226,16.9719473980114,3.656292310308351
2020-06-05,9665.533203125,9869.2373046875,9663.216796875,9800.2158203125,23509628646,-1.3785177382049874,2.161223369973375,3.07688077831616,4.9882400302130785,3.2817507025026265,3.587481845544761,2.1842820856772867,8527.462630208332,9439.13203125,2.398538034275366,-44.85346492197751,-4.9348096675501,16.9719473980114,-9.305588169110823
2020-06-06,9653.6796875,9773.431640625,9591.0244140625,9664.904296875,20438419222,-0.12263695520872142,-5.051394722437186,-0.17640399412814922,3.174980013475563,3.2087150924619987,3.5803706468596164,2.1844542158053715,8568.75038248698,9438.279052734375,2.2822024392595175,-44.921094953500315,-5.051394722437186,16.9719473980114,-13.063623718797214
2020-06-07,9758.8525390625,9768.498046875,9458.150390625,9653.0029296875,25015250846,1.0894586827723485,2.403499957319344,0.3318469564246529,1.2180907260621467,3.2152651914381396,3.574624203277265,2.184454215805372,8609.162947591145,9439.892919921875,3.3788478518383958,-44.32103304009528,-4.016968898069528,16.9719473980114,22.393275988161943
2020-06-08,9771.4892578125,9782.306640625,9675.8857421875,9760.0634765625,21486346312,0.1294898011771073,1.1885144317948182,0.4363347280586627,1.123416773775599,3.215280858687021,3.5727522433973062,2.184454215805372,8650.319612630208,9442.015478515625,3.489443329621311,-44.24893445648143,-3.892680661931869,16.9719473980114,-14.107012381066253
2020-06-09,9795.7001953125,9836.369140625,9664.7197265625,9774.3603515625,23717842783,0.24777121338637187,-0.05036941557129415,2.863795877017483,0.8916546735982113,3.1737685097322497,3.4688494669114096,2.1324993714405927,8699.156396484375,9455.651416015626,3.596249103693827,-44.110799364908424,-3.6545543906548295,16.9719473980114,10.385648814352955
2020-06-10,9870.0947265625,9908.896484375,9728.291015625,9794.119140625,25706567601,0.7594610876882513,2.1164018491122816,8.680397396739936,0.49293002595832164,2.9647031662213608,3.4674886423433247,1.863926456170243,8749.339925130209,9495.06806640625,3.949699544367702,-43.686342633864896,-2.9228482214920137,16.9719473980114,8.384931278090079
2020-06-11,9321.78125,9938.2978515625,9263.0693359375,9870.078125,30247143440,-5.555301055894358,-3.4380510669911324,1.5159589656830397,2.7607345496267,3.248667090795552,3.5565717957035274,2.2399308750701237,8788.518082682293,9502.028271484374,-1.8969320689699143,-46.81473583613853,-8.315776259275632,16.9719473980114,17.663096487542628
2020-06-12,9480.84375,9540.4658203125,9285.8515625,9320.6904296875,22610564515,1.7063530642279279,-2.8487856328363703,2.948725969771937,2.8703970140419486,3.2678221208428755,3.546053071499693,2.2399308750701237,8832.448185221354,9515.606103515625,-0.36531938310038203,-45.907207451360755,-6.751319698062186,16.9719473980114,-25.247273152085793
2020-06-13,9475.27734375,9493.2119140625,9396.009765625,9480.7353515625,17564322315,-0.05871213994007585,-3.0313896505148707,7.791586960914798,2.860600160572458,3.073103364227851,3.546117384838415,1.9957077842639486,8876.32901204427,9549.8515625,-0.7808940093146033,-45.93896648741941,-6.8060679937333335,16.9719473980114,-22.31807258351418
2020-06-14,9386.7880859375,9482.2705078125,9347.59375,9477.5537109375,18991732746,-0.9338962291258746,-4.174404087731009,5.387414848924443,2.8236811374358552,3.079605495075322,3.5217108867159923,2.0066035155233073,8922.073649088541,9573.84423828125,-1.9538248971693206,-46.44384044081987,-7.676402610514,16.469373911412454,8.126760631014985
2020-06-15,9450.7021484375,9504.8603515625,8990.17578125,9386.03515625,26699704768,0.6808938469139436,-4.249124144637905,6.96825964226746,2.812917249207657,3.069212256569997,3.416534729446586,1.9984725703778783,8960.971948242188,9604.626708984375,-1.6026084637197902,-46.079179845738004,-7.047776916639381,15.456009759702916,40.585933495844074
2020-06-16,9538.0244140625,9579.4306640625,9400.4453125,9454.2666015625,21565537209,0.9239764861221245,2.319762267136438,3.8885323211679257,1.0036687588327067,2.95884414627724,3.415188476182112,1.9984725703778783,9001.669278971354,9622.47705078125,-0.8776600481670505,-45.580964146388425,-6.188920232021355,13.452347071564663,-19.229304606968455
2020-06-17,9480.2548828125,9540.4228515625,9327.33984375,9533.7841796875,20177709879,-0.6056760681470541,-0.0062111263831376995,-0.4776116220331583,0.7999676688069307,2.8440688067232958,3.410778717353094,2.0030563620450295,9038.712443033854,9620.20224609375,-1.454723712675321,-45.91056722307012,-6.757111491446343,13.452347071564663,-6.435394196536937
2020-06-18,9411.8408203125,9482.7822265625,9328.3955078125,9481.5673828125,17770083003,-0.7216479234543938,-0.6694951623695045,-0.2890438038239074,0.8647212461807517,2.841167032471275,3.4093276209477863,1.9992306954928905,9075.752709960938,9618.8380859375,-2.151998648647846,-46.3009024915131,-7.429996860137223,13.452347071564663,-11.93211167391074
2020-06-19,9288.0185546875,9440.8759765625,9274.2958984375,9410.2939453125,19632223107,-1.3156009327927487,-1.0522186113689713,-4.251318605117538,0.9643991069652799,2.779643951333632,3.3599923647663634,2.0207581905114833,9115.8537109375,9598.218310546876,-3.2318472639710327,-47.00736831923603,-8.647848684931525,13.452347071564663,10.479073753823375
2020-06-20,9332.3408203125,9394.9716796875,9247.3798828125,9290.9599609375,17130541557,0.47719828900030237,-1.2524077710413195,-1.3605007532934144,0.9207995311963824,2.7296555185070503,3.359150221380285,1.9439757125178265,9156.720670572917,9591.782421875,-2.704832012982461,-46.75448838755919,-8.211917781891053,13.452347071564663,-12.742731866713598
2020-06-21,9303.6298828125,9401.107421875,9300.4306640625,9330.9267578125,15324301169,-0.30764990320015784,-2.4574746412309167,-8.494303727984342,0.6552238947390768,2.082676072331233,3.3395103340999968,1.9451925339169243,9193.16104329427,9548.60048828125,-2.5655131950425236,-46.9182981524933,-5.739203720360697,13.260753383141743,-10.543977153261231
2020-06-22,9648.7177734375,9655.0732421875,9296.8720703125,9300.9150390625,21104009514,3.709174751916078,1.7769869345013012,1.247812296107642,1.9782391187710913,1.7814413477990947,3.327188253998597,1.3484324896589712,9230.144262695312,9554.54619140625,0.9856206683678037,-44.94940506967821,-2.2429060638012754,10.546201691516565,37.715966824588065
2020-06-23,9629.658203125,9670.541015625,9547.2470703125,9644.076171875,17006433272,-0.19753474772544743,2.3142909763455677,-0.28021498554023916,1.9190472243804804,1.7574218372593136,3.3249359346082215,1.3491557278519923,9264.790218098959,9553.193212890625,0.8004128936824673,-45.058149123495184,-2.4360102926918703,10.546201691516565,-19.41610308354792
2020-06-24,9313.6103515625,9680.3671875,9278.2333984375,9632.1494140625,18961716076,-3.282025643027875,0.2755355916260971,-4.969333943944177,2.4929495647001674,1.8652212901062115,3.3597981529801957,1.535840419467617,9293.85145670573,9528.84189453125,-2.2587376866046505,-46.861354758016205,-5.638085453246799,10.546201691516565,11.497312650614688
2020-06-25,9264.8134765625,9340.1611328125,9095.32421875,9314.126953125,18616048626,-0.5239308190707503,-0.7235842009008286,-4.145862604175232,2.493259357970696,1.8474167928285,3.359003005525176,1.5091439333283567,9320.267228190105,9508.805908203125,-2.5659628979295523,-47.13976449727563,-6.132476605022452,10.546201691516565,-1.8229755609383558
2020-06-26,9162.91796875,9310.5166015625,9101.73828125,9260.9951171875,18341465837,-1.0998117562784016,-1.5124410131840182,-5.083675185385106,2.5329854098082536,1.8582908118035355,3.3608783338809416,1.5288043417406458,9343.055843098959,9484.267822265625,-3.3882410275383856,-47.72112758173105,-7.164842662647796,10.546201691516565,-1.474978898671897
2020-06-27,9045.390625,9207.810546875,8998.216796875,9167.82421875,17273093144,-1.2826410118569775,-6.252925648819718,-7.310920123105369,1.2024884165598566,1.8443575743208713,3.3672196672688552,1.5554745621802768,9363.694710286458,9448.5947265625,-4.267344649982574,-48.39167783990415,-8.355584464078625,10.546201691516565,-5.824903540941562
2020-06-28,9143.58203125,9197.546875,8975.525390625,9048.4609375,14560870760,1.0855408054862181,-5.047699114775018,-6.425911240300197,1.5709467923460174,1.8699918293913924,2.948063548531848,1.5554745621802768,9369.403776041667,9417.199365234375,-2.9055064395736685,-47.831448443829515,-7.360746937486851,10.726641829158234,-15.702007517640926
2020-06-29,9190.8544921875,9237.5732421875,9041.8759765625,9140.029296875,16460547078,0.5170015512075743,-1.3180265733836016,-6.174604071839951,1.028949272458108,1.8752157817375297,2.939758921042366,1.5554745621802768,9378.275455729166,9386.957080078126,-2.0890964581782634,-47.56173622304159,-6.881800562126539,10.726641829158234,13.046447216732249
2020-06-30,9137.9931640625,9217.8359375,9084.837890625,9185.5810546875,15735797744,-0.5751513982724221,-1.368838269877981,-7.417371188239574,1.0324732367207585,1.8591612098840895,2.9263338037938045,1.5607821981739347,9382.829231770833,9350.352001953124,-2.2711320156317827,-47.863335630384555,-5.293186321409493,10.726641829158234,-4.402948034264598
2020-07-01,9228.3251953125,9309.7548828125,9104.7353515625,9145.9853515625,15971550355,0.988532488788163,0.713825298726567,-1.0025557581873068,1.0357741544311028,1.422817110136846,2.9237233237362728,0.9449722636435484,9386.82470703125,9345.67919921875,-1.2557033191986755,-47.34794776452046,-4.356978699100544,7.852930789001089,1.4981929409323413
2020-07-02,9123.41015625,9274.962890625,9036.623046875,9231.1396484375,16338916796,-1.1368806022981404,0.8625335763208231,-3.770061011183734,0.9863619132822758,1.3804751980974805,2.9245510348974904,0.9785690850674269,9390.590397135416,9327.80751953125,-2.191269093549242,-47.94653873309751,-5.4443256557223485,7.852930789001089,2.3001301240927585
2020-07-03,9087.3037109375,9202.3447265625,9058.794921875,9124.8427734375,13078970999,-0.395756024273064,-0.6154953290751664,-4.094588672577604,0.8590495588808004,1.3809359996654555,2.925180673509702,0.9824745492979983,9393.501220703125,9308.408837890625,-2.3753267696311253,-48.152543441903916,-5.818535433231853,7.852930789001089,-19.952031323141817
2020-07-04,9132.48828125,9183.2958984375,9053.6298828125,9084.2333984375,12290528515,0.4972274697731871,-0.6350466214769535,-2.709124807754748,0.8554190962042607,1.3779700603153608,2.9231252170918745,0.960025068255787,9395.658186848957,9295.69384765625,-1.7557115055741535,-47.894743645518346,-5.350239319971173,7.852930789001089,-6.028321983895246
2020-07-05,9073.9423828125,9162.18359375,8977.015625,9126.0908203125,12903406143,-0.641072801130238,-0.7009283121582555,-3.986579618185193,0.8645622323824426,1.3687903515062647,2.8997239910387314,0.9706682484232071,9392.411197916666,9276.855859375,-2.1873087136245695,-48.22877627196611,-5.957013192025695,7.852930789001089,4.986584810018635
2020-07-06,9375.474609375,9375.474609375,9058.6640625,9072.849609375,17889263252,3.32305643833104,1.5945408397316063,-1.7042292788414626,1.775372666238514,1.563259127383573,2.769855273371251,0.9706682484232071,9382.810465494791,9268.728369140625,1.1516816113608108,-46.50838928866891,-2.8319116641044917,7.852930789001089,38.63985256098281
2020-07-07,9252.27734375,9360.6171875,9201.8154296875,9349.1611328125,13839652595,-1.314037643510968,1.4124892479126183,-2.4047617060994675,1.8133114612893384,1.5838192722196949,2.7713920451231355,1.005081797640802,9372.970654296874,9257.3294921875,-0.0545745772770001,-47.211289189536146,-4.108736922318146,7.852930789001089,-22.637101371669168
2020-07-08,9428.3330078125,9450.3359375,9249.5,9253.0205078125,19702359883,1.9028359994139876,3.7528105995239924,0.175228075090339,1.8847290449918452,1.6382458320111195,2.7636797403469693,0.9920436652071137,9370.211263020834,9258.1541015625,1.8381515838160167,-46.20680659660808,-2.2840834481832384,7.852930789001089,42.36166513397948
2020-07-09,9277.9677734375,9431.37890625,9234.9990234375,9427.994140625,18000702524,-1.5948231171979632,1.5929885449312398,-0.10821232958161398,2.166959352544256,1.6513767682592793,2.5244846163189867,1.0123158507683054,9378.903548177082,9257.6515625,0.21945318205531805,-47.06471288048439,-3.842479474533478,7.852930789001089,-8.636820000776957
2020-07-10,9278.8076171875,9287.4716796875,9118.001953125,9273.357421875,16860035605,0.009052022711308894,2.257731267536456,-0.5736310337968065,2.1125573069257606,1.6476818206811488,2.5122876040680957,1.0123158507683054,9390.187076822916,9254.97490234375,0.2575124740501922,-47.059921166272034,-3.833775273936879,7.852930789001089,-6.3367911195642
2020-07-11,9240.3466796875,9293.5322265625,9199.4853515625,9277.51171875,13249910444,-0.4145030168397623,-1.441291617945173,-0.6801990612492981,1.3842310566551086,1.6488502882702996,2.4965994553876785,1.0142196981513758,9397.4515625,9251.8107421875,-0.12391155439144264,-47.279359390155186,-4.232387176607322,7.852930789001089,-21.412322284357355
2020-07-12,9276.5,9319.4189453125,9197.4501953125,9241.0546875,14452361907,0.3912550206798482,0.2618020985542868,-3.8576915832505665,1.2720018791192378,1.4022322864522154,2.402806210347584,1.0142196981513758,9397.560107421876,9233.199853515625,0.46896143451164995,-47.073087236834596,-3.6674012272875256,7.852930789001089,9.075166719670236
2020-07-13,9243.6142578125,9306.4052734375,9224.29296875,9277.205078125,17519821266,-0.3545059255915528,-1.9591877996559814,-4.00890599821312,0.7454904945474027,1.4027324840977586,2.312728080276928,1.0163534423881766,9389.391650390626,9213.89765625,0.3225193362370815,-47.26071627881269,-1.9591877996559814,7.852930789001089,21.224623205112756
2020-07-14,9243.2138671875,9283.841796875,9171.6611328125,9238.703125,18085038362,-0.004331537576462985,-0.374585330523558,-0.7558452814508176,0.3251298224642952,1.1998943447142238,2.2490122927297245,0.7031291786653134,9387.975260416666,9210.37783203125,0.35651127190521326,-47.26300070070463,-1.963434474276704,5.290058533742692,3.226157889503667
2020-07-15,9192.8369140625,9275.3251953125,9171.93359375,9241.8974609375,15844731575,-0.5450155524782674,-0.9265274879258545,-0.7768808587683029,0.3793827720452877,1.2003592684017548,2.2491055990216373,0.7039300848479986,9384.905647786458,9206.77900390625,-0.15143287177670217,-47.55042554879614,-2.4977490035074434,5.290058533742692,-12.387625296428995
2020-07-16,9132.2275390625,9214.3125,9088.947265625,9191.98046875,15713967523,-0.6593108913667822,-1.1700766689054176,-0.3349416615118561,0.428903375205222,1.1836641928725016,2.212335750907238,0.6758496962827197,9375.930452473958,9205.244482421875,-0.7932102563794619,-47.896231305628454,-3.1405919636550927,5.290058533742692,-0.825284110248492
2020-07-17,9151.392578125,9182.25390625,9089.2021484375,9131.8125,13944570749,0.2098616025556055,-1.3486489718643857,1.171889170071072,0.3657808374536322,1.145656093314547,2.2110175814416064,0.6119758277093712,9366.344075520834,9210.544580078125,-0.6422204619808025,-47.78688550165459,-2.937321257724157,5.290058533742692,-11.260025651766137
2020-07-18,9159.0400390625,9230.9833984375,9100.82421875,9151.18359375,12252601475,0.08356608977502233,-0.9149475128575335,0.16905855669768766,0.39218855583443013,1.1202811819971596,2.2110762672810216,0.6119758277093712,9356.844108072917,9211.31748046875,-0.5675348995091811,-47.74325304351857,-2.8562097724683544,5.272579800149346,-12.133534294136194
2020-07-19,9185.8173828125,9201.3984375,9097.6328125,9158.005859375,12939002784,0.2923597193133398,-0.6209580909812273,-0.054805669911128785,0.44489158401564793,1.1160946063547976,2.1951965281125783,0.6119758277093712,9351.22470703125,9211.065625,-0.2741077223353261,-47.590475364794315,-2.572200460028795,5.272579800149346,5.602086303064069
2020-07-20,9164.2314453125,9214.2705078125,9137.509765625,9187.220703125,13755604146,-0.23499201650132306,-0.31117128496255253,0.28713395577038003,0.3896713763150759,1.1093903436126709,2.110908755926368,0.6006126202010758,9352.599202473959,9212.3775390625,-0.5226239756875972,-47.713633563573346,-2.801148010800636,5.272579800149346,6.311161498549067
2020-07-21,9374.8876953125,9407.2626953125,9149.3896484375,9162.5146484375,18069581956,2.298678850016933,2.657184736276408,1.5881809201353958,1.008922982348846,1.2042110289422463,2.12666853344608,0.6006126202010758,9355.804378255209,9219.7056640625,1.6831560236774568,-46.51173791685685,-0.5668585576656504,5.272579800149346,31.36160189121511
2020-07-22,9525.36328125,9530.5185546875,9319.6533203125,9375.080078125,16532254884,1.6050921443329758,4.086489569018381,4.4057333619342165,1.0881172534793337,1.2137513527307346,2.1358684992017354,0.5441604950294652,9361.072314453126,9239.8033203125,3.090541552001813,-45.653202024020075,0.0,6.165778837969893,-8.507817589490674
2020-07-23,9581.072265625,9610.2470703125,9483.00390625,9527.1416015625,18146399002,0.584848921034431,4.607821614083685,5.4336090263297665,1.0258884291295647,1.2072408039357043,2.048384341932298,0.5369166628195585,9374.250716145832,9264.491748046876,3.41713853482426,-45.33535536244081,0.0,7.053919384400098,9.763605323809621
2020-07-24,9536.892578125,9623.3369140625,9481.4541015625,9585.5146484375,16552768325,-0.4611142289210002,3.8219265709483086,4.4281939863562325,1.182530031364246,1.2168018680026664,2.044193158642214,0.5467273721142576,9384.750016276043,9284.711962890626,2.7160844218140134,-45.58742181705369,-0.4611142289210002,7.19973447815514,-8.782076690942143
2020-07-25,9677.11328125,9704.556640625,9530.2119140625,9539.4853515625,16610070933,1.4702976045533722,5.596561359216201,6.647285964477834,1.0643691418483818,1.2293386317862298,2.0475552103830132,0.5276003246791205,9398.784358723959,9314.8705078125,3.8888653699875153,-44.7873949834541,0.0,7.130108520071854,0.3461814173612021
2020-07-26,9905.1669921875,10023.8076171875,9652.84765625,9680.234375,20507998997,2.356629547567324,5.65638025872186,5.649766063926354,1.0808784365592907,1.1195676755273145,2.0087673465231024,0.5276003246791205,9410.853515625,9341.355126953125,6.0356539021579225,-43.48623841965254,0.0,10.28568352572805,23.467257182242406
2020-07-27,10990.873046875,11298.2216796875,9903.9697265625,9905.2177734375,35359749590,10.96100707382146,15.385342504571465,18.791002890757902,4.581000287900967,2.593488918895829,2.4045952968258812,0.43820926071150135,9435.272216796875,9428.284912109375,16.57340809417722,-37.29176101514806,0.0,24.30726408126629,72.41930621886894
2020-07-28,10912.8232421875,11204.3271484375,10632.6318359375,11017.4638671875,28766551142,-0.7101328925793737,13.899811416103812,15.744991539277642,4.782604820073726,2.6058237962077966,2.4030807855992062,0.466092042872948,9459.833870442708,9502.509423828125,14.841488237022183,-37.73707284653677,-0.7101328925793737,24.30726408126629,-18.64605525901294
2020-07-29,11100.4677734375,11304.3974609375,10856.1416015625,10912.953125,24617249715,1.7194865809297744,16.395017375983766,19.643310307864546,4.511352781608234,2.5527530250779487,2.388370828392744,0.3001145675771614,9483.168098958333,9593.634423828125,15.706595467790475,-36.666470169238885,0.0,24.375212338303243,-14.4240489814641
2020-07-30,11111.2138671875,11169.3564453125,10895.455078125,11099.8330078125,22857247901,0.09680757576464583,14.819508093556767,19.74829445332784,4.678634532166015,2.551161830900411,2.3616700604669543,0.3001145675771614,9510.670686848958,9685.254736328125,14.72299046003187,-36.60515851436356,0.0,24.375212338303243,-7.149465656708109
2020-07-31,11323.466796875,11415.8642578125,10987.0537109375,11110.2109375,23160469766,1.9102587010254801,14.318787414751878,22.543744184043412,4.695459657614823,2.539406380915565,2.177573111001391,0.28544371796128803,9529.940657552082,9789.4107421875,15.6705658296314,-35.39415303888287,0.0,25.601611761881983,1.3265895628087998
2020-08-01,11759.5927734375,11794.775390625,11239.6826171875,11322.5703125,26075670303,3.851523428168302,6.9941643696909805,26.7675607549992,1.7691725654723947,2.6090460823969064,2.0563443178554506,0.28544371796128803,9567.10380859375,9913.565380859374,18.621225781617824,-32.90584370720888,0.0,29.77053387946942,12.58696635454073
2020-08-02,11053.6142578125,12034.14453125,11018.1298828125,11758.7646484375,27410067336,-6.0034265575901635,1.290142912612402,19.581085379782337,3.7747368421622944,3.0563026384884644,2.2105348520741974,1.3701280652473808,9590.385416666666,10004.065380859374,10.491223687534191,-36.93379210468135,-6.0034265575901635,32.404162765515544,5.117402611301158
2020-08-03,11246.3486328125,11453.0791015625,11012.4150390625,11043.7685546875,20271713443,1.7436321777176023,1.3141865942269737,21.67140990576808,3.7769977175842544,3.0528344235099496,2.21318588532942,1.370127722903103,9614.480615234375,10104.222119140624,11.303458101028108,-35.8341494105523,-4.364472057096336,32.404162765515544,-26.042817792076654
2020-08-04,11205.892578125,11385.3818359375,11094.1455078125,11246.203125,21250197042,-0.359726129861071,0.8521005181719721,21.898089598251012,3.7892332731428335,3.0480853804418935,2.2043454818796717,1.367065478998985,9640.153271484374,10204.87490234375,9.809210650405387,-36.06497074157014,-4.708498040537545,32.404162765515544,4.8268421007000795
2020-08-05,11747.0224609375,11786.6171875,11158.28515625,11203.8232421875,24411254471,4.828976175167332,3.740512262369955,28.632608097973765,4.303072154588655,3.1331234636479506,2.280755634668248,1.3590928891348748,9675.042317708334,10335.6146484375,13.655770464636774,-32.977563411094316,-0.10689411395600201,32.40044983836956,14.875426438410532
2020-08-06,11779.7734375,11902.3359375,11598.7138671875,11749.87109375,23400740340,0.2788023660583505,0.17161022878346976,28.721102683953713,3.95473921297747,3.1318845490029457,2.2787174024989527,1.3590928891348748,9708.724332682292,10467.03369140625,12.541659698406704,-32.790703272094476,0.0,32.27775597532669,-4.139541997730866
2020-08-07,11601.47265625,11898.0380859375,11408.59375,11778.89453125,23132312867,-1.513618086086388,4.956373414698123,26.66690621255874,2.444443096505268,3.184869039316322,2.2911197622760464,1.4006018230829818,9739.224055989584,10589.155322265626,9.559944142624799,-33.807995342899524,-1.513618086086388,32.27775597532669,-1.14708966083934
2020-08-08,11754.0458984375,11800.064453125,11558.431640625,11604.5537109375,17572057837,1.3151196120374076,4.514329781167681,27.958628052310175,2.419040907412648,3.177125460081224,2.294754917164027,1.4006018230829818,9771.863151041667,10717.566748046875,9.670843902880378,-32.93749130805329,-0.21840436235045502,31.700483391241253,-24.036744885688133
2020-08-09,11675.7392578125,11806.056640625,11548.7841796875,11737.3251953125,17489608833,-0.6662100973708895,4.192853683112108,27.405547617248736,2.462743810481136,3.1894364325519873,2.2976077243711757,1.4075212961530459,9801.9572265625,10843.142138671876,7.6785594848118865,-33.38426851250927,-0.8831594278062682,31.529478945135402,-0.4692051708730105
2020-08-10,11878.111328125,12045.140625,11662.2568359375,11662.2568359375,26114112569,1.7332698670629254,1.115932719320245,26.70137194351807,1.3493592660298264,3.182292972642284,2.1716991811290005,1.4075212961530459,9844.562727864582,10968.3033203125,8.294883732177638,-32.22963811191305,0.0,29.24451383558666,49.31215911317004
2020-08-11,11410.525390625,11932.7109375,11195.708984375,11881.6474609375,27039782640,-3.9365343915648388,-3.134593791927498,19.790973359365815,2.2957815043528105,3.383459084670869,2.236586543947089,1.6600998011935872,9876.724088541667,11062.56142578125,3.145419505041769,-34.89744171492555,-3.9365343915648388,27.03895938298131,3.5447119581572872
2020-08-12,11584.9345703125,11748.396484375,11249.60546875,11404.5966796875,25064548486,1.5284938573538076,-0.14255160898551944,20.914802113297526,2.3984402560816873,3.3845317293840766,2.2412534045684276,1.6600998011935872,9911.885042317708,11162.754541015625,3.782041679279491,-33.90235311055799,-2.468210220578715,27.03895938298131,-7.304918757290723
2020-08-13,11784.1376953125,11796.396484375,11216.8720703125,11588.4052734375,27522199497,1.7195015111304723,0.2560122457833769,23.563703782740085,2.4601161898122714,3.369833807137448,2.2414736375979394,1.6568946959047572,9951.840869140626,11275.116796875,4.514551002953504,-32.765803073472355,-0.7911496214889735,26.389011426142005,9.805287385778128
2020-08-14,11768.87109375,12150.994140625,11685.455078125,11772.6591796875,24237958589,-0.12955213149429268,0.7976525843978788,21.61551437609921,2.4311920793309594,3.3799593615809416,2.2422181836589665,1.657147917675442,9990.477018229167,11379.7046875,3.419828694478144,-32.852906408683744,-0.9196768017853185,25.879891337117567,-11.933061194320583
2020-08-15,11865.6982421875,11963.203125,11768.697265625,11768.697265625,23354924400,0.8227394765919493,-0.10450386929872213,19.793015620497158,2.317485793616629,3.3657940173147596,2.2418479423162454,1.657147917675442,10029.27158203125,11477.73125,3.380171427062284,-32.300460762323844,-0.10450386929872213,22.688118765508424,-3.6431871345829814
2020-08-16,11892.8037109375,11934.9013671875,11737.1884765625,11866.685546875,20583375490,0.22843551383793237,4.226609238420731,8.206178528455865,0.8002659669388593,2.4060031679536307,2.2381601181519826,1.657147917675442,10069.480729166668,11522.827783203125,3.2108084464621545,-32.14581097200034,0.0,14.280211410645748,-11.867085769714592
2020-08-17,12254.40234375,12359.056640625,11806.6962890625,11895.658203125,28227687027,3.040482644811049,5.778779063224704,12.293602414232607,1.2738676629636088,2.4586351660174097,2.2587327257341543,1.649522592994681,10116.856754557291,11589.90673828125,5.733399072780565,-30.082716130826725,0.0,13.84391521612236,37.13827958253897
2020-08-18,11991.2333984375,12335.70703125,11954.525390625,12251.8955078125,26043227672,-2.1475461465219614,1.7574107540119677,8.024577370798092,1.8670719601665493,2.5181606299092216,2.2723632086117536,1.7179995655913194,10161.910335286459,11634.44501953125,3.06665576490579,-31.584222066311973,-2.1475461465219614,13.433138423364245,-7.738711828959088
2020-08-19,11758.283203125,12028.923828125,11687.3330078125,11990.884765625,24502851117,-1.9426708460436926,-0.08996521875936914,5.823570166787628,2.1424017944903624,2.5725204456259885,2.293277383231421,1.7720668746340722,10202.342708333334,11666.798486328125,0.7841458554725289,-32.91331543832373,-4.048497239671844,12.487450828803048,-5.914691429189145
2020-08-20,11878.3720703125,11900.4111328125,11710.0634765625,11761.5,20175242945,1.021312934149976,0.10681063909023791,4.900489252908313,2.1631990746515437,2.5510994250922883,2.2926349883020127,1.7720668746340722,10245.255078125,11694.54375,1.5719152815388826,-32.228150451802925,-3.068532131469337,12.22839492323693,-17.661651500618714
2020-08-21,11592.4892578125,11899.259765625,11564.9794921875,11878.0263671875,23762425999,-2.406750780391065,-2.5251779178765754,-1.42099746857266,2.412466366936555,2.4713258866710004,2.2804454704004513,1.8519836592478396,10277.65126953125,11686.18857421875,-0.8017953485104812,-33.85924996968962,-5.401430990839707,12.22839492323693,17.780123212290768
2020-08-22,11681.8251953125,11689.4072265625,11448.8056640625,11585.4775390625,20224191306,0.7706363621583279,-4.672420019973689,5.683307946593041,1.687297730503203,2.0374458369650075,2.2800648856618326,1.275847542813041,10311.854052734376,11717.59912109375,-0.30530081641767515,-33.34954529975182,-4.672420019973689,12.22839492323693,-14.890039818109901
2020-08-23,11664.84765625,11713.4296875,11559.9208984375,11679.6962890625,18482062658,-0.14533293195752028,-2.7218696471209447,3.721199094046246,1.5623276105930788,2.010432170654444,2.2308639284106855,1.2762613508046237,10351.041341145834,11738.524072265625,-0.6276463340881056,-33.446410359730706,-4.810962386922812,11.401609361638076,-8.614083112846915
2020-08-24,11774.595703125,11807.6318359375,11623.25,11663.689453125,20681511755,0.9408442365399949,0.1387319876396953,5.075036379611242,1.4430166459324962,2.0123397668638723,2.2285977220001687,1.2737240247135175,10392.871044921874,11766.959228515625,0.0648976040544813,-32.82024474738974,-3.915381812722274,10.761254687082644,11.900452550667895
2020-08-25,11366.134765625,11778.2998046875,11189.8505859375,11773.5888671875,26301509932,-3.4690018052305094,-4.312352750489524,-3.2424190604816716,1.975605848433609,1.8728574784410272,2.2765311693639076,1.4913321452201815,10429.591324869793,11747.91484375,-3.249768858582691,-35.15071166985223,-7.2485589521877785,10.44880846002416,27.174020175973347
2020-08-26,11488.36328125,11530.052734375,11296.9931640625,11366.89453125,22466660958,1.0753745063331488,-0.8982193060246058,-2.47381800504175,1.9074622726583654,1.890793112030987,2.2675954144648127,1.4913321452201815,10470.307535807291,11733.3443359375,-2.087904758212533,-34.45333895561134,-6.251133600902992,10.44880846002416,-14.580337721730164
2020-08-27,11323.3974609375,11570.7861328125,11185.94140625,11485.6083984375,23240415076,-1.435938403704018,-3.0682511369783616,-2.3968956661953977,1.891925954768758,1.887831359146909,2.2784664961201755,1.4874863148285564,10506.63779296875,11719.440576171875,-3.3793687732809996,-35.39454863389342,-7.597309576564804,10.487407288934447,3.4440103024053537
2020-08-28,11542.5,11545.615234375,11316.4228515625,11325.2958984375,19807127588,1.934954061432026,-1.0488577292687262,-1.7997709066766676,2.219212900875698,1.917216557583867,2.2872273947906505,1.4874863148285564,10545.831884765625,11708.86328125,-1.4208320419660692,-34.14446282877846,-5.809359965344085,10.487407288934447,-14.772918111714361
2020-08-29,11506.865234375,11585.640625,11466.29296875,11541.0546875,17485597759,-0.3087265811132722,-2.2737975511035513,-1.4463668613060365,2.128423266774037,1.9130586033388568,2.2855490653150468,1.4816171392112696,10585.3130859375,11700.419580078125,-1.6542513230267675,-34.347776377160955,-6.100151508051798,10.487407288934447,-11.720678925734196
2020-08-30,11711.505859375,11715.2646484375,11492.3818359375,11508.7138671875,19760127945,1.7784220187846422,3.0385975608393956,-1.4026259238327898,1.446305828361089,1.9153057135966687,2.291205466446226,1.4816171392112696,10626.699430338542,11692.089306640624,0.16606572379966877,-33.18020277643065,-4.430215926865566,10.487407288934447,13.008020757135853
2020-08-31,11680.8203125,11768.876953125,11598.318359375,11713.306640625,22285928250,-0.26201196706430174,1.6752345528984636,2.368821001853938,1.462031906784337,1.6856449539011837,2.2838808609484422,1.193233719750743,10669.322932942709,11705.604052734376,-0.21172542760479196,-33.3552786415245,-4.680620198034702,10.487407288934447,12.782307442696062
2020-09-01,11970.478515625,12067.0810546875,11601.12890625,11679.31640625,27311555343,2.4797762089964426,5.714548631890248,3.3279768907844565,1.3131809910622947,1.7397170910601087,2.2962298357852675,1.193233719750743,10717.375846354167,11724.88125,2.094667403347894,-31.70263869672505,-2.3169128951425977,10.487407288934447,22.550674293766516
2020-09-02,11414.0341796875,11964.8232421875,11290.7939453125,11964.8232421875,28037405299,-4.648471948812871,-1.1129808993935453,-3.1406923883129823,2.779371324551655,2.005254894465571,2.3899726901717138,1.582473153925589,10755.401611328125,11706.37607421875,-2.4972877402690163,-34.87742237868717,-6.8576837979463345,10.487407288934447,2.657666130266856
2020-09-03,10245.296875,11443.0224609375,10182.46484375,11407.19140625,31927261555,-10.23947612464131,-10.963614622045437,-12.945797490798515,5.294095599897278,3.0199827333385816,2.7543023329287446,2.783114381499876,10774.924186197917,11630.19736328125,-11.907798681505133,-41.5456331659725,-16.394969027393536,21.37588324904449,13.87380969999652
2020-09-04,10511.8134765625,10663.919921875,10207.9404296875,10230.365234375,29965130374,2.601355576262887,-10.243707318407324,-11.410072445727426,5.458110786503027,3.0908550453009402,2.742159153281057,2.783114381499876,10793.863167317708,11562.503125,-9.087043152150498,-40.02502723476636,-14.22010489215132,21.37588324904449,-6.14562942587451
2020-09-05,10169.5673828125,10581.5712890625,9946.67578125,10512.5302734375,44916565292,-3.255823502891142,-12.937900671841195,-14.489739930208255,5.381574552733256,3.1420411065004026,2.7719629656585276,2.8767594606797338,10809.151334635417,11476.34130859375,-11.38667708325045,-41.977706493909395,-17.01294687782803,24.25313654962458,49.896111685110476
2020-09-06,10280.3515625,10353.927734375,10056.8857421875,10167.216796875,37071460174,1.0893696409813414,-14.11912607268696,-16.10891111517002,5.080138203955656,3.0476532887242027,2.765452998041085,2.8767594606797338,10823.351643880209,11377.63876953125,-9.64424367180412,-41.34562924345296,-14.267771955472352,24.018388681205916,-17.465950628681025
2020-09-07,10369.5634765625,10399.1533203125,9916.4931640625,10280.998046875,33703098409,0.867790498409815,-9.15075850205309,-13.523795826426909,5.200501755829257,3.0535435666704007,2.7568958252913625,2.836396881968087,10841.544905598957,11296.5552734375,-8.205968761598593,-40.83663218712557,-13.373860008794425,21.686980014454683,-9.086131890112048
2020-09-08,10131.5166015625,10414.775390625,9945.1103515625,10369.306640625,33430927462,-2.2956306264775628,-1.1105610196141869,-13.835069061188744,2.468803288766179,3.0622467171662078,2.7759182561466735,2.849551678755093,10855.756722005208,11215.216943359375,-9.66276753512596,-42.194804578293486,-15.362476208967868,21.686980014454683,-0.8075546755289431
2020-09-09,10242.34765625,10350.54296875,10017.2509765625,10134.1513671875,24128292755,1.0939236349907233,-2.5634570182710203,-13.77313662493701,2.1069166900826164,3.0644313584380973,2.7772300509946364,2.849551678755093,10872.45673828125,11133.41572265625,-8.003546158731378,-41.56245988332288,-14.436606332146873,21.686980014454683,-27.826433225862623
2020-09-10,10363.138671875,10503.912109375,10238.1357421875,10242.330078125,54406443211,1.1793293850096198,1.9034368107895494,-10.604716196816888,1.504037612947993,3.0637151694267053,2.779964887425403,2.798271306351534,10890.5673828125,11071.948193359374,-6.4018500548033375,-40.87328880085012,-13.427532087810423,21.686980014454683,125.48815932998653
2020-09-11,10400.9150390625,10434.9228515625,10140.8369140625,10369.0283203125,45201121775,0.36452631180188266,1.172756357888427,-10.964983081273838,1.4534919931444672,3.0561000898895485,2.7789830199101564,2.798271306351534,10909.855729166668,11007.902685546875,-5.514108035142207,-40.65775638122611,-13.111952663494254,21.686980014454683,-16.919542783379104
2020-09-12,10442.1708984375,10578.837890625,10292.38671875,10409.861328125,36750077324,0.3966560559340859,0.7001974773490627,-10.481720754898948,1.4176085191630075,3.0621132175929273,2.778880019815469,2.798082597225241,10929.838346354167,10946.76884765625,-4.609560649732614,-40.42237177818508,-12.76730596185114,21.686980014454683,-18.696536986553582
2020-09-13,10323.755859375,10577.21484375,10224.330078125,10452.3994140625,36506852789,-1.1340078630605377,1.8974381168447518,-12.32178055476626,0.9275439416030598,3.045631014870771,2.782743582619132,2.8095488806156954,10948.686995442707,10874.22685546875,-5.062162151021465,-41.09798676684544,-13.756531571403286,21.686980014454683,-0.6618340768528408
2020-09-14,10680.837890625,10800.0107421875,10266.0087890625,10328.734375,35453581940,3.45883839286778,4.281149684539631,-6.029286904749432,1.6801741845003357,3.0968126262227864,2.8110347812914904,2.700345577205681,10974.49716796875,10839.96201171875,-1.4679398407644317,-39.06066131896503,-10.773509374054168,21.686980014454683,-2.885131882191072
2020-09-15,10796.951171875,10938.6318359375,10656.4599609375,10677.7548828125,32509451925,1.0871177190313608,4.186111116869862,-6.018369130992262,1.676199080255567,3.0970808392179725,2.812836527233324,2.700345577205681,11001.92314453125,10805.39140625,-0.07811132477920646,-38.398178970302965,-9.803512384389656,21.686980014454683,-8.304182127443449
2020-09-16,10974.9052734375,11100.1240234375,10704.884765625,10797.76171875,30769986455,1.648188444401355,5.5186513130746295,-3.077629207154464,1.684481043969584,3.112317271338458,2.8179020769117993,2.6811882219218925,11032.187565104166,10787.966796875,1.7328425279975024,-37.38286487455069,-8.31690429825327,21.686980014454683,-5.350645326205383
2020-09-17,10948.990234375,11037.4208984375,10774.6279296875,10973.251953125,38151810523,-0.23612995663134795,4.853582084289942,-5.141951619016682,1.7712591638577069,3.0749418991753124,2.81888292781631,2.681708065616691,11061.573779296876,10758.29130859375,1.772576334951248,-37.53072268856621,-8.533395552372092,21.686980014454683,23.990339023371533
2020-09-18,10944.5859375,11034.908203125,10829.6572265625,10951.8203125,26341903912,-0.040225598714782596,6.013606739462207,-4.886468081639439,1.492920228487963,3.075105322162196,2.8183306414722895,2.6808344687874555,11091.246354166668,10730.17734375,1.9981831323122146,-37.55585132937753,-8.570188541635225,21.686980014454683,-30.95503581377964
2020-09-19,11094.3466796875,11134.0927734375,10909.6181640625,10933.7529296875,22764204008,1.3683545731443925,3.871501405572819,-5.269682542091436,0.8512442050156649,3.062537909045458,2.8098938356245577,2.6808344687874555,11119.90400390625,10699.319384765626,3.6920787268425626,-36.70139396538198,-7.3191045353273925,21.686980014454683,-13.581781772312162
2020-09-20,10938.271484375,11095.8701171875,10814.4775390625,11095.8701171875,24699523788,-1.4067993350005525,1.308890910501903,-6.3569921311979805,1.2519778782711644,3.0739659597661086,2.81344922062816,2.6985913277009126,11143.452473958334,10662.191943359376,2.5893319355179356,-37.59187833414161,-8.622938756396959,21.686980014454683,8.501592145808722
2020-09-21,10462.259765625,10988.3046875,10380.2607421875,10934.92578125,28884999244,-4.351800185522626,-4.671070000515199,-12.599485877121207,2.150092257690508,3.13008458243258,2.875580256869885,2.8686762446602985,11158.138932291668,10586.781005859375,-1.176195485345899,-40.30775508857762,-8.33863294150884,20.655790754217172,16.945571469007305
2020-09-22,10538.4599609375,10568.0771484375,10382.7265625,10459.6240234375,23621787804,0.7283340025915352,-3.749480679493311,-7.671032037981618,2.2682905998953706,2.994060154076987,2.875132265722363,2.6737406051697135,11174.831722005209,10543.002294921875,-0.04308387551582582,-39.87299617197751,-5.01054036618277,15.393842073195408,-18.221262169820818
2020-09-23,10246.1865234375,10537.828125,10197.865234375,10535.4921875,23788661867,-2.773397997272453,-6.381231944732946,0.008683481292481865,2.383758067431215,1.995578733677765,2.8956630020885052,1.513648598896744,11184.316276041667,10543.04677734375,-2.8156970198043862,-41.54055729196383,-7.644976137286985,12.27853021456815,0.7064412921859553
2020-09-24,10760.06640625,10771.056640625,10231.490234375,10248.7861328125,47144380902,5.015328206616498,-3.013068575272937,2.361656532823897,3.631047037554697,2.220304870797856,2.950042123585992,1.513648598896744,11198.564599609375,10555.459423828124,1.9383995921578911,-38.608624372396875,-3.013068575272937,12.27853021456815,98.18004545854433
2020-09-25,10692.716796875,10777.6962890625,10578.9140625,10761.109375,39348590957,-0.6259218747560857,-2.2449130820236807,5.14426419895373,3.6020719570869035,2.082173509360437,2.5896375263815963,1.3344293373978509,11193.595328776042,10581.61689453125,1.0499331383010846,-38.99288642166372,-3.6201309947149873,12.27853021456815,-16.535989646794324
2020-09-26,10750.7236328125,10772.9990234375,10667.28125,10695.5751953125,46852525493,0.5424892199001441,2.7571850981494617,4.575447322524395,2.845831923616771,2.0744468460677843,2.5889639786941423,1.3344293373978509,11190.893668619792,10605.135498046875,1.372807870228887,-38.661929407129,-3.097280595207419,12.27853021456815,19.070402150359776
2020-09-27,10775.26953125,10803.9765625,10622.921875,10746.892578125,53745972818,0.22831856976197606,2.2470984488271784,3.912469947307673,2.847985136261538,2.069253552101272,2.579403101596462,1.3344293373978509,11185.473697916666,10625.42080078125,1.4102851386152304,-38.521883201631766,-2.8760336922019403,11.955447248387706,14.713075234396733
2020-09-28,10709.65234375,10945.34765625,10703.8935546875,10776.61328125,47762394731,-0.6089609852421796,4.523300637289318,5.706309972372137,2.3515830623132667,1.99468576015861,2.5804885506883704,1.239252731255548,11178.781005859375,10654.327587890624,0.5192702721310782,-38.89626094739545,-3.467480754336183,11.149184536636758,-11.133072439235947
2020-09-29,10844.640625,10860.0009765625,10649.4951171875,10709.650390625,46582396602,1.2604356977915954,0.786000899593664,5.88041910862569,0.8017006449303562,1.9985321763114159,2.5735707589369774,1.239252731255548,11170.800569661458,10684.442236328125,1.4993612687350666,-38.126087607691,-2.250750421786296,9.794614268942947,-2.4705589735309674
2020-09-30,10784.4912109375,10847.2568359375,10669.3212890625,10843.87109375,44171073700,-0.554646448346463,0.8582890186460412,4.065877649654803,0.7847021363375891,1.9962176013559796,2.523051864096986,1.245443280947592,11154.548876953126,10705.50986328125,0.7377635317225462,-38.46926906522793,-2.792913162857169,9.794614268942947,-5.176468103610777
2020-10-01,10619.4521484375,10933.6240234375,10472.3564453125,10795.2548828125,40023134100,-1.530337030017881,-1.2210478927608515,2.1011334921422264,1.0453143576800314,2.0335316125291163,2.409557327599197,1.2915980556387114,11147.312841796875,10716.43671875,-0.9050076332071333,-39.41089662556342,-4.280509208527605,9.180622782763015,-9.390624344275334
2020-10-02,10575.974609375,10657.837890625,10416.689453125,10619.8212890625,48661453918,-0.409414143543152,-1.8495585776022838,1.2813782903852156,1.012107048301728,2.0358214320508647,2.3985884154995762,1.2948384201808187,11136.13994140625,10723.126904296874,-1.372289036912444,-39.65895698422434,-4.672398341955375,9.180622782763015,21.583316779782113
2020-10-03,10549.3291015625,10598.9404296875,10511.1298828125,10575.1005859375,44660271563,-0.25194375739971964,-1.4969976339247126,2.184992024803223,1.003465833415493,2.0175346878746008,2.3984107372592085,1.2710159816252653,11125.197216796874,10734.40556640625,-1.7241426523230574,-39.810982475252466,-4.9125702834116876,9.180622782763015,-8.222488299964159
2020-10-04,10669.5830078125,10686.0,10534.3916015625,10550.4404296875,71251776995,1.1399199427022166,-1.6142316121010247,-0.10537453079761949,0.9570735623904654,1.8777966350649333,2.3165395307159233,1.2710159816252653,11107.239892578125,10733.842822265626,-0.598665506074203,-39.12487586117134,-3.8286497090693428,9.180622782763015,59.54174594413
2020-10-05,10793.33984375,10793.5078125,10634.6005859375,10676.529296875,47537578009,1.159903211277169,0.08204960845556997,-0.03344766561885759,1.1418714481115013,1.880060236475935,2.3219815284494465,1.2710159816252653,11090.799332682293,10733.662255859375,0.5559853335057818,-38.418783341416095,-2.713155128716227,9.180622782763015,-33.28225622732766
2020-10-06,10604.40625,10797.578125,10528.890625,10796.306640625,42623695307,-1.7504646058134066,-0.14168243547021397,-3.3758744536430463,1.2183499187762836,1.8782760563759886,2.3245934033204882,1.32992027669222,11074.181559244791,10715.1373046875,-1.033407706675482,-39.49674074285389,-4.416126914300644,9.180622782763015,-10.33683857656712
2020-10-07,10668.96875,10680.5078125,10562.5068359375,10603.35546875,37799458436,0.6088271090142428,0.879296178931499,-2.55750967331998,1.2225803144259184,1.8858390998711796,2.318972035813251,1.3288717299032946,11056.096940104168,10701.13623046875,-0.3005987380775621,-39.12838049865921,-3.8341863831091505,9.180622782763015,-11.318204196640192
2020-10-08,10915.685546875,10945.7373046875,10562.6064453125,10669.37109375,63314794397,2.3124708925124526,3.472793784187078,-0.2640610690074374,1.5015009133955248,1.9624148010788593,2.3391849364838944,1.328841288339799,11043.429378255209,10699.6912109375,2.0186969107734987,-37.720742015889776,-1.6103799346707692,9.180622782763015,67.50185589087523
2020-10-09,11064.4580078125,11102.671875,10846.8505859375,10927.9130859375,22799117613,1.3629236597062944,3.700941261817481,-0.2694045241052656,1.5212354799765078,1.9622165910626894,2.334791478685643,1.328841288339799,11029.868489583334,10698.19677734375,3.423579114233566,-36.87192327373481,0.0,8.872510273768608,-63.990852643311634
2020-10-10,11296.361328125,11442.2109375,11056.9404296875,11059.142578125,22877978588,2.095930231275278,4.660480367124542,3.273733370592602,1.6390547562267432,1.9857730835034313,2.2959369112736923,1.2910712417015093,11027.965755208334,10716.10126953125,5.414842991859237,-35.54880282920637,0.0,12.202021447886512,0.34589485583877977
2020-10-11,11384.181640625,11428.8134765625,11288.6279296875,11296.08203125,19968627060,0.7774212416643334,7.35331495457372,8.811880947833895,0.7627072942378337,1.6769000646255343,2.2895552056275217,0.8485026272280711,11024.619873046875,10762.19736328125,5.779342789845621,-35.047745531893646,0.0,12.202021447886512,-12.71682074886642
2020-10-12,11555.36328125,11698.4677734375,11240.6865234375,11392.6357421875,26163972642,1.503679807902314,8.308155661717542,9.649449009455036,0.6113776364846434,1.692891426124649,2.286971775004178,0.8485026272280711,11020.806966145834,10813.042529296876,6.865049776155785,-34.07107159667942,0.0,14.714869284644628,31.025395804051836
2020-10-13,11425.8994140625,11548.984375,11321.224609375,11548.7197265625,24241420251,-1.1203790312466544,4.674134895114923,11.513677678290168,1.2352200254957357,1.5611710183522833,2.2914499143630613,0.6309772931984604,11015.090771484374,10872.028173828125,5.094461046078691,-34.80972548603582,-1.1203790312466544,14.337867753945144,-7.348090510971572
2020-10-14,11429.5068359375,11539.9775390625,11307.8310546875,11429.0478515625,24103426719,0.03157232305546209,3.299292453975089,6.221526934988564,1.2601708319967695,1.15788149065087,2.2887766794717384,0.6309772931984604,11007.820914713542,10905.5001953125,4.804975757556118,-34.78914340196554,-1.0891604378783781,12.305044957714163,-0.5692468946587703
2020-10-15,11495.349609375,11569.9140625,11303.603515625,11426.6025390625,24487233058,0.5760771167350187,1.7615254635541033,7.506350609927059,0.9782791087642982,1.1378441140063769,2.2898971334826843,0.6152588356676782,11001.1966796875,10945.6318359375,5.0222571129482585,-34.41347857947738,-0.5193577251905168,12.305044957714163,1.5923310136539914
2020-10-16,11322.123046875,11540.0615234375,11223.0126953125,11502.828125,25635480772,-1.506927308750361,-0.5451300384082147,5.314985610071132,1.2315383912266782,1.2112809392182162,2.2616225220781168,0.7014876553154926,10985.65869140625,10974.201806640625,3.1703557704200636,-35.401819781622635,-2.0184586905498736,12.305044957714163,4.689168887641504
2020-10-17,11358.1015625,11386.26171875,11285.345703125,11322.123046875,19130430174,0.31777181254826203,-1.707100970768105,5.408978676214948,0.9193254453749865,1.211298774028636,2.2462454101064737,0.7014876553154926,10975.106494140626,11003.343408203125,3.224094178796588,-35.1965449734695,-1.707100970768105,12.305044957714163,-25.375184713153697
2020-10-18,11483.359375,11483.359375,11347.578125,11355.982421875,18283314340,1.1028058853915557,0.5028922350461151,7.224389797317032,0.9831709685035138,1.206337719010358,2.2374861800929864,0.6881447932540588,10970.524430338543,11042.028759765624,3.9968254460853503,-34.48188865749986,-0.6231210953517641,12.305044957714163,-4.428106562660094
2020-10-19,11742.037109375,11799.0927734375,11408.2900390625,11495.0380859375,23860769928,2.252631185070797,2.734416085695135,8.275022800720988,1.3684019440506447,1.2644780119412682,2.252738839518153,0.6881447932540588,10968.252180989582,11086.898583984375,5.909123461605459,-33.006007249529304,0.0,13.271042844593772,30.505714031277776
2020-10-20,11916.3349609375,11999.91796875,11681.48046875,11745.974609375,30915821592,1.4843919324981414,3.662223123854935,10.495105683354788,1.4318059325718782,1.265157281253169,2.2380528272628877,0.6768763715402568,10973.649609375,11143.490771484376,6.935386812818045,-32.01155382588292,0.0,15.198960502273895,29.567577598244554
2020-10-21,12823.689453125,13184.56640625,11900.9287109375,11913.0771484375,43414712626,7.614375520341321,13.262233593764417,20.756600942091175,2.9132870211753215,1.9544709042054624,2.4396198436058567,0.5840077491586104,10992.680680338543,11253.70263671875,13.9508468198162,-26.834658223740515,0.0,26.571560624711132,40.428784972786566
2020-10-22,12965.8916015625,13161.59375,12717.09375,12801.6357421875,34729759598,1.1089019970212055,14.155446931120895,22.597605236958263,2.77987202913726,1.927575028358213,2.442110890352887,0.5767877027387528,11014.36474609375,11373.198486328125,14.003915584072256,-26.02332628765619,0.0,25.434340106566733,-20.00463092504451
2020-10-23,12931.5390625,13015.9619140625,12752.6474609375,12971.548828125,28974975003,-0.26494544392426933,12.611115268697226,22.581625219983525,3.033603604225564,1.928036165519405,2.44092407514815,0.5770789162660726,11033.647135416666,11492.308984375,12.523419619867383,-26.219324114223774,-0.26494544392426933,25.22275020071263,-16.570182637634513
2020-10-24,13108.0625,13145.06640625,12885.7470703125,12931.57421875,24542317940,1.36506131750318,11.633632034209352,22.854496660291158,3.072953966366789,1.9293049883458973,2.397629632191914,0.5770789162660726,11062.679264322916,11614.232958984376,12.862059391189051,-25.21217264791464,0.0,25.22275020071263,-15.298225667290666
2020-10-25,13031.173828125,13329.18359375,12910.0615234375,13108.0634765625,24406920575,-0.586575413986623,9.355551609131595,20.733470980910894,3.332501918265971,1.9633687722933122,2.3977287524521245,0.5917969342718021,11088.3927734375,11726.124658203125,11.129415795600583,-25.65085965581674,-0.586575413986623,26.596277504307352,-0.551689393524335
2020-10-26,13075.248046875,13225.2978515625,12822.3828125,13031.201171875,29461458313,0.3382214014740148,1.96167097362685,23.300142776734912,0.8445229433864418,1.8644247428342344,2.3876415526508366,0.44386630262189253,11117.590283203124,11849.666748046875,10.342749082206314,-25.399394951360755,-0.2503379360984881,26.19337247100524,20.70944477599259
2020-10-27,13654.21875,13759.6689453125,13060.837890625,13075.2421875,33749878156,4.427990207523247,5.308752915646386,27.98067995090903,2.0263263445380373,2.0051180549795906,2.4382875371224273,0.44386630262189253,11152.785595703124,11998.929248046876,13.795310129214776,-22.096087465053916,0.0,30.267742309179766,14.556033844080684
2020-10-28,13271.28515625,13837.6953125,12932.2509765625,13654.21484375,35867318895,-2.804507535445777,2.6272672735082603,21.57995115615412,2.65953418879424,2.1823387435670885,2.4701045523427045,0.7682970912491058,11182.192594401042,12116.709228515625,9.52879124157886,-24.280908562503566,-2.804507535445777,27.57339287442577,6.273921135989546
2020-10-29,13437.8828125,13612.0478515625,12980.0595703125,13271.298828125,56499499598,1.2553242153156674,2.516163716033537,21.450890798371237,2.651547031789532,2.1815393613424523,2.4656039982761335,0.7682970912491058,11210.965543619792,12235.38046875,9.828074793597752,-23.33038847207166,-1.5843889823429103,25.149406388645,57.52362133171929
2020-10-30,13546.5224609375,13651.5166015625,13136.1982421875,13437.8740234375,30581485201,0.808458072996765,3.9547368457339527,19.91934453451116,2.577561287445487,2.1663928007627495,2.4656371873225957,0.7682970912491058,11242.060579427083,12347.888525390625,9.707197575376213,-22.710546808138876,-0.7887400299815717,23.297510999694147,-45.872998135221465
2020-10-31,13780.9951171875,14028.2138671875,13457.5302734375,13546.5322265625,30306464719,1.730869726353168,5.3975807402076414,21.05389348329929,2.5897140985306746,2.17324399991482,2.4561777969051954,0.7682970912491058,11272.235856119793,12467.72919921875,10.53332083962044,-21.372767061177044,0.0,24.995081517163786,-0.8993038768143502
2020-11-01,13737.109375,13862.033203125,13628.3779296875,13780.9951171875,24453857900,-0.3184511845067406,0.6070697014429971,18.880809202166326,1.8098199252834064,2.188352753035991,2.3715122962539867,0.7715899029066698,11310.953776041666,12576.81650390625,9.225648404215603,-21.623156415815604,-0.3184511845067406,24.995081517163786,-19.31141382957423
2020-11-02,13550.4892578125,13808.3232421875,13243.16015625,13737.0322265625,30771455468,-1.3585108198026608,2.103821131678507,18.594508552518384,1.252536821754166,2.200484528215728,1.9376417953977114,0.7904847259502927,11366.040315755208,12683.04599609375,6.839392224753538,-22.687914316126545,-1.6726358105120798,24.995081517163786,25.83476845999011
2020-11-03,13950.30078125,13984.9814453125,13325.44140625,13550.451171875,29869951617,2.950532012761009,3.813234390415632,22.055141849046667,1.687785419537587,2.2378232040306485,1.944616685931754,0.7904847259502927,11423.3484375,12809.085693359375,8.909418792336332,-20.406796478290634,0.0,24.995081517163786,-2.929675692258027
2020-11-04,14133.70703125,14218.7666015625,13580.4716796875,13950.48828125,35116364962,1.3147117963686394,4.334577911088955,22.95151962775708,1.706309254651096,2.2361245113157078,1.883922836373116,0.7904847259502927,11489.417431640624,12941.003564453125,9.216468111275699,-19.36037524248303,0.0,26.692956584654247,17.56418427545792
2020-11-05,15579.8486328125,15706.404296875,14102.0888671875,14133.7333984375,40856321439,10.231863433740651,13.05314674541529,37.60536401441661,4.588051700052906,2.952350449913425,2.2592121987585876,0.7150696513402237,11577.7423828125,13153.88984375,18.44290029701885,-11.109438963812979,0.0,39.175216338528074,16.345531444417148
2020-11-06,15565.880859375,15903.4375,15226.83984375,15579.7294921875,39837841971,-0.08965281862933772,13.312636847044113,37.046501774270425,4.553123626413101,2.9634010143168306,2.261528648756041,0.7153506047122896,11664.347672526043,13364.27880859375,16.473781206701066,-11.189131857277346,-0.08965281862933772,40.148297062286154,-2.4928320321755515
2020-11-07,14833.75390625,15737.095703125,14423.203125,15565.880859375,35024953706,-4.70340843373509,9.47024586361438,29.176083599229873,5.441082667948675,3.284577142354554,2.335796022758288,1.271939083599823,11742.718294270833,13531.79853515625,9.621451041494655,-15.36626971957551,-4.788844514131929,39.40246474752931,-12.081197240813268
2020-11-08,15479.5673828125,15637.3203125,14744.1103515625,14833.75390625,26632075029,4.353675277640923,10.96224823781522,31.830339477069145,5.541438052274861,3.348354601241135,2.3833991602914355,1.271939083599823,11830.005289713541,13718.675048828125,12.835731786903093,-11.681591927811375,-0.6436599761874384,36.14231126392302,-23.962568937135377
2020-11-09,15332.3154296875,15785.13671875,14865.529296875,15479.595703125,34149115566,-0.9512665921690977,8.48049556841206,28.666368308274315,5.723790537817628,3.39079141412641,2.392263819984404,1.2896024344183006,11912.82490234375,13889.474072265624,10.388020092876872,-12.521735438537684,-1.5888036460359078,33.631902906737096,28.225515769291732
2020-11-10,15290.90234375,15450.3291015625,15124.9599609375,15332.3505859375,25574938143,-0.2701032738819942,-1.854615509254398,19.23949343629625,3.221444507552714,3.063114585777544,2.3950945565608333,1.2910159672853376,11994.324690755207,14012.834716796875,9.120692941743847,-12.758017095053342,-1.854615509254398,25.055596920483513,-25.108051206856842
2020-11-11,15701.33984375,15916.2607421875,15290.0068359375,15290.9091796875,29772374934,2.684194109497806,0.8702301244546407,21.097262928357786,3.5004109362089686,3.0881914255705496,2.4088070614181682,1.2910159672853376,12081.977506510417,14149.60712890625,10.966613424013127,-10.416272928909686,0.0,24.80750205743889,16.41230476308644
2020-11-12,16276.34375,16305.00390625,15534.771484375,15701.298828125,34175758344,3.6621327349900312,9.725049052770007,25.86548029073783,2.3758983894538774,3.1277434391772254,2.4260947719238444,1.2896559321667485,12181.1873046875,14316.84736328125,13.6866471856389,-7.135597934615168,0.0,27.160482920186556,14.79016511031286
2020-11-13,16317.80859375,16463.177734375,15992.15234375,16276.4404296875,31599492172,0.2547552717421464,5.415146238959023,24.486807976007128,1.9918971838189217,3.1345435997190245,2.4014910479193063,1.2896559321667485,12275.13681640625,14477.33466796875,12.712795331403903,-6.899020974781767,0.0,28.394058850947278,-7.5382853134326915
2020-11-14,16068.138671875,16317.80859375,15749.193359375,16317.80859375,27481710135,-1.5300456580341737,4.799165824378671,23.305382030860187,2.1497219611388743,3.168909585408368,2.4187216021381257,1.3278030250536663,12362.98994140625,14629.18291015625,9.836200494285707,-8.323508461944428,-1.5300456580341737,28.394058850947278,-13.031165230714459
2020-11-15,15955.587890625,16123.1103515625,15793.5341796875,16068.1396484375,23653867583,-0.7004593596581565,4.3469347454611285,22.02894991684998,2.218800837726246,3.1904776304841294,2.4220021754698733,1.337008989898087,12446.001318359375,14773.19990234375,8.003601089115886,-8.965665027528956,-2.2197876696735896,27.303265024872324,-13.928691239359804
2020-11-16,16716.111328125,16816.181640625,15880.7060546875,15955.5771484375,31526766675,4.766502135260464,6.462961087864971,22.424516804559037,2.770351817338717,3.2101926512253303,2.476346587549164,1.337008989898087,12542.120003255208,14926.29453125,11.9910322895465,-4.626511507245967,0.0,30.03290510755987,33.28377088598502
2020-11-17,17645.40625,17782.919921875,16564.544921875,16685.69140625,39006849170,5.559276937282975,8.411363885086299,32.9592879834252,3.262556053102318,3.2244166252782893,2.550943524476873,1.1808174766871025,12653.800341796876,15145.0005859375,16.509775948006155,0.0,0.0,37.00183597421556,23.726132692609838
2020-11-18,17804.005859375,18393.94921875,17352.90625,17645.19140625,49064800278,0.8988152900985202,9.10782386670621,32.49115286831945,3.2049152094002022,3.2267233432286373,2.549985460602285,1.1808174766871025,12765.627994791666,15363.30673828125,15.886548141437418,0.0,0.0,40.02490583369085,25.785089854772302
2020-11-19,17817.08984375,18119.546875,17382.5546875,17803.861328125,36985055355,0.07348899162549216,10.884590975906194,31.525193237799808,2.8489949401834425,3.2387532086417927,2.535167739936414,1.1808174766871025,12880.274967447916,15576.835107421875,14.38196347896572,0.0,0.0,38.89395734649579,-24.619981849628346
2020-11-20,18621.314453125,18773.2265625,17765.794921875,17817.083984375,36992873940,4.513782084660201,16.7071660459863,35.12314818180806,2.490460961574327,3.3114181744755897,2.4848689472881276,1.1808174766871025,13016.259212239584,15818.85107421875,17.71597296009475,0.0,0.0,41.757906277680476,0.021139849393092547
2020-11-21,18642.232421875,18936.62109375,18444.359375,18621.31640625,39650210707,0.11233347035009,11.522542868623308,35.70709756305628,2.6080087077686804,3.2998890496031197,2.4872610746183668,1.1786684671289074,13151.322086588541,16064.1072265625,16.04897899990041,0.0,0.0,42.99170945850881,7.183374752959248
2020-11-22,18370.001953125,18688.96875,17671.384765625,18642.232421875,41280434226,-1.4602889964538845,4.106426867474355,35.56707513371757,2.2309042817249076,3.3047480779717398,2.4592518801296674,1.184737933336389,13286.719010416668,16305.082861328125,12.664266163862226,-1.4602889964538845,-1.4602889964538845,42.10877160788235,4.111512877060686
2020-11-23,18364.12109375,18711.42578125,18000.796875,18370.017578125,42741112308,-0.0320133845930215,3.146006796442724,31.639606784911955,2.262098556757093,3.3071088939979134,2.4055455838408855,1.184759559373054,13413.453255208333,16525.773876953124,11.124121814111465,-1.4918348931143077,-1.4918348931143077,39.440083823257524,3.5384271250713084
2020-11-24,19107.46484375,19348.271484375,18128.65625,18365.015625,51469565009,4.0478046632625775,7.242344352058416,35.19075216079468,2.6734767609919494,3.3579787486501975,2.4300994541399397,1.184759559373054,13553.699055989584,16774.461767578126,13.908065179659769,0.0,0.0,37.201457646421645,20.421678869986426
2020-11-25,18732.12109375,19390.96484375,18581.146484375,19104.41015625,43710357371,-1.964382784787766,0.5950527332747146,20.233010828478413,2.3606482541901737,2.755826835846722,2.459479797471705,1.263564481846637,13686.722347005209,16932.075390625,10.630980914021059,-1.964382784787766,-1.964382784787766,34.44284654175942,-15.075331677357717
2020-11-26,17150.623046875,18866.28515625,16351.03515625,18729.83984375,61396835737,-8.442706722639482,-8.001237948571704,10.180870596510715,4.509068738124855,3.46515356937488,2.74168341297363,2.271598150777343,13792.978238932292,17011.3125,0.8189288561655683,-10.241242429997598,-10.241242429997598,34.44284654175942,40.46290039654134
2020-11-27,17108.40234375,17445.0234375,16526.423828125,17153.9140625,38886494645,-0.24617591448197196,-6.867716250625566,15.334273791218877,4.548989831787722,3.246356338931726,2.738890334396664,2.014220877394552,13899.624072265626,17125.044921875,-0.09718268302900679,-10.462206872273205,-10.462206872273205,31.516682806806664,-36.66368278069816
2020-11-28,17717.4140625,17853.939453125,16910.65234375,17112.93359375,32601040734,3.5597229157547927,-3.521578996068042,14.456777921146946,5.059637959822307,3.2047699297396877,2.7611491851896677,2.014220877394552,14014.170296223958,17236.937255859375,2.7874836434604644,-7.2749095320443935,-7.2749095320443935,30.442478410952557,-16.16359090316766
2020-11-29,18177.484375,18283.62890625,17559.1171875,17719.634765625,31133957704,2.596712538731971,-4.867105481312417,18.556681529023898,4.7583859239536235,3.2051926482771713,2.763783539710858,2.0029578968273967,14137.386848958333,17379.195703125,4.59335797531446,-4.867105481312417,-4.867105481312417,28.205065625496562,-4.500111030105747
2020-11-30,19625.8359375,19749.263671875,18178.322265625,18178.322265625,47728480399,7.967832801396635,4.771028541173528,28.349756582690233,6.0895837053368105,3.5564264923804183,2.8906797451670556,2.0020470892401954,14287.493245442709,17595.9423828125,11.536145723404246,0.0,0.0,29.164518262061854,53.300395833928896
2020-12-01,18802.998046875,19845.974609375,18321.921875,19633.76953125,49633658712,-4.192625951044282,9.634489636229727,19.754098911244377,4.52155852287858,3.744642288898456,2.963818088162788,2.2106782139885572,14424.610302734374,17751.02529296875,5.926264745523979,-4.192625951044282,-4.192625951044282,27.751957145531513,3.9917011752167886
2020-12-02,19201.091796875,19308.330078125,18347.71875,18801.744140625,37387697139,2.1171823185194727,12.231939669629611,17.969318489448828,4.35679472694954,3.701923721795334,2.962552127914367,2.2106782139885572,14568.80634765625,17897.2626953125,7.285075509921346,-2.1642091678419795,-2.1642091678419795,26.012641768483434,-24.672695688337953
2020-12-03,19445.3984375,19566.19140625,18925.78515625,19205.92578125,31930317405,1.2723580680175761,9.75302811631742,19.166727111555403,4.325838778724784,3.6996536496600436,2.9626727906324075,2.2106782139885572,14715.069938151042,18053.6421875,7.7090053937350245,-0.9193875897802073,-0.9193875897802073,26.012641768483434,-14.596726066627074
2020-12-04,18699.765625,19511.404296875,18697.193359375,19446.966796875,33872388058,-3.8344949058079725,2.8732317367210047,16.377920348243503,4.991268951990469,3.8149115003605027,3.02889691176767,2.3463191895293236,14846.843701171874,18185.22353515625,2.829451553614515,-4.71862862529343,-4.71862862529343,25.658857501948205,6.082215307687133
2020-12-05,19154.23046875,19160.44921875,18590.193359375,18698.384765625,27242455064,2.4303237423597412,-2.4029828347279847,20.047162160689936,3.290702683743823,3.8130117986645704,3.013424690769513,2.3410855544868294,14989.340771484374,18345.1556640625,4.410291302528702,-2.4029828347279847,-2.4029828347279847,24.96909483137919,-19.573267118478643
2020-12-06,19345.12109375,19390.5,18897.89453125,19154.1796875,25293775714,0.9965977245154134,2.8831734467211767,15.727400434344263,2.545877174356347,3.708086944128642,3.0129122158548274,2.3410855544868294,15133.943310546874,18476.60615234375,4.700619444096765,-1.430333182463961,-1.430333182463961,21.374423207628524,-7.153097418797305
2020-12-07,19191.630859375,19411.828125,18931.142578125,19343.12890625,26896357742,-0.7934312410408761,-0.049272914270115376,8.762760049092089,2.4418456967101014,3.5474373298970256,3.0173729077546487,2.347798592328543,15271.875732421875,18553.9173828125,3.437082657020185,-2.2124157131841904,-2.2124157131841904,21.374423207628524,6.335875063179985
2020-12-08,18321.14453125,19283.478515625,18269.9453125,19191.529296875,31692288756,-4.53576006387062,-5.781593572708199,2.9046197578209254,3.0093018395416404,3.7178018099826406,3.0999523463479806,2.557501553858779,15392.8205078125,18579.77431640625,-1.3919963760155807,-6.647825908689398,-6.647825908689398,21.374423207628524,17.831154165944607
2020-12-09,18553.916015625,18626.29296875,17935.546875,18320.884765625,34420373071,1.2705073309037251,-0.7799542106560531,4.135502365070409,2.7219798453169592,3.725128032745828,3.096343054895462,2.557501553858779,15513.779752604167,18616.615625,-0.3367938117108671,-5.461779693301283,-5.461779693301283,21.374423207628524,8.608038176111577
2020-12-10,18264.9921875,18553.298828125,17957.064453125,18553.298828125,25547132265,-1.5572121156616547,-4.642516350112769,-1.9135183314903048,2.3434682891791883,3.606507389418856,3.112244776313532,2.581096603509493,15628.459928385417,18598.79951171875,-1.7947788727354363,-6.9339403138480975,-6.9339403138480975,21.374423207628524,-25.77903728032489
2020-12-11,18058.904296875,18268.453125,17619.533203125,18263.9296875,27919640985,-1.1283218109780502,-6.6487916547110615,-3.1290679774784724,2.0867418403550397,3.6145118587318024,3.1212410665877273,2.5933983847655724,15736.852278645832,18569.63310546875,-2.7503441004622875,-7.984024963904801,-7.984024963904801,21.374423207628524,9.28679076535872
2020-12-12,18803.65625,18919.55078125,18046.041015625,18051.3203125,21752580802,4.1240151721379625,-2.021582283537293,2.360665491389513,3.2490541024933277,3.7178227892793383,3.1400890763623974,2.57275979921299,15859.814892578124,18591.3158203125,1.1421484726514164,-4.189272192625548,-4.189272192625548,21.374423207628524,-22.088608468544745
2020-12-13,19142.3828125,19381.53515625,18734.33203125,18806.765625,25450468637,1.8013866983980886,4.482461670717308,4.237946998807751,2.3181893102946187,3.7348116437487993,3.1402805350843055,2.572749840463859,15988.362825520833,18630.22890625,2.7490478449150313,-2.4633504862651145,-2.4633504862651145,21.374423207628524,16.99976599861661
2020-12-14,19246.64453125,19305.099609375,19012.708984375,19144.4921875,22473997681,0.5446642655266398,3.733597344310624,0.7284047812628813,2.312068187402357,3.6291862901255034,3.140339969270067,2.572749840463859,16117.55107421875,18637.187890625,3.2701105134620434,-1.932103210571845,-1.932103210571845,21.374423207628524,-11.69515185929737
2020-12-15,19417.076171875,19525.0078125,19079.841796875,19246.919921875,26741982541,0.8855135259981495,6.307607320869546,3.6565804518183365,1.9268270929439844,3.5997226817644603,3.1242704135571735,2.534975691273643,16252.466959635416,18671.43564453125,3.993482566307871,-1.0636987198395564,-1.0636987198395564,21.374423207628524,18.990768445296435
2020-12-16,21310.59765625,21458.908203125,19298.31640625,19418.818359375,44409011479,9.751836309514527,18.006039048214518,24.255530530903858,3.80456514291453,3.5885048001582613,3.3229607285364184,1.691785126759066,16418.34189453125,18879.434375,12.877309949864424,0.0,0.0,29.846047918762665,66.06476879907257
2020-12-17,22805.162109375,23642.66015625,21234.67578125,21308.3515625,71378606374,7.013245133867341,21.28046698032464,33.29802310679306,4.142358519096416,3.80056164341642,3.409295369531316,1.69088934767466,16607.038606770835,19164.27236328125,18.99831977482065,0.0,0.0,39.809273324621806,60.73000500754966
2020-12-18,23137.9609375,23238.6015625,22399.8125,22806.796875,40387896275,1.459313582288413,20.872940240182025,30.594458400523152,4.190282260430509,3.7699688754689467,3.4067059544553793,1.69088934767466,16796.970670572915,19435.29970703125,19.051217559198296,0.0,0.0,34.64606394381124,-43.41736505279895
2020-12-19,23869.83203125,24085.85546875,22826.47265625,23132.865234375,38487546580,3.1630751548372027,24.020745499266205,31.315376422927056,3.8074116158012377,3.78146570867015,3.416019628760618,1.69088934767466,16996.19562174479,19719.91708984375,21.04428189276495,0.0,0.0,36.69973654283947,-4.705245556888071
2020-12-20,23477.294921875,24209.66015625,23147.7109375,23861.765625,37844228422,-1.644490454985592,20.910556842132056,19.624432796851398,4.504604823121148,3.5088574304014974,3.3303683492467613,1.7304115778931246,17173.755712890626,19912.4900390625,17.902356138380448,-1.644490454985592,-1.644490454985592,37.40239243089696,-1.6714969260584134
2020-12-21,22803.08203125,24059.982421875,22159.3671875,23474.455078125,45852713981,-2.871765647910318,7.003484365265011,21.273649948816555,3.941272849803598,3.4180835490704533,3.368939971490927,1.5898963826186798,17337.70888671875,20112.49423828125,13.377693293990367,-4.469030190926471,-4.469030190926471,37.40239243089696,21.16170917715006
2020-12-22,23783.029296875,23789.90234375,22430.60546875,22794.0390625,44171632681,4.2974334095805755,4.287920352462682,23.86290086246927,3.069026005469667,3.4888440390324877,3.3913106172484477,1.5898963826186798,17518.567057291668,20341.59111328125,16.918234981858404,-0.3636503778550182,-0.3636503778550182,37.40239243089696,-3.6662634641355996
2020-12-23,23241.345703125,24024.490234375,22802.646484375,23781.974609375,51146161904,-2.2776055438033516,0.4468188268804685,19.521056757081425,3.336276686988348,3.5706841534413645,3.4185517219976442,1.6694744257167138,17687.455110677085,20531.3884765625,13.199093815092123,-2.632973400492289,-2.632973400492289,37.40239243089696,15.789611566701334
2020-12-24,23735.94921875,23768.337890625,22777.59765625,23240.203125,41080759713,2.128119094061298,-0.5608871161084106,26.93180061581655,3.1268421877965182,3.3943320584122474,3.414948699492398,1.4324724426629596,17865.868033854167,20783.19765625,14.207397780350895,-0.5608871161084106,-0.5608871161084106,37.40239243089696,-19.67968233841768
2020-12-25,24664.791015625,24710.1015625,23463.673828125,23733.5703125,42068395846,3.913227940938091,5.0580618325135385,28.769417575221535,3.4043615031662466,3.4373296136433384,3.4332638947263194,1.4324724426629596,18059.027083333334,21058.72568359375,17.12385348578158,0.0,0.0,40.2426572692483,2.404133078112136
2020-12-26,26437.037109375,26718.0703125,24522.689453125,24677.015625,48332647295,7.185327832809496,15.936245254676207,36.65997220310111,3.486955393430189,3.676275770281075,3.4961637884817174,1.4324724426629596,18272.074055989582,21413.321484375,23.460702388771093,0.0,0.0,51.63892257804699,14.890635411750841
2020-12-27,26272.294921875,28288.83984375,25922.76953125,26439.373046875,66479895605,-0.6231492085078671,10.466562496843412,36.89454072133289,3.7323603980622657,3.6705447885121827,3.4653764601273642,1.428256415731784,18488.757552083334,21767.3546875,20.695855325782798,-0.6231492085078671,-0.6231492085078671,60.55385530152804,37.54656391825102
2020-12-28,27084.80859375,27389.111328125,26207.640625,26280.822265625,49056742893,3.092663485588698,16.537178783534088,47.83360585116283,2.8350481256021496,3.379270101121606,3.473955420175317,1.0056144495922987,18716.206315104166,22205.537890625,21.973215542709234,0.0,0.0,60.55385530152804,-26.208152936223318
2020-12-29,27362.4375,27370.720703125,25987.298828125,27081.810546875,45265946774,1.0250355112868093,15.278463261900166,47.47526870854104,2.9729666649592144,3.3826041113110428,3.4736188314571965,1.0056144495922987,18946.471565755208,22645.96396484375,20.826993907074296,0.0,0.0,60.55385530152804,-7.7273701747143875
2020-12-30,28840.953125,28937.740234375,27360.08984375,27360.08984375,51287442704,5.4034499850387885,16.931674412847954,57.90290424946287,3.1660346886344355,3.353779217438167,3.5145838726316243,0.9434060327190247,19197.470865885418,23174.76201171875,24.44983517162349,0.0,0.0,64.23670196462754,13.302485331994962
2020-12-31,29001.720703125,29244.876953125,28201.9921875,28841.57421875,46754964848,0.5574281038085438,9.701100706328859,60.595129285576846,2.3785791312275912,3.281851291390171,3.5095702941827147,0.9090431437034274,19451.8810546875,23721.90283203125,22.25714314942944,0.0,0.0,62.05702363085395,-8.837402718943721
2021-01-01,29374.15234375,29600.626953125,28803.5859375,28994.009765625,40730301359,1.2841708408869223,11.806572022348583,56.215110259474145,1.996869407727617,3.26684914947161,3.492015152363678,0.9090431437034274,19715.608772786458,24250.42763671875,21.12838908982031,0.0,0.0,58.002040872070395,-12.885612273661485
2021-01-02,32127.267578125,33155.1171875,29091.181640625,29376.455078125,67865420765,9.372577639540935,18.617295990559747,67.83316838249549,3.8013253258290622,3.624573033384786,3.6370963307830886,0.9090431437034274,20018.558219401042,24899.671875,29.026871275286624,0.0,0.0,74.38397239839676,66.62145503621242
2021-01-03,32782.0234375,34608.55859375,32052.31640625,32129.408203125,78665235202,2.0380066800975483,19.806663560218276,70.32591517068418,3.6588674829324117,3.593452278700705,3.6377918577669455,0.9090431437034274,20329.36349283854,25576.4408203125,28.172733914817872,0.0,0.0,81.38807943060814,15.913574711924205
2021-01-04,31971.9140625,33440.21875,28722.755859375,32810.94921875,81163475344,-2.471200036033472,10.855955154914799,64.65874562932534,4.382334235916913,3.7600239815162904,3.4860604887678717,1.0638143249734897,20602.564583333333,26204.18271484375,22.01072786898648,-2.471200036033472,-2.471200036033472,79.33460031021976,3.1757867825411124
2021-01-05,33992.4296875,34437.58984375,30221.1875,31977.041015625,67547324782,6.319658000613337,17.20832027679393,59.509509004927686,4.6086089101866365,3.4841456771085677,3.54162479092682,1.0638143249734897,20909.67373046875,26838.27431640625,26.656540158844756,0.0,0.0,62.981337460819645,-16.776204449464316
2021-01-06,36824.36328125,36879.69921875,33514.03515625,34013.61328125,75289433811,8.331071417326141,25.36315210159654,61.47380625771493,4.902847330133344,3.586574802551796,3.5624040799678593,1.0638143249734897,21276.18388671875,27539.234375,33.716002339843556,0.0,0.0,66.42938810794956,11.461755227148718
2021-01-07,39371.04296875,40180.3671875,36491.19140625,36833.875,84762141031,6.91574669750421,22.547125655831323,70.15778994138083,4.418980464906416,3.7099250938410555,3.6111346489728167,1.0638143249734897,21674.375146484374,28350.8884765625,38.87057896368147,0.0,0.0,81.32452451153733,12.58172195022671
2021-01-08,40797.609375,41946.73828125,36838.63671875,39381.765625,88107519480,3.62338992996023,24.45116285387927,70.91703587016627,4.277283242401357,3.7140029188827435,3.603974880254881,1.0638143249734897,22098.796712239582,29197.27734375,39.73086906246475,0.0,0.0,89.29574083194925,3.9467837979416887
2021-01-09,40254.546875,41436.3515625,38980.875,40788.640625,61984162837,-1.3311135341493308,25.90596482997163,71.46160581512639,3.8152714233727516,3.694966652772913,3.6164233380054696,1.0416701191988,22514.857454427085,30036.13994140625,34.02037330205401,-1.3311135341493308,-1.3311135341493308,89.29574083194925,-29.649406540073898
2021-01-10,38356.44140625,41420.19140625,35984.62890625,40254.21875,79980747690,-4.715257321474942,12.838187087152452,68.20726844592862,5.510866826707852,3.862961102431339,3.706964015604702,1.3358170985550026,22892.44248046875,30813.80791015625,24.47809604734925,-5.9836054272481505,-5.9836054272481505,87.00671428459476,29.034166195525923
2021-01-11,35566.65625,38346.53125,30549.599609375,38346.53125,123320567399,-7.273315912449108,-3.4154209854061257,49.54636689058498,5.837740452488744,4.435667884179331,3.867523563540329,2.1046290739477524,23213.947688802084,31402.9892578125,13.258823731730107,-12.821714814019048,-12.821714814019048,84.15786824533768,54.187815143942174
2021-01-12,33922.9609375,36568.52734375,32697.9765625,35516.359375,74773277909,-4.621450217153877,-13.83778945245192,45.95953853454693,4.195051243943622,4.586504242006036,3.9421686657601223,2.2886632110753142,23507.36689453125,31937.07001953125,6.218137470827068,-16.850615864057595,-16.850615864057595,84.15786824533768,-39.36674191007141
2021-01-13,37316.359375,37599.9609375,32584.66796875,33915.12109375,69364315979,10.003249550509551,-8.532975469227477,57.214523131530285,6.814092593752959,4.923079509262055,4.080456593959066,2.2886632110753142,23861.50390625,32616.09052734375,14.410889753067657,-8.532975469227477,-8.532975469227477,78.77310513484066,-7.233816787573188
2021-01-14,39187.328125,39966.40625,36868.5625,37325.109375,63615990033,5.0138030111625875,-2.6511756629976957,58.879627644828034,7.436200122260936,4.946959835843558,4.09500569266275,2.2886632110753142,24248.699576822917,33342.2173828125,17.530659929056135,-3.946999039082788,-3.946999039082788,71.05276467098352,-8.287151491179268
2021-01-15,36825.3671875,39577.7109375,34659.58984375,39156.70703125,67760757881,-6.027358971670127,-3.99170038360368,39.29460792125277,7.650217571378832,5.159871676497019,4.189115079749026,2.656018091504308,24583.853841145832,33861.63388671875,8.752481674972245,-9.736458210059029,-9.736458210059029,61.814262286608844,6.515292532349104
2021-01-16,36178.140625,37864.3671875,35633.5546875,36821.6484375,57706187875,-1.7575563040677422,1.7192630386782648,37.70453145635608,6.793672557153198,5.193984779358505,4.172756587538106,2.6813180646266868,24892.732747395832,34356.926171875,5.300865519849296,-11.322890779062956,-11.322890779062956,61.412459827693766,-14.838337587158668
2021-01-17,35791.27734375,36722.3515625,34069.3203125,36163.6484375,52359854336,-1.0693288117263444,5.507527511210486,32.14521055175217,6.288257011873163,5.22021135265408,4.183592752800365,2.6919583520316217,25192.52060546875,34792.249609375,2.871408849934798,-12.271140657368484,-12.271140657368484,61.412459827693766,-9.264749129817652
2021-01-18,36630.07421875,37299.28515625,34883.84375,35792.23828125,49511702429,2.3435790428599335,-1.8390999758400195,33.86992375496518,4.20547228674654,5.221810277280763,4.182986011436186,2.6919583520316217,25506.070345052085,35255.6314453125,3.8985056204978052,-10.215145495274502,-10.215145495274502,53.313598459663325,-5.439571868789084
2021-01-19,36069.8046875,37755.890625,36069.8046875,36642.234375,57244195486,-1.5295342507474663,-7.955437603593952,25.064537677272057,2.977599757164995,5.185817086046572,4.176882663763457,2.7135978921504353,25796.878515625,35617.0740234375,1.2711057167823059,-11.588435596908065,-11.588435596908065,48.73679136696627,15.617505918097695
2021-01-20,35547.75,36378.328125,33570.4765625,36050.11328125,66834573161,-1.4473454791977813,-3.4693942927843335,22.571175565350686,1.7149736005230047,5.219183518221372,4.188557201196114,2.7328289311793736,26078.637141927084,35944.37548828125,-1.10344242428293,-12.86805637738424,-12.86805637738424,46.04008921225691,16.753450011094117
2021-01-21,30825.69921875,35552.6796875,30250.75,35549.3984375,75643067688,-13.283684006020069,-14.79468351270471,4.941578766302168,5.970939060919515,6.135583780778796,4.574578576690815,4.036231782948133,26286.232096354168,36016.95283203125,-14.413361500877642,-24.442388436516083,-24.442388436516083,46.04008921225691,13.17954781544115
2021-01-22,33005.76171875,33811.8515625,28953.373046875,30817.625,77207272511,7.072224005462169,-7.782666145851924,2.734419098943719,7.533742597001575,5.9785099424687855,4.639689406540179,4.036231782948133,26530.259440104168,36060.8775390625,-8.47210614052053,-19.09878489356951,-19.09878489356951,46.04008921225691,2.0678759743745
2021-01-23,32067.642578125,33360.9765625,31493.16015625,32985.7578125,48354737975,-2.842289017956734,-12.455425597498815,-2.179184761846653,7.246349052463189,6.003668540556991,4.650446562304889,4.0859634541636005,26746.26240234375,36025.15849609375,-10.985422641229647,-21.39823124593314,-21.39823124593314,46.04008921225691,-37.37022899220961
2021-01-24,32289.37890625,32944.0078125,31106.685546875,32064.376953125,48643830599,0.6914643868341619,-10.480860137732062,0.9929491338222851,7.380352013433894,5.974998265354562,4.6346244523182385,4.048426344625273,26972.21669921875,36041.03173828125,-10.409393546984402,-20.854728007577037,-20.854728007577037,44.87686188873043,0.5978579061879374
2021-01-25,32366.392578125,34802.7421875,32087.787109375,32285.798828125,59897054838,0.23851084933719235,-8.94953245106933,-4.783527168618196,7.447937471995192,5.800484005754176,4.466751945106506,4.048426344625273,27225.812858072917,35959.7298828125,-9.992670457752773,-20.66595794713768,-20.66595794713768,44.87686188873043,23.133918732196523
2021-01-26,32569.849609375,32794.55078125,31030.265625,32358.61328125,60255421470,0.6286058316783416,5.658104876219983,-11.553529491822301,3.6167572262851677,5.458002643038006,4.463503619127787,4.048426344625273,27483.503645833334,35747.00419921875,-8.887890498844053,-20.16725953228724,-20.16725953228724,44.87686188873043,0.5983042621532153
2021-01-27,30432.546875,32564.029296875,29367.138671875,32564.029296875,62576762015,-6.562212475675022,-7.796259530917604,-22.703224044241743,3.1527647266761534,5.328832599466111,4.56210318317989,4.306145317642125,27695.422526041668,35300.07939453125,-13.789012951300428,-25.406053586932753,-25.406053586932753,44.87686188873043,3.8525007183888738
2021-01-28,33466.09765625,33858.3125,30023.20703125,30441.041015625,76517157706,9.968113394222765,4.3609538016959215,-17.97044442325243,5.882747161243359,5.795865807835478,4.702699641887507,4.306145317642125,27950.232747395832,34933.50380859375,-4.2005696319038055,-17.97044442325243,-16.863807310587198,43.11407342907949,22.277272332592734
2021-01-29,34316.38671875,38406.26171875,32064.814453125,34318.671875,117894572511,2.540747568580648,6.277630233722609,-14.751526516220414,5.917091113604437,5.842548273161386,4.620442456200966,4.295846172130867,28195.075260416666,34636.59580078125,-0.9244819666256787,-15.886280484418702,-12.429889046562803,43.05825901248688,54.07599556165354
2021-01-30,34269.5234375,34834.70703125,32940.1875,34295.93359375,65141828798,-0.13656239986477026,5.879959760054443,-10.65510203478901,5.937250190081773,5.763274203649501,4.571998199879773,4.164558106051362,28452.85068359375,34432.24990234375,-0.47259898875405826,-16.001148198404703,-12.549476891645062,38.037133653806386,-44.74569319811391
2021-01-31,33114.359375,34288.33203125,32270.17578125,34270.87890625,52754542671,-3.3708203284669613,1.6718215532326663,-6.894932314588898,6.306195186296814,5.581608591136163,4.606235420589909,3.9072508858408543,28684.7384765625,34309.63505859375,-3.483790141027332,-18.832598570611715,-15.497276901932189,38.037133653806386,-19.015870993447326
2021-02-01,33537.17578125,34638.21484375,32384.228515625,33114.578125,61400400660,1.2768370405776608,10.201672962181219,-1.137239042785132,4.942198945629459,5.491200011818522,4.6062396722231895,3.7681188117444706,28919.601432291667,34290.34580078125,-2.196449181081428,-17.796223124286925,-14.418314833119283,38.037133653806386,16.38884075428213
2021-02-02,35510.2890625,35896.8828125,33489.21875,33533.19921875,63088585433,5.883361479570781,6.108245506384091,-4.839888838968498,3.4061960781327945,5.167375916791078,4.60362109796554,3.7681188117444706,29199.776822916665,34200.04228515625,3.831126191070333,-12.959877780828922,-9.383234934443497,38.037133653806386,2.7494686595747053
2021-02-03,37472.08984375,37480.1875,35443.984375,35510.8203125,61166818159,5.524598174340745,9.19590733973099,-4.377022785985107,3.9147647972144024,5.1952643027757945,4.63510455781578,3.7681188117444706,29505.074479166666,34114.28037109375,9.842826628995649,-8.151260777764623,0.0,36.69464650431018,-3.0461410107869846
2021-02-04,36926.06640625,38592.17578125,36317.5,37475.10546875,68838074392,-1.4571470120209207,7.751911034289538,0.27345068478823453,4.120230385466516,5.017988558449403,4.64800733784576,3.5338973445030937,29798.090234375,34119.31533203125,8.226281937093184,-9.489631936920329,-1.4571470120209207,33.29077658333608,12.541532261918476
2021-02-05,38144.30859375,38225.90625,36658.76171875,36931.546875,58598066402,3.2991388091470286,15.189631669418336,5.434684963857239,3.0646173348419126,5.044901671646008,4.648446794998972,3.51197668463041,30113.968196614584,34217.62373046875,11.475621142518921,-6.50356925784944,0.0,33.29077658333608,-14.875500339663827
2021-02-06,39266.01171875,40846.546875,38138.38671875,38138.38671875,71326033653,2.9406828078771152,17.082046427722396,9.70832737157612,2.9309985252147275,5.063567944593925,4.590363649184475,3.503827482626421,30463.04931640625,34391.36044921875,14.174057687334042,-3.754135793036284,0.0,41.07698888440445,21.72079734454444
2021-02-07,38903.44140625,39621.8359375,37446.15234375,39250.19140625,65500641143,-0.9233693380855112,9.555406146590006,6.206286053158805,2.975629212312882,5.056674517661322,4.599995325353117,3.509905636158047,30802.208072916666,34505.02880859375,12.747163962838925,-4.6428405922988025,-0.9233693380855112,41.07698888440445,-8.167273871333492
2021-02-08,46196.46484375,46203.9296875,38076.32421875,38886.828125,101467222687,18.746473766529938,23.282328357928893,28.075173248053087,8.242175837500456,6.47711195240941,5.102230815422947,3.493202516820853,31267.7326171875,35011.36181640625,31.947066458016018,0.0,0.0,59.58047310307042,54.91027403148361
2021-02-09,46481.10546875,48003.72265625,45166.9609375,46184.9921875,91809846886,0.6161523959955284,25.87613572856149,30.756814337756964,7.911748907532702,6.445064534705923,5.090891509214295,3.478178169202353,31741.435970052084,35558.02958984375,30.719013412447783,0.0,0.0,65.79665028503871,-9.517729514279205
2021-02-10,44918.18359375,47145.56640625,43881.15234375,46469.76171875,87301089896,-3.362488605290981,17.75854708010072,45.71667385383466,8.77055827875002,5.565680248674932,5.122445128472621,1.9596496674563404,32176.678092447917,36262.65380859375,23.86899158247764,-3.362488605290981,-3.362488605290981,65.79665028503871,-4.910973215758119
2021-02-11,47909.33203125,48463.46875,44187.76171875,44898.7109375,81388911810,6.65910372634968,22.012218542614836,45.15445042443464,8.85752363250553,5.546750056039032,5.1640905933602,1.9596496674563404,32656.12724609375,37007.83232421875,29.45727707455341,0.0,0.0,65.02618553169981,-6.772169846955012
2021-02-12,47504.8515625,48745.734375,46424.9765625,47877.03515625,76555041196,-0.8442623839676311,22.109638235932906,48.13951928884701,8.845818681842319,5.472096866287863,5.172323436266114,1.8633130238183302,33127.09736328125,37779.6927734375,25.74176250554414,-0.8442623839676311,-0.8442623839676311,65.98734701274776,-5.9392250203375685
2021-02-13,47105.515625,48047.74609375,46392.28125,47491.203125,70250456155,-0.8406213773231364,1.9677929562893492,45.88548067699796,3.7568725657534503,5.503748195172371,5.181417825065675,1.8727700445414117,33588.57135416667,38520.499609375,22.286876085936335,-1.6777867112104383,-1.6777867112104383,65.98734701274776,-8.235362351721154
2021-02-14,48717.2890625,49487.640625,47114.5078125,47114.5078125,71248675228,3.421623595697554,4.810951829132848,50.51813063475552,3.9909269268267757,5.494890653188614,5.076358106667652,1.8727700445414117,34045.34954427083,39338.04443359375,23.84268146511268,0.0,0.0,68.5136614020707,1.4209431904577796
2021-02-15,47945.05859375,48875.5703125,46347.4765625,48696.53515625,77069903166,-1.585126109458379,6.738640696996412,47.20687743043601,3.5604088278074735,5.550235998050599,5.03965282124206,1.906016494911829,34464.347819010414,40106.8048828125,19.543450877824785,-1.585126109458379,-1.585126109458379,68.5136614020707,8.170296387086108
2021-02-16,49199.87109375,50341.1015625,47201.3046875,47944.45703125,77049582886,2.6171883752032166,2.6937112411799413,61.66859545418839,2.2888849940448432,5.163162296477764,5.042222751072492,1.2164568426708482,34898.71298828125,41045.17109375,19.86762335908918,0.0,0.0,67.67396471037183,-0.026366038057989982
2021-02-17,52149.0078125,52533.9140625,49072.37890625,49207.27734375,80820545404,5.994196027730325,9.776172532377858,55.82637793074405,3.132369199790389,4.933988726493949,5.07227494803709,1.2164568426708482,35370.03258463542,41979.3166015625,24.225480627664563,0.0,0.0,63.83663825436579,4.894202378200263
2021-02-18,51679.796875,52474.10546875,51015.765625,52140.97265625,52054723579,-0.8997504596578998,9.710712618911078,50.598014000007964,3.1454881161067436,4.98668327339458,5.065518231117738,1.2329820739019115,35840.07428385417,42847.487109375,20.61336699414631,-0.8997504596578998,-0.8997504596578998,62.79401270886129,-35.59221443162435
2021-02-19,55888.1328125,56113.65234375,50937.27734375,51675.98046875,63495496918,8.14309690047519,14.719299632622086,63.084067726904756,4.2334365460769225,5.126152712125278,5.105770355462989,1.2326038820767269,36391.491796875,43928.417578125,27.22546336458651,0.0,0.0,73.88703651361521,21.97835768282794
2021-02-20,56099.51953125,57505.2265625,54626.55859375,55887.3359375,68145460026,0.37823185014820293,17.007927775403743,69.41145953016039,3.7861881489997113,4.962568249871797,5.096139777827656,0.9752901341499933,36930.09996744792,45077.6755859375,24.4507814612138,0.0,0.0,77.57170449422446,7.3232958771944245
2021-02-21,57539.9453125,58330.5703125,55672.609375,56068.56640625,51897585191,2.5676258785917394,16.951414776794937,71.5706345931177,3.788312211091133,4.950377154520825,5.072541536643029,0.9752901341499933,37501.74329427083,46277.8140625,24.33591879424133,0.0,0.0,74.17716056006832,-23.842930737866965
2021-02-22,54207.3203125,57533.390625,48967.56640625,57532.73828125,92052420332,-5.791845963531039,3.9469830517209425,52.65243326263054,5.087569847970485,5.25227535393505,5.162051684183406,1.6212540914470661,38009.59947916667,47212.665625,14.815208154220795,-5.791845963531039,-5.791845963531039,64.57114328727327,77.37322457917288
2021-02-23,48824.42578125,54204.9296875,45290.58984375,54204.9296875,106102492824,-9.930198541853997,-5.525120581755383,30.295443848572724,7.087083453388741,5.849641214663966,5.358646005096054,2.7493466465809315,38412.26005859375,47780.282421875,2.1853017739739578,-15.146902701968045,-15.146902701968045,60.61284590762028,15.26312120998714
2021-02-24,49705.33203125,51290.13671875,47213.5,48835.0859375,63695521388,1.8042326886684945,-11.062815073806053,34.60770904868713,5.4329684571125,5.808549554985685,5.302939608721838,2.7299712658439717,38800.06497395833,48419.245703125,2.656146971000828,-13.615955383169275,-13.615955383169275,59.117677678309136,-39.96793129671662
2021-02-25,47093.8515625,51948.96875,47093.8515625,49709.08203125,54506565949,-5.253924200945182,-16.053021565957316,23.46232845393976,5.349455715313203,5.992719714195859,5.363190753859666,2.9720244090178016,39147.09091796875,48866.7228515625,-3.6279725457501466,-18.15450760904822,-18.15450760904822,55.77186616406997,-14.426376044597644
2021-02-26,46339.76171875,48370.78515625,44454.84375,47180.46484375,350967941479,-1.6012490351298148,-19.46505776625559,18.014943943548502,4.451794995331988,6.010229175066163,5.36811312427284,2.9935144916006036,39468.00680338542,49220.4103515625,-5.852548997940355,-19.46505776625559,-19.46505776625559,55.77186616406997,543.9002996581901
2021-02-27,46188.453125,48253.26953125,45269.02734375,46344.7734375,45910946382,-0.3265200081699504,-14.792959956832396,18.725879910407194,4.617183843112254,6.001674337263448,5.3710058431727905,2.9872778964274085,39781.77373046875,49584.6609375,-6.849311356148657,-19.72802046621688,-19.72802046621688,53.1938061494291,-86.91876352337809
2021-02-28,45137.76953125,46716.4296875,43241.6171875,46194.015625,53443887451,-2.2747754528746222,-7.550844051945371,-2.291723654787914,2.5977321391730834,4.347716509337121,5.356149864666666,3.030273815768768,40053.38733723958,49531.726171875,-8.87099437111879,-21.55402775218792,-21.55402775218792,34.894516223971884,16.40772334842
2021-03-01,49631.2421875,49784.015625,45115.09375,45159.50390625,53891300112,9.955017057586456,-0.14905814069086087,6.777241390844035,5.798741052629671,4.888158503859612,5.48223682330935,3.030273815768768,40397.2126953125,49689.2330078125,-0.11670701438153408,-13.744717833928688,-13.744717833928688,34.894516223971884,0.8371633919972865
2021-03-02,48378.98828125,50127.51171875,47228.84375,49612.10546875,47530897720,-2.5231161886280384,2.728884294045142,7.704685298052749,5.2732330820594955,4.857285399498384,5.5014184795367616,2.9892388132372543,40713.9599609375,49862.2732421875,-2.974764013932918,-15.92103882180762,-15.92103882180762,34.894516223971884,-11.802280477148342
2021-03-03,50538.2421875,52535.13671875,48274.3203125,48415.81640625,53220811975,4.463205996986197,9.060211604521928,5.487261134292654,5.324352549382279,4.73358577741555,5.410251775627378,2.9892388132372543,41020.80953776042,49993.71875,1.0891837037027674,-12.168421584298839,-12.168421584298839,34.894516223971884,11.970979989729514
2021-03-04,48561.16796875,51735.08984375,47656.9296875,50522.3046875,52343816680,-3.9120359814156846,5.137030325152292,2.2235968990667265,5.902338291380182,4.823970262269334,5.443457234689077,3.1088761650972017,41283.79527994792,50046.5345703125,-2.967970938078923,-15.604424534966398,-15.604424534966398,34.894516223971884,-1.6478427563487053
2021-03-05,48927.3046875,49396.4296875,46542.515625,48527.03125,48625928883,0.7539701660092213,8.395486076524916,3.867464432409551,5.612352602898656,4.818687990742559,5.426502318174586,3.1031884884597085,41566.38512369792,50137.6240234375,-2.4139941999878567,-14.968107074528248,-14.968107074528248,34.894516223971884,-7.102821369960521
2021-03-06,48912.3828125,49147.21875,47257.52734375,48899.23046875,34363564661,-0.03049805235605385,-1.4484009331949599,0.40046101446595816,3.234501980203834,4.7624855851641446,5.379820577772192,3.1031959818014596,41815.051009114584,50147.3787109375,-2.462732709433002,-14.994040145752008,-14.994040145752008,34.894516223971884,-29.330779996649547
2021-03-07,51206.69140625,51384.3671875,48918.6796875,48918.6796875,43137459378,4.690649814679793,5.844899253703328,6.80285499312161,3.559455313759747,4.849663676179215,5.312964009483259,3.0828872931595135,42054.75647786458,50310.4603515625,1.78140102162605,-11.006708247381948,-11.006708247381948,34.894516223971884,25.532551129533122
2021-03-08,52246.5234375,52314.0703125,49506.0546875,51174.1171875,48597428048,2.0306565464276005,3.380175439545696,6.192399036868657,3.1425759517857608,4.837570802518278,5.252994134351239,3.0828872931595135,42269.347819010414,50462.79296875,3.5347438455390456,-9.199560142525986,-9.199560142525986,34.894516223971884,12.657140102192876
2021-03-09,54824.1171875,54824.1171875,51981.83203125,52272.96875,50912227385,4.9335220420617,12.897031683381922,5.129741652263586,2.2577830851573673,4.7786058870546055,5.268449222803632,3.0828872931595135,42503.12294921875,50596.5484375,8.35544890027855,-4.7199004278685175,-4.7199004278685175,34.894516223971884,4.7632136719532925
2021-03-10,56008.55078125,57258.25390625,53290.890625,54824.01171875,57295577614,2.1604243798385436,14.472994453665722,8.376104721773835,2.069412505299987,4.785174404804643,5.265726185379021,3.076315412606722,42765.689680989584,50812.9861328125,10.22487565453758,-2.6614459275777547,-2.6614459275777547,34.894516223971884,12.537951209105213
2021-03-11,57805.12109375,58091.0625,54484.59375,55963.1796875,56772343595,3.2076714848716215,18.180954944148375,3.4300453151321575,1.3661992134094687,4.489011900393361,5.2271808229487755,3.076315412606722,43089.83434244792,50908.835546875,13.546343130408367,0.0,0.0,34.894516223971884,-0.913218857003284
2021-03-12,57332.08984375,57996.62109375,55376.6484375,57821.21875,55689944702,-0.8183206626845796,11.962105477395424,2.1971138483876107,2.096140377805816,4.495393134753193,5.123216324900117,3.0817525781915864,43452.591569010416,50970.4640625,12.481004240905813,-0.8183206626845796,-0.8183206626845796,34.894516223971884,-1.906560174301719
2021-03-13,61243.0859375,61683.86328125,56217.97265625,57343.37109375,60669829814,6.821652767950437,17.21944716716348,6.435773626283803,2.8866306401157766,4.708636935177737,5.12620614901719,3.0817525781915864,43907.926985677084,51155.62109375,19.71917186825525,0.0,0.0,42.649297813683894,8.942162070096572
2021-03-14,59302.31640625,61597.91796875,59302.31640625,61221.1328125,43901225564,-3.1689610370558396,8.168301558663371,9.399092344683035,3.832342832608084,4.560785301547446,5.020128011070469,2.884794736657333,44274.359602864584,51410.3708984375,15.35088226343133,-3.1689610370558396,-3.1689610370558396,42.649297813683894,-27.63911535833997
2021-03-15,55907.19921875,60540.9921875,55393.1640625,59267.4296875,66419369890,-5.725100456855314,-0.18095730220880624,14.506619021457068,5.007313411034706,4.128721545672975,5.062122359557504,2.2428636339885077,44553.02412109375,51764.5095703125,8.002953534816015,-8.712635291101101,-8.712635291101101,42.649297813683894,51.2927464705345
2021-03-16,56804.90234375,56833.1796875,53555.02734375,55840.78515625,59749798599,1.6057021949669181,-1.730328958878602,14.283317347194192,4.802908104735834,4.126315050540094,4.9850587736811685,2.2428636339885077,44886.016373697916,52119.4880859375,8.989754945572237,-7.246832072242848,-7.246832072242848,42.649297813683894,-10.041605787657682
2021-03-17,58870.89453125,58969.81640625,54528.62890625,56825.828125,60258313191,3.6369962842253134,2.684019877338817,25.00760200749401,5.0781372044395,3.9192437170919017,4.98596851902239,1.910563085900139,45264.22893880208,52708.340234375,11.69180108778296,-3.8734028012090693,-3.8734028012090693,42.649297813683894,0.8510733155986161
2021-03-18,57858.921875,60116.25,54253.578125,58893.078125,55746041000,-1.7189693893861602,-5.525789582114815,24.858047881565003,3.7353672022099773,3.9237483590062503,4.9910976990302345,1.9156706840324578,45632.02301432292,53284.2982421875,8.585312716365245,-5.525789582114815,-5.525789582114815,42.649297813683894,-7.488215238779605
2021-03-19,58346.65234375,59498.375,56643.703125,57850.44140625,49063873786,0.8429650137686817,-1.611512197859577,26.32302750180053,3.601360470830212,3.9086744221642356,4.987623455487775,1.91427882082904,45993.965983072914,53892.208203125,8.26546970173454,-4.72940504125785,-4.72940504125785,42.649297813683894,-11.98680138379692
2021-03-20,58313.64453125,60031.28515625,58213.296875,58332.26171875,50361731222,-0.056571904597946254,4.304356766441142,29.190354633890394,1.9848952738647585,3.834259879341937,4.9790840009686494,1.8455062326754859,46364.69664713542,54551.001953125,6.8974765694646445,-4.783301431347797,-4.783301431347797,36.72555713407999,2.645240450562092
2021-03-21,57523.421875,58767.8984375,56005.6171875,58309.9140625,51943414539,-1.3551247955811196,1.2648900035105104,15.901636428289322,2.1429320933970684,3.2957165712617478,4.978353823763677,1.8702169434116467,46730.957845052086,54945.6109375,4.691568431975801,-6.073606523185338,-6.073606523185338,32.53229322249383,3.1406452451520517
2021-03-22,54529.14453125,58471.48046875,54288.15625,57517.890625,56521454974,-5.205318540083804,-7.375036568699156,12.712453212634834,2.311454189413032,3.4867492529020723,4.688351406799216,2.1293596937918142,47126.01526692708,55253.11875,-1.3102866139117264,-10.962774496866034,-10.962774496866034,32.53229322249383,8.813514620920282
2021-03-23,54738.9453125,55985.44140625,53470.6953125,54511.66015625,56435023914,0.3847498123315862,-5.392386275776939,8.311929626311754,2.4487045216520964,3.3697801619399037,4.622019670014202,2.1293596937918142,47488.23499348958,55463.15390625,-1.3057472263011571,-10.62020393883748,-10.62020393883748,32.53229322249383,-0.15291725954287294
2021-03-24,52774.265625,57262.3828125,52514.33203125,54710.48828125,70567223787,-3.5891807492523076,-9.550482324024722,8.675857341325077,2.3808084006466586,3.3484705047729095,4.633393988769802,2.1007337651617797,47833.345377604164,55673.8087890625,-5.208091968430473,-13.8282063727857,-13.8282063727857,32.53229322249383,25.041541391983337
2021-03-25,51704.16015625,53392.38671875,50856.5703125,52726.74609375,67999812841,-2.0277031922222966,-11.33437024581444,5.675471981311553,2.1366187520988076,3.3935239489796185,4.649098399860401,2.1491071085169793,48156.925065104166,55812.6515625,-7.361218811919801,-15.575514582959936,-15.575514582959936,30.527064678105596,-3.638248478853967
2021-03-26,55137.3125,55137.3125,51579.85546875,51683.01171875,56652197978,6.639992475218648,-4.148065774294651,12.726694815426498,4.621756470605264,3.67246174417563,4.7069700546225475,2.149096288517184,48536.44039713542,56123.898046875,-1.757870677569473,-9.969735104026412,-9.969735104026412,26.094701809811593,-16.687714846412106
2021-03-27,55973.51171875,56568.21484375,54242.91015625,55137.56640625,47266542233,1.5165759461888806,2.6487985460183605,9.308979318117384,3.9313124586518757,3.556053835887559,4.707186733747449,2.149096288517184,48926.50143229167,56362.2390625,-0.6896946434632234,-8.604357762323932,-8.604357762323932,24.59862469473826,-16.567151990545494
2021-03-28,55950.74609375,56610.3125,55071.11328125,55974.94140625,47686580918,-0.04067213991215679,2.213781749596988,7.089893092468014,3.9413177696654,3.539429869218542,4.6034741548500255,2.1491155316703168,49351.80475260417,56547.4501953125,-1.0552272463241197,-8.641530325808466,-8.641530325808466,21.289860685097683,0.8886596420136339
2021-03-29,57750.19921875,58342.09765625,55139.33984375,55947.8984375,57625587027,3.216137854506651,9.42871214752219,5.337216869799688,3.298945474206421,3.4432364300755705,4.46394920574417,2.1491155316703168,49756.539778645834,56693.754296875,1.8634238197438258,-5.703315999318804,-5.703315999318804,21.289860685097683,20.842354217197357
2021-03-30,58917.69140625,59447.22265625,57251.55078125,57750.1328125,54414116432,2.021624519558274,13.951549020815168,5.194100872850815,2.5078688858226896,3.43946179996243,4.4614312010218375,2.1491155316703168,50166.5615234375,56839.211328125,3.656771495519573,-3.796991114430648,-3.796991114430648,21.289860685097683,-5.572994151877864
2021-03-31,58918.83203125,59930.02734375,57726.41796875,58930.27734375,65520826225,0.0019359634988669328,6.858367518819497,1.926664829044733,1.3885519919935982,3.3713094297838198,4.460869121901825,2.1491155316703168,50577.38333333333,56894.896875,3.5573228310733285,-3.7951286592938116,-3.7951286592938116,21.289860685097683,20.41144930999621
2021-04-01,59095.80859375,59586.0703125,58505.27734375,58926.5625,61669163792,0.30037350775407035,5.5781686357086135,3.076320355331097,1.45548198102786,3.363685161094258,4.4249057373331455,2.141311545085806,51010.407486979166,56983.0828125,3.707636858121255,-3.5061547126174264,-3.5061547126174264,21.289860685097683,-5.878531537092202
2021-04-02,59384.3125,60267.1875,58869.28125,59098.87890625,58727860620,0.48819690112593683,6.136766077250844,-3.035074750147182,1.3684907551554855,2.984771455305482,4.425431738030355,2.141311545085806,51441.193098958334,56890.144140625,4.384183582326218,-3.035074750147182,0.0,21.120865190568882,-4.769487684186114
2021-04-03,57603.890625,60110.26953125,57603.890625,59397.41015625,59641344484,-2.998135029348026,-0.2533473403196429,-2.8640125448303744,1.8301245893955262,2.9757929245365693,4.40953337870837,2.128976306375683,51809.41979166667,56805.2228515625,1.4059759531698246,-5.94221414024415,-2.998135029348026,19.042616943084887,1.5554523089317263
2021-04-04,58758.5546875,58913.74609375,57168.67578125,57604.83984375,50749662970,2.00448971410081,-0.27010005815183424,5.100157955674733,1.8253153007427345,2.6959899805025658,4.370230648316363,1.7010882843211865,52164.19420572917,56947.790625,3.179691508005722,-4.056835497374389,-1.0537426235253666,18.504230878477014,-14.908586637220045
2021-04-05,59057.87890625,59891.296875,57694.82421875,58760.875,60706272115,0.5094138552963257,0.23599733770391929,3.966165717293735,1.8423036641234145,2.6787800773315023,4.360047156529076,1.7010882843211865,52533.05774739583,57060.439453125,3.500567945618238,-3.5680877241882514,-0.5496966791524227,18.504230878477014,19.619064565779908
2021-04-06,58192.359375,59479.578125,57646.80859375,59171.93359375,66058027988,-1.4655445594718208,-1.52878730361522,-1.1525816987370874,1.9509747250006868,2.57817195043536,4.358558854113286,1.7323661258073222,52867.19192708333,57026.5126953125,2.04439413280717,-4.981340368141051,-2.0071851888493253,18.504230878477014,8.8158203206117
2021-04-07,56048.9375,58731.14453125,55604.0234375,58186.5078125,75645303584,-3.6833390122360865,-5.616592765976702,-3.128271866023258,2.3787972426725195,2.6813917519231563,4.387131740824346,1.879281490281686,53146.90735677083,56936.0134765625,-1.5580226334737324,-8.481199727265132,-5.616592765976702,18.504230878477014,14.513414777900447
2021-04-08,58323.953125,58338.73828125,55879.0859375,56099.9140625,53053855641,4.058980823677527,1.2500240733522405,-0.03890406362351273,3.0025846484276335,2.8345370865095947,4.403269703635366,1.879281490281686,53470.58255208333,56934.878515625,2.4397603816679547,-4.766469174135091,-1.7855883656142324,18.504230878477014,-29.864970953435886
2021-04-09,58245.00390625,58937.046875,57807.86328125,58326.5625,46655208546,-0.13536328475677317,-0.8740017244829423,-0.11770937239776735,2.8445328829468792,2.834727330802741,3.7181170830641594,1.8794826579776867,53671.39153645833,56931.446484375,2.307261633051083,-4.895380409650829,-1.9185346193070774,18.504230878477014,-12.06066367409333
2021-04-10,59793.234375,61276.6640625,58038.70703125,58253.77734375,58238470525,2.6581343719059625,1.245143717263053,3.945892692080055,3.1170303048076957,2.873144408447807,3.7289496631219117,1.8548953881712391,53893.2603515625,57044.937109375,4.817775958549242,-2.3673718270493582,0.0,20.489179049966033,24.82737156255428
2021-04-11,60204.96484375,60790.5546875,59289.796875,59846.23046875,46280252580,0.6885903949730876,3.4585390425235785,10.40878297521659,2.959187023932942,2.5725504864237223,3.694552638401601,1.4442540794029015,54148.0400390625,57328.728125,5.017094941437783,-1.6950829270906187,0.0,20.489179049966033,-20.533193672843286
2021-04-12,59893.453125,61253.03515625,59589.875,60175.9453125,51828688519,-0.5174186540237491,6.859212317807084,9.416527452389435,1.948127954677769,2.5830726211223354,3.608800277731839,1.4488809299071161,54347.775390625,57586.453515625,4.006149829575878,-2.2037309058484333,-0.5174186540237491,20.489179049966033,11.988776269984648
2021-04-13,63503.45703125,63742.28515625,59869.95703125,59890.01953125,69983454362,6.027376479221824,8.880577582162985,20.330347147772375,2.6899286925389894,2.6785599062274503,3.675875570060575,1.206293922105364,54614.41881510417,58122.9130859375,9.257182167309995,0.0,0.0,25.33736499447512,35.02841063853006
2021-04-14,63109.6953125,64863.09765625,61554.796875,63523.75390625,77451779687,-0.620063437737306,8.352117915693015,22.059221389115425,2.781767603748414,2.613539429854404,3.674570210699546,1.1264057652825858,54881.15514322917,58693.18984375,7.524732393157363,-0.620063437737306,-0.620063437737306,25.752771245254348,10.671558574929673
2021-04-15,63314.01171875,63821.671875,62208.96484375,63075.1953125,60954381579,0.3237480473297971,5.888253713905245,14.829702152693791,2.7655545107391326,2.257831215513874,3.655320045023801,1.1264057652825858,55124.433854166666,59102.0248046875,7.126637248015988,-0.2983228336793875,-0.2983228336793875,19.578941228278325,-21.300218245041858
2021-04-16,61572.7890625,63594.72265625,60222.53125,63258.50390625,84293007468,-2.7501379378466195,2.271945880709203,10.003441220348442,3.2952909031930577,2.3768193439067002,3.669667267911278,1.2833366206576553,55351.5626953125,59381.988671875,3.689334829674751,-3.0402564820997346,-3.0402564820997346,17.7806181708948,38.28867635832207
2021-04-17,60683.8203125,62572.17578125,60361.3515625,61529.921875,66138759198,-1.4437688523377457,1.3196220058484087,8.459358541563233,3.3909333964208836,2.414168746256778,3.6671012513905494,1.3232889313078198,55542.96184895833,59618.6423828125,1.7866524414426932,-4.440131058317753,-4.440131058317753,17.634882535870954,-21.537075037798203
2021-04-18,56216.18359375,61057.45703125,52829.53515625,60701.88671875,97468872758,-7.36215468265391,-11.475396424345751,-2.6562949491989674,3.0100902291615266,2.8854103176739128,3.7276415696477834,2.112145751194253,55610.74811197917,59541.9416015625,-5.585571982296978,-11.475396424345751,-11.475396424345751,22.778096503043656,47.3702771867958
2021-04-19,55724.265625,57520.0546875,54368.59375,56191.5859375,65344865159,-0.8750468945115109,-11.70252787773669,-5.420147505832585,2.9749762112272546,2.8460231709269617,3.727520133091385,2.121189531293149,55678.155924479164,59382.2703125,-6.160095712490776,-12.250028218813135,-12.250028218813135,22.778096503043656,-32.95822213801415
2021-04-20,56473.03125,57062.1484375,53448.046875,55681.79296875,67849323955,1.3436976092944253,-10.804844430232318,-4.151135888017555,3.233965971401699,2.867745135749433,3.5822820750119155,2.121189531293149,55687.90423177083,59259.9802734375,-4.702919256094839,-11.070933945832795,-11.070933945832795,22.778096503043656,3.832678803309242
2021-04-21,53906.08984375,56757.97265625,53695.46875,56471.12890625,54926612466,-4.545428763840265,-12.451440539696602,-8.781872815509406,3.403128818805435,3.026036761289246,3.631405805093777,2.3521248181218977,55651.3470703125,59000.4943359375,-8.634511540159206,-15.113141293673415,-15.113141293673415,22.778096503043656,-19.046190493468718
2021-04-22,51762.2734375,55410.23046875,50583.8125,53857.10546875,74798630778,-3.97694659817468,-14.70168955918929,-12.835105336110441,3.3808176412407858,3.1191992496354786,3.651165793892488,2.5146165457702745,55555.0525390625,58619.3923828125,-11.697697070164514,-18.489046333292013,-18.489046333292013,28.228961896159955,36.17921699486006
2021-04-23,51093.65234375,52120.79296875,47714.6640625,51739.80859375,86668667320,-1.2917150838772984,-9.11220029986083,-11.301733633985766,2.4108782802670934,3.074256460524515,3.577969686337301,2.4407544084662125,55503.15807291667,58293.88046875,-12.351602032840958,-19.54193561681712,-19.54193561681712,35.93954590414339,15.869323299820692
2021-04-24,50050.8671875,51167.5625,48805.28515625,51143.2265625,49014494781,-2.040928977310741,-10.181199112931338,-14.81943786110932,2.3462146028409396,3.0299205026448943,3.345602196372672,2.4830528864622643,55523.59876302083,57858.49609375,-13.494351622273493,-21.184027567396825,-21.184027567396825,35.93954590414339,-43.44611923011625
2021-04-25,49004.25390625,50506.01953125,47159.484375,50052.83203125,46117114240,-2.091099195802515,-13.225387726553105,-17.023342500937744,1.3950624340718802,3.0286072378139717,3.349683023109696,2.526694763777944,55511.91412760417,57355.81484375,-14.56096641683412,-22.832147733098928,-22.832147733098928,37.53987880884247,-5.911272887633934
2021-04-26,54021.75390625,54288.00390625,48852.796875,49077.79296875,58284039825,10.238907033660748,0.21456585486956392,-7.166929668333289,5.716585840255632,3.912392597314542,3.527787999968343,2.5053533456406916,55627.379166666666,57147.2845703125,-5.46925490434621,-14.931003079618266,-14.931003079618266,37.53987880884247,26.382668962506184
2021-04-27,55033.1171875,55416.96484375,53319.1875,54030.3046875,49448222757,1.8721407731506323,6.3189723572504075,-1.812381033092736,5.2345662352543325,3.856329038974682,3.524737237943539,2.3661035633631915,55772.26842447917,57096.4935546875,-3.6138407785255344,-13.33839170296155,-13.33839170296155,37.53987880884247,-15.15992558945789
2021-04-28,54824.703125,56227.20703125,53887.91796875,55036.63671875,48000572955,-0.3787066282106566,7.302376342462424,-5.999679055533836,5.134897331240613,3.734920898051382,3.5249127211964373,2.367618425353318,55916.20592447917,56921.5310546875,-3.683716672471382,-13.666584957696381,-13.666584957696381,37.53987880884247,-2.9276073462014773
2021-04-29,53555.109375,55115.84375,52418.02734375,54858.08984375,46088929780,-2.315733013830157,7.001361583551491,-8.052011703525263,5.183778687787371,3.763302408117669,3.5254328343387433,2.423392625369786,56056.494921875,56687.036328125,-5.524943895454825,-15.665836351798024,-15.665836351798024,37.53987880884247,-3.9825424100502826
2021-04-30,57750.17578125,57900.71875,53129.6015625,53568.6640625,52395931985,7.833176806484676,17.847270752722434,-3.416872519283254,5.378052830504165,4.140252847994366,3.4369371552455807,2.423392625369786,56191.81048177083,56584.8833984375,2.0593704763994802,-9.059792204964234,-9.059792204964234,37.53987880884247,13.684418872613712
2021-05-01,57828.05078125,58448.33984375,57052.2734375,57714.6640625,42836427360,0.13484807439372304,7.045859491355078,-3.948036625665019,3.8786438355829738,4.136593359057608,3.4168698028447335,2.423392625369786,56349.29485677083,56466.0376953125,2.4120925454108155,-8.93716108590299,-8.93716108590299,37.53987880884247,-18.244745847324005
2021-05-02,56631.078125,57902.59375,56141.90625,57825.86328125,38177405335,-2.0698824187899145,2.903635154911699,-5.446964283711098,4.156758107654042,4.158914378711285,3.3876892781454817,2.4644809544609703,56450.842122395836,56302.9189453125,0.582845766853124,-10.822054778636868,-10.822054778636868,37.53987880884247,-10.876308581584759
2021-05-03,57200.29296875,58973.30859375,56590.87109375,56620.2734375,51713139031,1.0051280367532334,4.333064674027809,-9.925702248616508,4.1177984967323935,3.9071590343562663,3.3446076414850268,2.4644809544609703,56594.8275390625,55987.7607421875,2.1657094523675813,-9.925702248616508,-9.656186022705404,37.53987880884247,35.454828784791225
2021-05-04,53333.5390625,57214.1796875,53191.42578125,57214.1796875,68564706967,-6.760024652955021,-0.4137239473241183,-15.490735934615829,5.3001266002989835,4.154568549947191,3.4668133520754543,2.8877913891048133,56668.26477864583,55498.9529296875,-3.901720217912752,-16.014746982586146,-15.763450119990353,35.33157268537248,32.586627406041124
2021-05-05,57424.0078125,57911.36328125,52969.0546875,53252.1640625,69241316747,7.669599321369813,-0.5647913003511529,-9.302844262047794,5.240073567824604,4.560108104576318,3.5980842342554533,2.8877913891048133,56810.1251953125,55204.452734375,4.020608788216307,-9.573414587111861,-6.738010918733506,34.85033498365089,0.9868193272169146
2021-05-06,56396.515625,58363.31640625,55382.5078125,57441.30859375,69523285106,-1.789307689659958,-2.475503042053351,-8.406754860894438,5.297659823279785,4.538949422893694,3.562068427581398,2.8497819694746047,56896.622265625,54945.6390625,2.6405672720443585,-11.191424433401597,-7.0649881062561875,32.68206090569665,0.4072255876217401
2021-05-07,57356.40234375,58606.6328125,55321.84765625,56413.953125,68434023376,1.7020319573156195,1.2807882928681291,-5.483204504289585,5.26691575670674,4.553249651408802,3.5594930603503516,2.83143671103444,56981.7869140625,54779.2681640625,4.704579425867927,-9.679874096421305,-0.8156049376177976,29.470153968896096,-1.5667581420228283
2021-05-08,58803.77734375,59464.61328125,56975.2109375,57352.765625,65382980634,2.523475916996243,2.803280003960862,4.602933861002412,5.356031895935031,4.2602510885869895,3.5187340725326077,2.303685692543013,57048.114583333336,54908.6478515625,7.093836116156815,-7.400667471043809,0.0,26.092585763666975,-4.458371131033056
2021-05-09,58232.31640625,59210.8828125,56482.00390625,58877.390625,65906690347,-0.9718099130935132,9.185172088447512,4.500823390169173,3.7265158183100247,4.261721702093323,3.5120383094531373,2.3056242412862966,57085.17734375,55034.050390625,5.811431273773415,-8.300556964018636,-0.9718099130935132,26.092585763666975,0.8009878227051459
2021-05-10,55859.796875,59519.35546875,54071.45703125,58250.87109375,71776546298,-4.074231762821235,-2.7239668512992643,-1.0858888949758616,2.6761908535325505,4.363180868011193,3.529475930537766,2.4790868005913147,57052.7552734375,55003.388671875,1.5570098930339338,-12.036604798520745,-5.0064478877612455,26.20866461445488,8.90631272803275
2021-05-11,56704.57421875,56872.54296875,54608.65234375,55847.2421875,61308396325,1.512317249631967,0.5462369267605016,5.1914067280924625,2.692583009281854,4.237010986178069,3.5331015567299655,2.261155729380168,57042.2966796875,55143.312890625,2.8312795265342805,-10.706319199526849,-3.5698440131297415,26.20866461445488,-14.584360091022774
2021-05-12,49150.53515625,57939.36328125,49150.53515625,56714.53125,75215403907,-13.32174549686006,-14.306802470490332,-5.0456405945993215,6.375470684118739,5.153791261921099,3.823126444648591,3.6325562864775636,56840.754166666666,55012.7259765625,-10.656063149479289,-22.60179610054448,-16.416023975925764,26.20866461445488,22.683691656650097
2021-05-13,49716.19140625,51330.84375,46980.01953125,49735.43359375,96721152926,1.1508648851976444,-15.454085346212675,-2.695953165048093,6.1093647708952625,5.153771016841242,3.808704586355279,3.621054926610733,56680.98541666667,54943.8529296875,-9.514552119465336,-21.711047350091974,-15.454085346212675,26.690784854099793,28.59221369812859
2021-05-14,49880.53515625,51438.1171875,48868.578125,49682.98046875,55737497453,0.330563837155351,-14.342175900637223,-0.3403178422701547,6.2510855102410705,5.131784281626578,3.740004917143381,3.5921816806796576,56580.541015625,54935.336328125,-9.201365659587513,-21.452252384143698,-15.174607126575035,26.690784854099793,-42.373001389216306
2021-05-15,46760.1875,50639.6640625,46664.140625,49855.49609375,59161047474,-6.255641898138342,-16.290086760183907,-4.579329807863464,6.428829441846087,5.307286899063681,3.8154479123202036,3.826458834557537,56413.1291015625,54823.1330078125,-14.707195786609828,-26.365918194045168,-20.48097994342546,27.548380129951223,6.142274370834233
2021-05-16,46456.05859375,49720.04296875,43963.3515625,46716.63671875,64047871555,-0.6504013831210576,-18.073525401079927,-14.004904997400857,6.086327709841744,4.716705199215564,3.7813843355293977,3.829221632462884,56206.215169270836,54444.8482421875,-14.673178282912824,-26.844835280559586,-20.998172749717725,35.38402636144558,8.260205472439708
2021-05-17,43537.51171875,46623.55859375,42207.2890625,46415.8984375,74903638450,-6.282381595309616,-11.420065762572362,-20.88852323153715,3.6416825324788094,4.838748007106654,3.855113034145921,4.078768715675843,55967.525,53870.06796875,-19.180514596703148,-31.440721884912147,-25.961369004847757,41.01676935615202,16.9494576969319
2021-05-18,42909.40234375,45812.45703125,42367.83203125,43488.05859375,56187365084,-1.4426855146374762,-13.691292253018993,-21.733452444025435,3.174660754382184,4.836823073767413,3.853924947601509,4.090629581760083,55710.2375,53274.3029296875,-19.455722582831925,-32.42981665921854,-27.029513609450706,41.01676935615202,-24.98713514229829
2021-05-19,37002.44140625,43546.1171875,30681.49609375,42944.9765625,126358098747,-13.766122609163734,-25.81787406582462,-30.907728808554968,5.228080450681814,5.604589833540543,4.22000181359132,5.093174451177769,55355.05078125,52446.66953125,-29.447490685366894,-41.731610945147246,-37.07472023447686,93.99104687360548,124.88703386979418
2021-05-20,40782.73828125,42462.984375,35050.6171875,36753.66796875,88281943359,10.216344466291027,-12.783201989406056,-29.380754725787163,8.766558709682442,5.837884832249826,4.446301820560415,5.093174451177769,55076.039388020836,51598.29765625,-20.961077915891146,-35.77871160434487,-30.646056897253693,93.99104687360548,-30.133529837480243
2021-05-21,37304.69140625,42172.171875,33616.453125,40596.94921875,82051616861,-8.528232829817227,-19.698974610668294,-35.49031844880104,9.079205097884984,6.024167070618951,4.5262247849779715,5.438470717960021,54788.965169270836,50572.1296875,-26.23468373436789,-41.25565260503473,-36.56072264171486,93.99104687360548,-7.057305560961968
2021-05-22,37536.6328125,38831.0546875,35383.68359375,37371.03125,57377273240,0.6217486259949112,-13.783238107440221,-33.71725551534341,9.162449492442144,6.052291307617285,4.52713827233889,5.418739990876828,54502.2599609375,49617.407421875,-24.3478553940908,-40.89041043225685,-36.16628980639862,93.99104687360548,-30.071733580582215
2021-05-23,34770.58203125,38289.21875,31227.33984375,37531.44921875,78469274361,-7.36893688644572,-18.967452045356826,-39.212580519043726,9.359764394749408,6.133096104812918,4.596281087957261,5.66372709711095,54202.198567708336,48495.921875,-28.302049560223974,-45.24615878134095,-40.87015562284178,93.99104687360548,36.760201260829376
2021-05-24,38705.98046875,39835.140625,34551.08203125,34700.36328125,67359584098,11.318183957815453,4.603855847771876,-27.426566567443412,9.38160773566402,6.739407781071497,4.841760906195417,5.458288006794882,53985.562239583334,47764.5439453125,-18.96503709306636,-39.049018308242935,-34.17773106226502,93.99104687360548,-14.158013252282121
2021-05-25,38402.22265625,39776.3515625,36581.4296875,38795.78125,56211915803,-0.7847826326095597,-5.837066674099345,-33.125143787176334,7.931556892925691,6.399102071492958,4.753780818042957,5.461108143421363,53706.64407552083,46813.4546875,-17.96755246413366,-39.52735102696489,-34.69429279727792,93.99104687360548,-16.54949098079569
2021-05-26,39294.19921875,40782.078125,37905.8359375,38392.625,51346735160,2.3227211885217036,5.333130331609381,-30.325129516811355,6.73305636860371,6.464948631784655,4.760678077889822,5.446431956219531,53428.655533854166,45958.3388671875,-14.500392774629722,-38.12273999600785,-33.17742329876635,93.99104687360548,-8.655069967816942
2021-05-27,38436.96875,40379.6171875,37247.90234375,39316.890625,43210968721,-2.1815700174415475,2.3985527471184875,-32.98573972677282,6.909907113493294,6.419107713137962,4.765387885244253,5.468234033102396,53136.75924479167,45012.3671875,-14.6079818688718,-39.47263574786929,-34.635204596962346,93.99104687360548,-15.844758997136598
2021-05-28,35697.60546875,38856.96875,34779.0390625,38507.08203125,55200191952,-7.126897282320166,2.666114236071282,-39.293686424135565,6.840083090016365,6.441132872431273,4.8151020881300575,5.695719154278627,52769.216015625,43857.05859375,-18.604651991328,-43.78635882581442,-38.69794699611396,93.99104687360548,27.745786743201116
2021-05-29,34616.06640625,37234.5,33693.9296875,35684.15625,45231013335,-3.029724398312339,-10.566620488536827,-40.55523025263906,3.4428537021114267,6.4358368949283555,4.8111678999031335,5.731749947053129,52364.18893229167,42676.24609375,-18.886805718088752,-45.489477227648464,-38.95366135241377,93.99104687360548,-18.060043388379555
2021-05-30,35678.12890625,36400.66796875,33520.73828125,34607.40625,31646080921,3.068120125307594,-7.093583552140181,-36.12914671693389,4.179904361767857,6.533539384697424,4.835698787879139,5.658885864963568,51976.84388020833,41667.1626953125,-14.373509981605393,-43.81702890805958,-37.08068635060374,88.84138864744796,-30.034552428406258
2021-05-31,37332.85546875,37468.25,34241.9453125,35658.59375,39009847639,4.637929771620186,-4.991433313302151,-34.1625327707593,4.779214074512798,6.658413100334072,4.883342145854138,5.658885864963568,51614.12799479167,40698.5767578125,-8.269874666849175,-41.2113021652057,-25.15546324471979,88.84138864744796,23.269126867186518
2021-06-01,36684.92578125,37896.734375,35787.0859375,37293.79296875,34639423297,-1.7355481635803582,-4.558223568943632,-25.362103048057794,4.754026079486886,6.087688871168426,4.883042861809626,4.827022938616955,51235.8048828125,40075.2962890625,-8.460001102319515,-42.23160833087027,-26.454426227916283,67.65191967929572,-11.203387366298445
2021-06-02,37575.1796875,38231.33984375,35966.30859375,36699.921875,33070867190,2.426756732611457,5.259664322285262,-24.42063918279893,3.2879391293575044,6.121034563712512,4.8896305008427055,4.827022938616955,50901.99303385417,39468.245703125,-4.7964280699588135,-40.82970999671831,-24.66965406486451,67.65191967929572,-4.5282396694400155
2021-06-03,39208.765625,39478.953125,37243.97265625,37599.41015625,35460750427,4.347513308215634,13.267536423262637,-21.394657250209626,2.5612526128407334,6.239029454085754,4.919968861739998,4.827022938616955,50576.16321614583,38934.6572265625,0.7040216043060266,-38.257273764315855,-16.149254908355537,65.0495266194519,7.226551463768849
2021-06-04,36894.40625,39242.484375,35717.72265625,39242.484375,41831090187,-5.902658087058821,3.4090278303157806,-21.098677694566558,4.5084727794116315,6.2238893354706635,4.96595770027693,4.804744144768077,50206.77200520833,38441.3681640625,-4.024211384621578,-41.90173578763705,-20.582142853238917,62.0522115897675,17.964480963577103
2021-06-05,35551.95703125,37917.71484375,34900.4140625,36880.15625,35959473399,-3.6386253505570343,-4.770324731765363,-23.471861136250137,4.237584879561381,6.251064947239754,4.97984929265294,4.8709747403174495,49829.431966145836,37896.1630859375,-6.185866493585435,-44.0157139575017,-18.34178016209621,51.95986027307023,-14.03648999285403
2021-06-06,35862.37890625,36436.421875,35304.578125,35538.609375,28913440585,0.8731498936251025,-2.2421931010704443,-17.6287815024454,4.269544298922281,6.14521504353212,4.968228406715823,4.66400889743538,49492.98932291667,37512.4064453125,-4.398618205067695,-43.52688722347485,-16.423028643106797,49.316242243422614,-19.594371518788545
2021-06-07,33560.70703125,36790.5703125,33480.640625,35835.265625,33683936663,-6.4180680289418035,-10.683841540178928,-21.787055521321406,4.633355742090664,6.272681583774926,4.9851263946216,4.8691366567242085,49080.2685546875,37044.9716796875,-9.405499560276331,-47.15137001953327,-17.70854914202844,41.929575580151045,16.499233510365706
2021-06-08,33472.6328125,34017.38671875,31114.443359375,33589.51953125,49902050442,-0.2624325484799517,-14.629720474654706,-9.539393779443394,3.278250747700817,5.510338463925177,4.9848691411090265,3.773145735252488,48667.395703125,36868.48125,-9.210708774449438,-47.29006202602775,-17.92450869369614,36.47354665660636,48.14791673924126
2021-06-09,37345.12109375,37537.37109375,32475.865234375,33416.9765625,53972919008,11.569117681725526,1.2216346312660775,-8.42909851661544,6.8593984992806405,5.653404271252117,5.21685210882255,3.773145735252488,48293.260481770834,36696.600390625,1.7672500891681597,-41.19198727185436,-4.960218464179722,35.538892301260574,8.157718029505578
2021-06-10,36702.59765625,38334.32421875,35847.59375,37389.515625,43576032854,-1.720501684509279,3.236504319547273,-1.61398935979169,6.624973654979472,5.326764228279054,5.21567010267599,3.278429087504469,47901.554361979164,36666.495703125,0.09846033124436548,-42.20378012146854,-6.595379506457444,31.071212343292885,-19.263153346327154
2021-06-11,37334.3984375,37608.6953125,36044.44921875,36697.03125,38699736985,1.721406171757467,4.104634372131577,-0.5387653602553666,6.637899384894941,5.338630129052238,5.224904391088694,3.278429087504469,47525.5701171875,36656.383984375,1.8496490363425044,-41.20887242543697,-4.987506604574965,31.071212343292885,-11.190316211982543
2021-06-12,35552.515625,37408.92578125,34728.19140625,37340.14453125,37924228550,-4.772764225685799,5.934942288001643,2.2488366546387972,6.2063517825801044,5.17641601730922,5.176789461380772,3.0285309405178076,47059.72109375,36695.4806640625,-3.1147297116123074,-44.01483433019302,-9.522228899283903,31.071212343292885,-2.003911383947099
2021-06-13,39097.859375,39322.78125,34864.109375,35555.7890625,40669112838,9.972131894675185,16.805449974641128,1.0124505347859358,7.171960243884632,5.0314593236143335,5.361374637949859,3.0285309405178076,46659.523828125,36715.074609375,6.489935785168122,-38.43191976814746,-0.49966622975818886,31.071212343292885,7.237811797229021
2021-06-14,40218.4765625,40978.36328125,38757.28515625,39016.96875,43148914673,2.8661855288592664,7.694058513123636,4.729554126353164,5.553096651916372,5.0612047760026,5.379244123934689,3.02344265178809,46274.5982421875,36805.8873046875,9.271857052547894,-36.66726436214564,0.0,31.702061347991073,6.097506589037138
2021-06-15,40406.26953125,41295.26953125,39609.46875,40427.16796875,46420149185,0.4669320789865594,10.091034726446146,2.830113183651184,5.305433987226537,5.0401177029793045,5.373589027493456,3.02344265178809,45921.822916666664,36861.4908203125,9.61648222047533,-36.371543502952754,0.0,32.72057948871338,7.581267192444452
2021-06-16,38347.0625,40516.77734375,38176.03515625,40168.69140625,39211635100,-5.096256237308472,2.712415640485699,-0.2339056718670074,6.210193869053157,5.155195963841688,5.404403140901383,3.1940310680105597,45549.543619791664,36856.9955078125,4.0428335833061935,-39.61421268588663,-5.096256237308472,32.72057948871338,-15.528847303509586
2021-06-17,38053.50390625,39513.671875,37439.67578125,38341.421875,37096670047,-0.7655308506355651,7.03463098822561,6.599597946597213,5.55322649801815,4.873593031827012,5.3314872005163,2.7733559262999923,45246.832291666666,36974.7904296875,2.9174295892598012,-40.07648451717534,-5.822773674219994,32.72057948871338,-5.393718082926869
2021-06-18,35787.24609375,38187.26171875,35255.85546875,38099.4765625,36200887275,-5.95545108824469,-8.467505214280035,3.3833413472090568,3.74373635131564,5.024490849892712,5.377557201773765,3.000985085048004,44914.5486328125,37033.3494140625,-3.3648139853083903,-43.6452001721117,-11.431452324317327,32.72057948871338,-2.414725555865471
2021-06-19,35615.87109375,36457.796875,34933.0625,35854.52734375,31207279719,-0.4788717174578294,-11.444007486453389,-0.1744985356815998,2.936269611175643,4.983481913044542,5.371577386272967,3.002894834450522,44566.929296875,37030.2365234375,-3.819487971113311,-43.91506736991742,-11.85558204969932,32.72057948871338,-13.79415791128562
2021-06-20,35698.296875,36059.484375,33432.07421875,35563.140625,36664034054,0.23142991795155332,-11.651589495558056,-4.378337990026592,2.880834954035559,4.868694749655959,5.3478060100566855,3.002894834450522,44263.466080729166,36948.50859375,-3.383659493529534,-43.78527005634844,-11.651589495558056,32.72057948871338,17.485517430978614
2021-06-21,31676.693359375,35721.640625,31295.935546875,35641.14453125,52809038594,-11.265533282181261,-17.394733014099838,-13.652017321062026,4.918158077034656,5.465554198405829,5.507514005170283,3.9003055036703156,43928.70641276042,36698.09697265625,-13.683008187107614,-50.11815916763882,-21.604509085214097,32.72057948871338,44.0349922112256
2021-06-22,32505.66015625,33292.453125,28893.62109375,31622.376953125,58964353058,2.616961270137308,-14.57906153311892,-13.491670760889162,5.599057958276181,5.471242431328011,5.523070351028891,3.9003055036703156,43618.90654296875,36444.62099609375,-10.808071896991155,-48.812770712224385,-19.55292945044014,42.92175216550691,11.65579724206407
2021-06-23,33723.02734375,34753.41015625,31772.6328125,32515.71484375,46317108925,3.74509295196066,-5.768029047534062,-13.991101718724408,5.974172085496682,5.444275421500558,5.547939572283699,3.9003055036703156,43346.77587890625,36170.33408203125,-6.76606064166001,-46.895761395863964,-16.54011188122976,42.92175216550691,-21.448966158518857
2021-06-24,34662.4375,35228.8515625,32385.21484375,33682.80078125,33123368116,2.7856637741157764,-2.676990803454793,-6.049612873225197,6.2227052026865515,5.345529023723627,5.559995880443254,3.6701926921246124,43107.74560546875,36058.73564453125,-3.8722881420358735,-45.416455858548545,-14.215200011987616,42.92175216550691,-28.485674333353263
2021-06-25,31637.779296875,35487.24609375,31350.884765625,34659.10546875,40230904226,-8.72604012088013,-11.37454145877933,-11.009739157072163,7.214088758756453,5.632309139271356,5.482175496520283,4.076214357071962,42734.679361979164,35863.0267578125,-11.781625375546579,-50.17943781972991,-21.70081607655835,42.92175216550691,21.457769889550438
2021-06-26,32186.27734375,32637.587890625,30184.501953125,31594.6640625,38585385521,1.7336806155961115,1.608703214674967,-10.250579227077816,5.168521084262504,5.6460636420073556,5.4810870831348275,4.076214357071962,42353.898697916666,35679.2216796875,-9.789855752167554,-49.315708390629574,-20.343358302707703,42.92175216550691,-4.090185733226825
2021-06-27,34649.64453125,34656.12890625,32071.7578125,32287.5234375,35511640894,7.6534703320648045,6.5957262971869435,3.244679854289245,6.106678411656745,5.731150841125422,5.587137585534735,3.815225238907047,42017.647721354166,35733.6685546875,-3.0336208603336967,-45.43660116928919,-14.24686086288628,42.92175216550691,-7.9660850487735075
2021-06-28,34434.3359375,35219.890625,33902.07421875,34679.12109375,33892523752,-0.6213875976586625,2.1092667230002693,2.8731027236102546,6.005716353134564,5.733618913974998,5.582633246683046,3.817303525892911,41698.9681640625,35781.7537109375,-3.765656050071209,-45.77565136248426,-14.779720234087279,42.92175216550691,-4.559398274027837
2021-06-29,35867.77734375,36542.109375,34252.484375,34475.55859375,37901460044,4.162825758718758,3.4773660789146676,-3.9559217020379234,6.16254797216289,5.179764582894712,5.508516500836245,3.817303525892911,41334.2615234375,35707.8865234375,0.4477745279255263,-43.51838620990429,-11.232148476339676,42.92175216550691,11.828379383413235
2021-06-30,35040.8359375,36074.7578125,34086.15234375,35908.38671875,34059036099,-2.305527321430456,10.756306909825163,-4.527640616377527,3.9383392860192465,5.191201319841321,5.511709606618517,3.832697838072759,40954.474609375,35624.7984375,-1.6392022568899711,-44.820585247419785,-13.278715545864483,42.92175216550691,-10.137931205128536
2021-07-01,33572.1171875,35035.984375,32883.78125,35035.984375,37838957079,-4.191448950075438,4.305685398001158,-10.07725156278675,4.867248608478367,5.249954981949984,5.527557799817792,3.945628585285496,40570.15859375,35436.684375,-5.261686358036977,-47.133402247724575,-16.913593912609283,42.92175216550691,11.098144319213365
2021-07-02,33897.046875,33939.58984375,32770.6796875,33549.6015625,38728974942,0.967855812266083,-2.1720212903518887,-4.656403972820133,3.191610489414603,5.15419527188263,5.5273632252648515,3.79855512205927,40181.771158854164,35353.9109375,-4.1208002845159015,-46.62172980863185,-16.109437302089468,42.92175216550691,2.3521204909052518
2021-07-03,34668.546875,34909.26171875,33402.6953125,33854.421875,24383958643,2.2760094790705843,0.6801668483606083,-11.328785183651757,3.397214544847645,4.621619982593734,5.482822334871497,3.79855512205927,39870.68795572917,35132.4453125,-1.3204274094036572,-45.4068353193124,-14.200080143039372,42.92175216550691,-37.03949386856458
2021-07-04,35287.78125,35937.56640625,34396.4765625,34665.56640625,24924307911,1.7861561294527206,-1.6170394061260862,-12.25977643593148,2.8178283732814897,4.586455129695114,5.384776802541169,3.79855512205927,39501.75084635417,34885.910546875,1.151957041754792,-44.431716162106085,-12.667559615448754,42.92175216550691,2.216003053118376
2021-07-05,33746.00390625,35284.34375,33213.66015625,35284.34375,26721554282,-4.369153540221515,-3.69520873748419,-16.483248026272225,3.296667414313424,4.657014665636976,5.40418184778479,3.9221800249636973,39124.24231770833,34552.897265625,-2.335240814024986,-46.85957980264976,-11.998464272850107,40.227412868351806,7.210817557773841
2021-07-06,34235.1953125,35038.53515625,33599.91796875,33723.5078125,26501259870,1.4496276584600176,1.9750858168899876,-10.722769671079757,2.7206342304272253,4.567667232491109,5.402372961333834,3.7529861132715308,38738.8888671875,34347.30390625,-0.3263970705124297,-46.0892415736471,-10.034052588578767,36.75569339956226,-0.8244071795943109
2021-07-07,33855.328125,34997.6640625,33839.2890625,34225.6796875,24796027477,-1.1095808977648836,-0.12307488069341899,-11.032297555549098,2.7745471281478182,4.569512057812331,5.38584117868542,3.7572811154715917,38323.081380208336,34137.3951171875,-0.8262698170707461,-46.687425050986086,-5.610744149165048,32.165025611865296,-6.434533306585777
2021-07-08,32877.37109375,33907.90625,32133.18359375,33889.60546875,29910396946,-2.888635512966242,-5.1665729968672025,-8.131039176295241,2.6781535761928494,4.425306544667804,5.392730107155861,3.572254505742024,37900.49895833333,33991.9013671875,-3.278811212700683,-48.22743102384005,-8.337305714096843,26.47120018786586,20.625761419823906
2021-07-09,33798.01171875,34042.29296875,32318.880859375,32861.671875,27436021028,2.800225791699673,-4.221771611809688,-5.104071076107985,2.967186544493656,4.479806754713599,5.395087977068503,3.5706492893737325,37532.8025390625,33901.0083984375,-0.3038159764364057,-46.777682194344116,-5.770543307336162,26.47120018786586,-8.27262815156622
2021-07-10,33520.51953125,34209.0703125,33116.01171875,33811.2421875,22971873468,-0.8210311003178261,-0.6681809663343197,-6.100507683533573,2.243174083553313,4.481105799469008,5.387356487844397,3.575365848565654,37146.401627604166,33792.11953125,-0.8037376872700452,-47.21465397583855,-6.54419645244344,26.47120018786586,-16.271118743654867
2021-07-11,34240.1875,34584.703125,33346.73828125,33509.078125,20108729370,2.146947537847921,0.01458203306401451,8.092682249191618,2.382060671714065,3.670820278646104,5.138852339603836,2.537248301702636,36897.895833333336,33920.29423828125,0.9430733692095572,-46.0813802890283,-4.537749379203193,26.47120018786586,-12.463694360794653
2021-07-12,33155.84765625,34592.15625,32697.30859375,34254.015625,24321499537,-3.1668630428790756,-2.0660868096371465,2.000228565962492,2.7727916336507077,3.719011607762817,5.14599731366729,2.6342133590714663,36621.89010416667,33952.80361328125,-2.347246389748814,-47.78890912988558,-7.5609081140138095,21.06248906060482,20.949957053402812
2021-07-13,32702.025390625,33327.1015625,32261.419921875,33125.46875,19120856669,-1.3687548281983153,-0.5333324937234263,-3.0276106077831932,2.4996858569766767,3.634785880076894,5.145790364791654,2.6519341074197884,36335.58160807292,33901.753515625,-3.53883796732537,-48.50355095702529,-8.82617264734592,21.06248906060482,-21.382903879295455
2021-07-14,32822.34765625,33061.3984375,31639.125,32723.845703125,21376531210,0.3679352094793975,-2.886749879309425,-5.308599095923361,1.98155471624897,3.5737953469667123,5.092525947706322,2.6519341074197884,36103.28427734375,33809.7490234375,-2.9204634630769277,-48.31407738936456,-8.490712034685554,21.06248906060482,11.796932428540451
2021-07-15,31780.73046875,33159.640625,31175.708984375,32827.875,21300524237,-3.1734999531688124,-5.190221055130295,0.4518369337291661,2.3088069271064655,3.0556183038513707,5.104529324529222,1.9310931614435451,35858.695475260414,33816.89658203125,-6.021150132277886,-49.95433011920796,-11.394759245409924,21.06248906060482,-0.35556270684573565
2021-07-16,31421.5390625,32218.40625,31100.673828125,31841.55078125,23699476918,-1.1302175908234458,-8.23198890923129,-2.3759761748231467,1.5027855050836991,3.0404421285340115,5.048670327874519,1.9475601116023,35656.76259765625,33778.65966796875,-6.978135392695684,-50.51995508364611,-12.396191262809776,17.496198239776373,11.262411451981569
2021-07-17,31533.068359375,31935.9453125,31223.990234375,31397.30859375,18895018942,0.3549453661488622,-4.89439845935925,-8.994540100012305,1.4648937056909157,2.443122199422164,5.047808285726248,1.9475601116023,35467.15703125,33622.830859375,-6.215308011214981,-50.34432795704712,-12.085245603127193,17.496198239776373,-20.27242201430599
2021-07-18,31796.810546875,32398.99609375,31215.4921875,31533.884765625,18787986667,0.8363987433579023,-2.768069662160766,-7.65957965738685,1.6433982255079274,2.459171927450119,4.734038600780842,1.9425972976863122,35380.39651692708,33490.95458984375,-5.058512257164816,-49.92900854007395,-11.349927702125573,17.496198239776373,-0.5664576221307116
2021-07-19,30817.83203125,31885.859375,30563.734375,31800.01171875,20434789545,-3.078857592278905,-6.107167122819446,-14.079337183629415,1.8699691557877427,2.283693241096557,4.548461769427363,2.0609833732116414,35214.31474609375,33238.45732421875,-7.282604211613009,-51.4706230621672,-12.667130265522154,18.03125027158923,8.765190795523136
2021-07-20,29807.34765625,31006.1875,29360.955078125,30838.28515625,23148267245,-3.278895069501786,-6.209368958465033,-14.935397918544592,1.8976273123691416,2.32894090146558,4.437909236723161,2.1258968218147083,35089.35901692708,32976.78291015625,-9.611111133979433,-53.06185040984174,-15.530683425300362,22.399173700670303,13.278716152297921
2021-07-21,32110.693359375,32752.326171875,29526.18359375,29796.28515625,28203024559,7.727442675168827,2.1932544281303867,-4.353088069968781,4.456951232722657,2.8716401395171203,4.555544221928976,1.9081470283883923,34998.92669270833,32903.71171875,-2.410118244876003,-49.43473180747726,-9.003365408883568,22.399173700670303,21.83643924834946
2021-07-22,32313.10546875,32576.400390625,31745.298828125,32138.873046875,19555230518,0.6303573302191001,2.47371140824324,-4.672800589653137,4.456223602703215,2.8655026874042284,4.456929635397361,1.9081470283883923,34957.96875,32824.5146484375,-1.5580098751341143,-49.115989932880744,-8.429761452485762,22.399173700670303,-30.66264762812597
2021-07-23,33581.55078125,33581.55078125,32057.892578125,32305.958984375,22552046192,3.925482537500802,5.612953638050988,-3.1353956012902584,4.709784227806012,2.9626225061833424,4.234675724220746,1.9081470283883923,34872.56158854167,32770.16484375,2.475989795500677,-47.118547003315825,-4.835187728755264,22.399173700670303,15.32488032417476
2021-07-24,34292.4453125,34490.390625,33424.859375,33593.73046875,21664706865,2.1169199000986128,11.27468433771286,-2.820624879893807,4.0625097235309235,2.9747100287015424,4.243842369153037,1.9081470283883923,34804.06529947917,32720.398046875,4.804486985069367,-45.999089001367736,0.0,20.174373265834756,-3.9346288999477563
2021-07-25,35350.1875,35364.92578125,33881.8359375,34290.29296875,20856685287,3.0844758309330533,18.595548680386464,4.753699425290758,2.6633005820104283,2.8772085294949363,4.252343606953419,1.6390698426381782,34738.331770833334,32800.6072265625,7.772966688777672,-44.333443953131244,0.0,20.448826297201016,-3.729667717338858
2021-07-26,37337.53515625,40499.67578125,35287.3125,35384.03125,51022126212,5.621887171744144,16.27757376141794,9.061843566048733,1.877780369535677,3.1090601645533806,4.306194435958097,1.6390698426381782,34720.00787760417,32955.72421875,13.296054149545867,-41.20393297978057,0.0,37.93718792010197,144.63199933213815
2021-07-27,39406.94140625,39406.94140625,36441.7265625,37276.03515625,35097370560,5.542428661506316,21.95343293253089,16.398048959243393,1.531533005825359,3.2811263213213864,4.259027646169402,1.620182539287381,34781.83014322917,33233.3048828125,18.576655391953988,-37.94520290941345,0.0,37.93718792010197,-31.21147007051741
2021-07-28,39995.90625,40816.0703125,38862.4375,39503.1875,38702404695,1.4945713184850051,19.100831615946113,21.6517772541833,1.9206297372409675,3.165245265123941,4.239912151326366,1.4858602573166895,34871.494140625,33589.231640625,19.07359679411764,-37.017749710353485,0.0,39.01479091499134,10.271521990050747
2021-07-29,40008.421875,40593.0703125,39352.05859375,39995.453125,27167146027,0.03129226506775051,16.66832595462786,18.37507545689343,2.4649997457516606,3.1443012353547357,4.224763989604975,1.4858602573166895,34943.665690104164,33899.7521484375,18.019806457033518,-36.99804113764722,0.0,39.01479091499134,-29.805017954065917
2021-07-30,42235.546875,42235.546875,38397.35546875,40027.484375,33072782960,5.566640461246641,19.477575260385827,25.999081952251025,2.687193939990027,3.2824010457881077,4.242668754400549,1.4744748559703431,35025.377213541666,34335.503515625,23.008380686131314,-33.49094860423752,0.0,43.84936308310709,21.738157284282632
2021-07-31,41626.1953125,42231.44921875,41110.83203125,42196.3046875,25802845343,-1.4427457617713135,11.486189804181857,21.57116637430796,3.2003605163088342,3.3264652290113648,4.2404622170755,1.509354785179488,35107.731705729166,34704.80390625,19.943611913057136,-34.4505051244442,-1.4427457617713135,43.84936308310709,-21.981632527848205
2021-08-01,39974.89453125,42541.6796875,39540.94140625,41460.84375,26688438115,-3.9669750474507826,1.4412514768525675,20.56664919472986,3.5522620656877857,3.383948292756655,4.2663479985468244,1.6011075361390967,35147.726953125,35045.75625,14.064864932826215,-37.05083722988752,-5.35248744485447,44.892015856783665,3.432151610520928
2021-08-02,39201.9453125,40419.1796875,38746.34765625,39907.26171875,25595265436,-1.9335866368471732,-1.9851055068917156,19.876199850723598,3.6033443594308974,3.406975303169997,4.23964700385336,1.6299719989635704,35147.61328125,35370.75224609375,10.831528376186462,-38.268013829217594,-7.182579099729014,44.892015856783665,-4.096053408181999
2021-08-03,38152.98046875,39750.03125,37782.05078125,39178.40234375,26189830450,-2.675797936526192,-4.637627077736372,16.24086390263113,3.732949754856678,3.501703523330576,4.182447795094794,1.7363189359277256,35168.589518229164,35637.28388671875,7.0591703622194135,-39.91983704135201,-9.666185732915288,44.892015856783665,2.3229492012367903
2021-08-04,39747.50390625,39952.296875,37589.1640625,38213.33203125,25372562724,4.1792893187100555,-5.8908742820676485,25.06793682836752,3.136990082746493,3.446728855702581,4.1844582268492445,1.5846918784492667,35238.515299479164,36035.62255859375,10.300588928693411,-37.40891320815764,-5.8908742820676485,44.892015856783665,-3.120553710953866
2021-08-05,40869.5546875,41341.93359375,37458.00390625,39744.515625,35185031017,2.822946527400849,-1.8177030577012365,30.06859595962861,3.590802698591019,3.4205081973879143,4.196758836790357,1.5644100356021524,35321.96822916667,36508.02333984375,11.946774841946063,-35.64200029710489,-3.2342239856459787,44.892015856783665,38.67354038982571
2021-08-06,42816.5,43271.66015625,39932.1796875,40865.8671875,38226483046,4.763803587748594,7.108475211932341,35.78285345412748,3.4922922647447128,3.492424573261641,4.141077280105814,1.5644100356021524,35476.2314453125,37072.194921875,15.49491496316957,-32.57611159825514,0.0,47.37824447846042,8.644164694726264
2021-08-07,44555.80078125,44689.859375,42618.56640625,42832.796875,40030862141,4.062220829002827,13.657116824360394,40.1266353918285,3.0493192084569967,3.5296736593101254,4.1653089358349815,1.5644100356021524,35660.950911458334,37710.14443359375,18.153354887598528,-29.837204359875834,0.0,52.20846616224553,4.720233072000624
2021-08-08,43798.1171875,45282.3515625,43331.91015625,44574.4375,36302664750,-1.7005273846830926,14.796056951235492,42.11939744199946,2.626983780065052,3.4426123994221,3.9158325421165117,1.455335090320752,35768.50084635417,38359.15869140625,14.179034894506849,-31.030341913595382,-1.7005273846830926,54.22642567999101,-9.313307762066769
2021-08-09,46365.40234375,46456.83203125,42848.6875,43791.92578125,38734079049,5.8616336068955555,16.649846624606248,55.55024512228988,2.9335696561126143,3.33389385725919,3.9701181614467322,1.2571565460509504,35929.547591145834,39187.06142578125,18.318140367744196,-26.98759325664173,0.0,57.34113378975203,6.6976193503811565
2021-08-10,45585.03125,46637.98828125,44705.5546875,46280.84765625,33546019517,-1.6830892309838696,11.537871157529977,41.962151797295434,3.664782515462691,3.1862436818014626,3.9762270169301597,1.3122812386266325,36067.05813802083,39860.7783203125,14.360615047926695,-28.216457211821332,-1.6830892309838696,46.913054855009605,-13.394043848149629
2021-08-11,45593.63671875,46735.6328125,45351.7109375,45599.703125,34319709073,0.018877838873909702,6.486136696717382,41.09952001624728,3.4634132758551766,3.201109046717963,3.918033517761909,1.3122812386266325,36234.41015625,40524.8048828125,12.507973451310317,-28.202906030275788,-1.6645291229830828,45.78510642458915,2.306352786827426
2021-08-12,44428.2890625,46228.91015625,43861.4453125,45576.87890625,33723620826,-2.555943636254754,-0.28618432732480104,32.29969441228484,3.4137896163651034,3.2995208623237664,3.733701809415406,1.4313365931314017,36323.250651041664,41067.141796875,8.18451715546653,-30.037999284610795,-4.177928333045344,39.82297513405768,-1.736868589800944
2021-08-13,47793.3203125,47831.9765625,44282.41796875,44439.69140625,31744259539,7.574073458615982,9.12186043956298,39.36982293612865,4.585467561549536,3.571132088532061,3.8369604876181977,1.4313365931314017,36449.498046875,41742.185546875,14.496449302659986,-24.739025957309778,0.0,41.17291828793774,-5.8693617070737725
2021-08-14,47096.9453125,48098.68359375,46177.6328125,47810.6875,31211354442,-1.457055076832292,1.5777776785508957,33.22969025977584,4.12722587645415,3.6246805986429136,3.8440926529419652,1.4679492217659116,36561.00930989583,42329.5234375,11.262640086272535,-25.83561980047223,-1.457055076832292,36.30588499407541,-1.6787447706735459
2021-08-15,47047.00390625,47357.10546875,45579.58984375,47096.66796875,30988958446,-0.10603958689597848,3.2071331666576386,26.00457879548783,3.988120879220108,3.506744072862429,3.7781439850936382,1.4681407076239659,36706.00833333333,42814.996875,9.884403457053859,-25.91426340285977,-1.561549608543955,31.987938363067236,-0.7125483657342668
2021-08-16,46004.484375,47998.09765625,45700.3203125,47019.9609375,32776876610,-2.215910567498447,0.9011074479194692,16.742083331805134,4.20228700268719,3.431719199904027,3.790425814951735,1.5494999579026014,36838.524674479166,43144.8740234375,6.627926066046874,-27.55593706912487,-3.742857633249941,28.406958667983282,5.769532935789212
2021-08-17,44695.359375,47139.5703125,44512.41796875,45936.45703125,33451362600,-2.8456465011732934,0.6011267103360529,11.749835334710035,4.252308960358245,3.5236078813142897,3.722877222490793,1.6750627809196148,36986.99322916667,43379.8466796875,3.0325434412576735,-29.617439011225088,-6.481995637138748,28.406958667983282,2.0578104437023015
2021-08-18,44801.1875,45952.0625,44364.02734375,44686.75,32194123075,0.23677653895135542,-6.260566943111979,11.979391838983911,1.326394622245352,3.5221159667648236,3.7210303456481286,1.6750627809196148,37140.0818359375,43619.4849609375,2.7091162129051938,-29.45078961929053,-6.260566943111979,28.406958667983282,-3.7584105019387137
2021-08-19,46717.578125,46970.76171875,43998.31640625,44741.8828125,37204312299,4.277544261522093,-0.8055027454175745,10.611988198625632,2.7967526802029234,3.437710966388385,3.7534938548339514,1.6750627809196148,37323.7365234375,43843.5865234375,6.555101508463834,-26.433015919101354,-2.2508212036037367,28.406958667983282,15.562434213002717
2021-08-20,49339.17578125,49342.15234375,46650.70703125,46723.12109375,34706867452,5.611587247171745,4.872088942300312,18.52915072070942,3.7987429814494047,3.5802739547883213,3.4776382342086603,1.643703000352162,37618.11123046875,44229.235546875,11.55330896225728,-22.30474042228877,0.0,31.726592979283353,-6.712783257297639
2021-08-21,48905.4921875,49717.01953125,48312.19921875,49327.07421875,40585205312,-0.8789842693618932,6.305923980916273,22.340515868700006,3.5538150863204643,3.4218078521790645,3.4759719230905506,1.3976929810588323,37891.44176432292,44675.7654296875,9.467608930997319,-22.987669532016742,-0.8789842693618932,32.727359566948365,16.937102918117898
2021-08-22,49321.65234375,49471.609375,48199.94140625,48869.10546875,25370975378,0.8509476904035029,10.350723281884333,25.814298118576296,2.781487153900957,3.3491364493805498,3.4536020026127963,1.3291379932841538,38151.41884765625,45181.75078125,9.162773666172374,-22.332334884573523,-0.03551627529753132,32.727359566948365,-37.48713309946358
2021-08-23,49546.1484375,50482.078125,49074.60546875,49291.67578125,34305053719,0.45516742258624454,10.591149927666542,29.861803268769037,2.748005879619257,3.2291138438093503,3.4427654073414335,1.1868500643870463,38399.480696614584,45751.4091796875,8.294256561385382,-21.978816975084715,0.0,34.76980314099676,35.21377561521355
2021-08-24,47706.1171875,49878.76953125,47687.1171875,49562.34765625,35361168834,-3.7137725293038826,2.1159895315099986,20.022925967933713,3.387655758759359,3.347054270238258,3.2676350475727247,1.4485228321659773,38667.286328125,46149.33984375,3.3733469406515004,-24.876346237301917,-3.7137725293038826,34.76980314099676,3.0785992164619858
2021-08-25,48960.7890625,49202.87890625,47163.61328125,47727.2578125,32646349931,2.630002081428562,-0.7669092820431711,19.797706231124444,2.3625560804947168,3.3417029653634285,3.2743037040021394,1.4485228321659773,38946.8615234375,46553.9015625,5.1701090976632225,-22.900592579697776,-1.1814427426955376,26.419540631293014,-7.677401490161384
2021-08-26,46942.21875,49347.58203125,46405.78125,49002.640625,32666549568,-4.122830434622349,-4.014423226685782,9.635815047937136,2.983088988244373,3.3995161222994774,3.2059267624197325,1.7170046403369326,39151.73776041667,46760.1875,0.38928682653378566,-26.07927041373548,-5.2555642963543985,18.450906217241545,0.06187410550548833
2021-08-27,49058.66796875,49112.78515625,46394.28125,46894.5546875,34511076995,4.508626296557394,-0.5332026858449801,10.106130085299458,3.8154241422565565,3.425399263453877,3.2421639811375407,1.7170046403369326,39395.47662760417,46985.330859375,4.412732807140185,-22.746460961002057,-0.9838917536949099,17.81475949525875,5.646532772493651
2021-08-28,48902.40234375,49283.50390625,48499.23828125,49072.5859375,28568103401,-0.3185280633781984,-1.2992858457243184,11.65412004903892,3.8055638157286658,3.3916537970899023,3.211167107189826,1.6758843253618898,39612.720377604164,47240.5451171875,3.5178620874081856,-22.992535162794102,-1.2992858457243184,17.81475949525875,-17.220481397497455
2021-08-29,48829.83203125,49644.11328125,47925.85546875,48911.25,25889650240,-0.14839825657210204,2.3554942426637915,5.315234124852153,3.281253025985682,3.1598540228177248,3.19045845707677,1.6762128069315538,39842.53697916667,47363.7666015625,3.0953311674311257,-23.106812898042893,-1.4457559847534829,15.094424648640569,-9.375677213861678
2021-08-30,47054.984375,48925.60546875,46950.2734375,48834.8515625,31847007016,-3.6347609287579297,-3.8925122000529444,3.2246399414281424,3.460449439521428,3.2532658453687673,3.1770578928050757,1.824451768781495,40067.25143229167,47437.2642578125,-0.8058641002880784,-25.90169641970156,-5.027967139852418,15.094424648640569,23.01057264495512
2021-08-31,47166.6875,48189.55078125,46750.09375,47024.33984375,34730363427,0.23738850726162664,0.47818095517693227,3.4501542198828394,2.8998276657705153,3.252963170850523,3.1770755882616397,1.824451768781495,40288.412109375,47515.916796875,-0.7349732898302541,-25.725795562926113,-4.8025144487297,15.094424648640569,9.053775161827282
2021-09-01,48847.02734375,49111.08984375,46562.4375,47099.7734375,39139399125,3.562556399047523,-0.4314031215336134,9.945776383677284,2.5526907808464396,3.2659187231868625,3.1928737549771653,1.7326228276876554,40524.7201171875,47736.8537109375,2.3256112343200686,-23.079735139911495,-1.4110503354905712,14.736385953688401,12.695046244671126
2021-09-02,49327.72265625,50343.421875,48652.3203125,48807.84765625,39508070319,0.9840830417728652,0.869732962217884,3.2104953866297636,2.5860076483166026,2.8192011470299323,3.189596648607261,1.7326228276876554,40758.719140625,47813.573828125,3.1667760991217486,-22.322775857736588,-0.44085320078014467,14.736385953688401,0.9419439292426723
2021-09-03,50025.375,50982.2734375,48386.0859375,49288.25,43206179619,1.4143210068944922,2.4483864044112957,6.217876059836014,2.6274500489549544,2.803677686323999,3.123300605630175,1.7017142498604838,41030.0419921875,47959.9953125,4.306463489085632,-21.224170559120026,0.0,15.873236981990345,9.360389586584095
2021-09-04,49944.625,50545.58203125,49548.78125,50009.32421875,37471327794,-0.1614180803242382,6.1409873223446265,6.158991759653931,1.453791049550471,2.8041678600284716,3.123720323670031,1.7019318312763156,41291.8658203125,48104.8763671875,3.8244535102212707,-21.351328990762987,-0.1614180803242382,15.873236981990345,-13.273221274296809
2021-09-05,51753.41015625,51868.6796875,49538.59765625,49937.859375,30322676319,3.6215812136941583,9.724496035999985,12.496446508101954,1.6621464900894234,2.8282192919216502,3.137497961137283,1.628207289061804,41590.1671875,48392.32265625,6.945497375431109,-18.50300349667233,0.0,17.887873728122948,-19.07765722714705
2021-09-06,52633.53515625,52700.94140625,51053.6796875,51769.00390625,38884105426,1.7006125728580734,7.751767135906351,17.76062636536302,1.376088027460936,2.714732505685522,3.1028512075620487,1.498724049207191,41919.43658854167,48789.2314453125,7.879410265452846,-17.117055327635033,0.0,19.77945001269137,28.234411161245234
2021-09-07,46811.12890625,52853.765625,43285.20703125,52660.48046875,65210059683,-11.06216071695616,-5.101783772864154,4.48635743472201,5.839069796860033,3.806455906081733,3.450581244657871,2.892186674829341,42136.321875,48889.728515625,-4.25160800128126,-26.2856998742379,-11.06216071695616,22.105839962465534,67.7036387196838
2021-09-08,46091.390625,47334.0546875,44561.39453125,46827.76171875,49007762488,-1.5375366885328479,-7.863977781275999,-1.3403680694331843,5.694337033268369,3.7066763049644167,3.456827213089298,2.9125495215514583,42345.83639322917,48858.419140625,-5.663360715091703,-27.41908428336671,-12.429612625921349,22.105839962465534,-24.84631554358763
2021-09-09,46391.421875,47261.94921875,45669.73828125,45774.7421875,38672657013,0.6509485739778498,-7.114285320992996,-5.974469292553952,5.752930559721015,3.4698112257311196,3.4508045670056924,2.9125495215514583,42548.35696614583,48711.0314453125,-4.761979989926324,-26.94661984752922,-11.859574438082898,22.105839962465534,-21.088711155769758
2021-09-10,44883.91015625,47031.7421875,44344.484375,46396.6640625,39154666597,-3.2495484247323514,-13.273521453485138,-8.22317055072579,5.054040526339802,3.5324203055357155,3.4523367816151507,2.995378489679455,42743.82467447917,48509.95234375,-7.474841784640884,-29.32052481148756,-14.723740248482564,22.105839962465534,1.2463834171982713
2021-09-11,45201.45703125,45969.29296875,44818.265625,44869.83984375,34499835245,0.707484873520503,-14.120423610036525,-8.35372522352672,4.8534143639040765,3.529962483943085,3.44302109556927,2.995378489679455,42952.14853515625,48303.942578125,-6.422841245012578,-28.82047821584517,-14.120423610036525,22.105839962465534,-11.888318191826075
2021-09-12,46063.26953125,46364.87890625,44790.4609375,45206.62890625,27881980161,1.9066033632592516,-1.5976102103791634,-7.029565397285076,2.0627447190120023,3.562670592446291,3.4469962021066194,2.995378489679455,43172.83056640625,48129.7986328125,-4.293658316188431,-27.46336705955661,-12.483040718232685,22.105839962465534,-19.182280254393724
2021-09-13,44963.07421875,46598.6796875,43591.3203125,46057.21484375,40969943253,-2.3884438158555232,-2.447998185669842,-5.749876809233879,2.2190905011289312,3.5077584897028973,3.433798058295369,2.927100983830023,43392.536295572914,47992.646484375,-6.312575962259848,-29.195863783252452,-14.57333412002284,22.105839962465534,46.940579601684185
2021-09-14,47092.4921875,47218.125,44752.33203125,44960.05078125,38652152880,4.73592610325122,1.5112067795399975,-3.8159043405429194,3.2497189178023924,3.6278384440272724,3.4659584825382312,2.927100983830023,43653.71884765625,47899.231640625,-1.6842429940792214,-25.842632213981954,-10.527590351475801,22.105839962465534,-5.657294565157301
2021-09-15,48176.34765625,48450.46875,46773.328125,47098.0,30484496466,2.3015462091804384,7.335451587302355,2.6290382924220035,2.5988397971272117,3.5389928318963753,3.4714389763287925,2.778134919313004,43931.1068359375,47960.9380859375,0.44913544002522787,-24.13586612687486,-8.468341498947806,22.105839962465534,-21.131181073813455
2021-09-16,47783.359375,48486.828125,47079.55859375,48158.90625,31764293754,-0.8157286726135138,5.711989199739742,-2.599558134277846,2.7902520854900907,3.3944606393230097,3.477436683276929,2.784116429546807,44197.54931640625,47897.17265625,-0.23762004088804245,-24.754711619107837,-9.214991481859569,22.105839962465534,4.198190675143287
2021-09-17,47267.51953125,48160.921875,46832.5234375,47771.00390625,28727713711,-1.0795386730801604,2.614338956515061,-3.3431543935365515,2.9045202611070486,3.4015958296785755,3.4496839050819474,2.7936537856807298,44471.710774739586,47815.428515625,-1.1458832460237267,-25.567013606850264,-10.19505075817202,22.105839962465534,-9.559727870913582
2021-09-18,48278.36328125,48791.78125,47087.28515625,47273.52734375,28575630451,2.138558909002408,7.373359406811852,-1.129368517276641,2.425307078849253,3.4385716401036306,3.4125018997839653,2.793456706684496,44779.56103515625,47787.855078125,1.0264285817455088,-23.97522034510301,-8.27451901543581,22.105839962465534,-0.5293956265714495
2021-09-19,47260.21875,48328.3671875,46919.8046875,48268.85546875,26967722648,-2.1089044077959085,0.3561641244897107,0.43615862958195084,2.0069153193269362,3.3698847962492677,3.311998812241155,2.713890180482692,45032.053125,47798.116796875,-1.1253540576941057,-25.578510274262257,-10.208921726991282,22.105839962465534,-5.626849793418054
2021-09-20,42843.80078125,47328.19921875,42598.9140625,47261.40625,43909845642,-9.344895316951952,-11.068806861510183,-9.165126804272617,4.273280322531686,3.973194999333406,3.5568884839662,3.425135520816644,45207.564713541666,47581.9724609375,-9.95791354294383,-32.5331205824486,-18.599803995566333,24.073035165765845,62.82370675173223
2021-09-21,40693.67578125,43607.609375,39787.609375,43012.234375,48701090088,-5.01852067461992,-14.83713930222178,-16.69160234689947,4.335463343630483,3.985934966062717,3.5995149327781535,3.6042795152484057,45326.10013020833,47174.3048828125,-13.73762500085859,-35.91895987453931,-22.684889661229978,32.83976206474455,10.91154928000282
2021-09-22,43574.5078125,43978.62109375,40625.6328125,40677.953125,38139709246,7.079311406361999,-7.813000883848876,-11.66324844112998,6.346746627975246,4.348488293757715,3.695707073098206,3.6042795152484057,45480.801171875,46886.644140625,-7.064136043072433,-31.38246349162217,-17.211512236176063,32.83976206474455,-21.686128222009415
2021-09-23,44895.09765625,44942.17578125,43109.33984375,43560.296875,34244064430,3.03064775724482,-7.007829998897186,-10.25535009732561,6.483934834756528,4.40113790295781,3.695067587595393,3.6042795152484057,45639.8830078125,46630.1302734375,-3.7208401671050995,-29.30290766035437,-14.702484788504833,32.83976206474455,-10.214143980157807
2021-09-24,42839.75,45080.4921875,40936.55859375,44894.30078125,42839345714,-4.578111561282839,-9.353466545264356,-14.225504746506756,6.655333941431441,4.4959630869313205,3.688512623865872,3.746662956229728,45731.586588541664,46274.8865234375,-7.423327816693092,-32.539499418246486,-18.60750019388928,32.83976206474455,25.100061651764616
2021-09-25,42716.59375,42996.2578125,41759.921875,42840.890625,31604717236,-0.2874812528084303,-0.29690883845596705,-17.461296519334134,5.1361117409676265,4.383340027959028,3.624216993745741,3.7472143761893184,45786.7474609375,45823.045703125,-6.779235001642736,-32.73343571046975,-18.841488372023985,32.83976206474455,-26.22502349359761
2021-09-26,43208.5390625,43919.30078125,40848.4609375,42721.62890625,30661222077,1.151649205409777,6.17998554558874,-17.906827017737992,4.286248932678779,4.368147856757059,3.6224103938679812,3.7472143761893184,45840.291341145836,45351.7958984375,-4.7258477717997955,-31.95876085732291,-10.5012346611986,32.83976206474455,-2.9852985298197576
2021-09-27,42235.73046875,44313.24609375,42190.6328125,43234.18359375,30980029059,-2.251426719942695,-3.0723866107925435,-9.774168118575567,2.953780442930775,3.6778479982184766,3.6361100756814206,2.8594565407599912,45877.41315104167,45123.0259765625,-6.398718714724938,-33.49065949596125,-12.516233778055174,22.630592831389485,1.0397725870135766
2021-09-28,41034.54296875,42775.14453125,40931.6640625,42200.8984375,30214940550,-2.844007873591181,-8.599056220033763,-10.97134971993482,2.236309517317319,3.7096850775523045,3.5857586947302216,2.909073700393013,45857.39641927083,44870.18359375,-8.548306063838506,-35.382190376569675,-15.004278977521391,22.630592831389485,-2.469618435615162
2021-09-29,41564.36328125,42545.2578125,40829.66796875,41064.984375,30602359905,1.2911568502261384,-2.977110554450013,-10.405067140982084,1.9042374667411073,3.722997293555007,3.5842802553951603,2.909073700393013,45856.365885416664,44628.8306640625,-6.8665643648157975,-34.547873101150685,-13.906850903140565,22.630592831389485,1.28221121057277
2021-09-30,43790.89453125,44092.6015625,41444.58203125,41551.26953125,31141681925,5.356827518164842,2.514949547563128,-2.4352058927018416,3.2933170056540417,3.8802370819181218,3.608704678712751,2.8168655534271196,45919.96588541667,44574.1798828125,-1.7572625085235383,-31.04171555620895,-9.294989401065322,22.630592831389485,1.7623543467701008
2021-10-01,48116.94140625,48436.01171875,43320.0234375,43816.7421875,42850641582,9.87887304268893,11.35979704532506,6.449978753968888,5.361357971597271,4.4714738200325606,3.8062145579483677,2.8168655534271196,46068.549153645836,44719.9541015625,7.596133254011561,-24.229414183590524,-0.3343565606390264,22.630592831389485,37.59899572925845
2021-10-02,47711.48828125,48282.0625,47465.49609375,48137.46875,30614346492,-0.8426411013467638,12.964752241118415,3.5781627460938825,5.093600247831429,4.465223634662094,3.7883104860269277,2.823160241177999,46227.8576171875,44802.3650390625,6.493235880853798,-24.86788828241081,-1.1741802361807885,22.630592831389485,-28.55568700548937
2021-10-03,48199.953125,49130.69140625,47157.2890625,47680.02734375,26638115879,1.0237887379882071,17.46189828824667,7.198971517165953,4.297718014702519,4.423283435163864,3.757355571701766,2.772183355099964,46368.731770833336,44964.208984375,7.196266127464668,-24.09869418403341,-0.16241262321428085,23.482391071026743,-12.98812834054469
2021-10-04,49112.90234375,49456.77734375,47045.00390625,48208.90625,33383173002,1.8940873580984396,18.161084319810094,4.290302046886119,4.233786426379164,4.322546256797855,3.749072613438971,2.772183355099964,46506.1208984375,45065.2294921875,8.981809029207778,-22.661057145941555,0.0,24.30195762107157,25.32107433438049
2021-10-05,51514.8125,51839.984375,49072.83984375,49174.9609375,35873904236,4.890588911725469,17.63818266657711,6.929676088297021,4.186495663472842,4.4232775544328975,3.751622419385263,2.772183355099964,46651.0927734375,45232.152734375,13.889809318870604,-18.87872738227526,0.0,30.291779750841098,7.461038032097123
2021-10-06,55361.44921875,55568.46484375,50488.19140625,51486.6640625,49034730168,7.46704982911468,15.05604388137396,15.859265532751166,3.2923729484352724,4.680923976382204,3.8331557564518133,2.7661760412032894,46831.1869140625,45611.0572265625,21.377254957618398,-12.82136153389779,0.0,39.662738517448304,36.68634962456334
2021-10-07,53805.984375,55338.625,53525.46875,55338.625,36807860413,-2.809653406297008,12.773644908798754,13.832891822104653,3.9091244344513214,4.733996565747461,3.846280744078345,2.8263346080691045,46997.984700520836,45937.98046875,17.1274484118916,-15.27077911912399,-2.809653406297008,39.662738517448304,-24.935121929108195
2021-10-08,53967.84765625,55922.98046875,53688.0546875,53802.14453125,34800873924,0.30082765538104184,11.966597802059574,11.78474991344547,3.9896042347306433,4.723569267736127,3.7792635697978163,2.8263346080691045,47124.692122395834,46222.4546875,16.75677551336232,-15.015890190525427,-2.5172779653824695,40.55375868822226,-5.452602967085696
2021-10-09,54968.22265625,55397.9453125,53735.14453125,53929.78125,32491211414,1.853649985027972,11.92216308357743,16.309708482358644,3.99079669134815,4.6840801645742065,3.7750101416664696,2.7867173209186626,47281.07864583333,46607.8548828125,17.937679806243434,-13.440582251765942,-0.7102895029829193,40.55375868822226,-6.636794567412196
2021-10-10,54771.578125,56401.3046875,54264.2578125,54952.8203125,39527792364,-0.3577422040362044,6.321998405798324,27.84014752717743,3.8397368670463474,4.040183682959017,3.775938460456135,1.8454915271265802,47434.0443359375,47204.24375,16.031046731894726,-13.75024182061939,-1.0654907016961146,41.75595260302065,21.656874717105936
2021-10-11,57484.7890625,57793.0390625,54519.765625,54734.125,42637331698,4.953684064585273,3.8354123197895884,41.26221816753812,2.8714850523057547,3.827626877166532,3.801464153932778,1.4651148380303225,47651.652669270836,48043.7994140625,19.65079732156676,-9.477701293944074,0.0,42.25757252627411,7.866716424143183
2021-10-12,56041.05859375,57627.87890625,54477.97265625,57526.83203125,41083758949,-2.5114999851183484,4.153950986516075,28.609734009832664,2.7797223460449825,3.7323295466846105,3.7051982936818066,1.5690580286844371,47789.114973958334,48667.126953125,15.151771025496096,-11.751168812475454,-2.5114999851183484,41.54667901471385,-3.6436913078987887
2021-10-13,57401.09765625,57688.66015625,54370.97265625,56038.2578125,41684252783,2.426861834211813,6.36165818927632,27.856048105196617,2.8371529300432776,3.7202765047828006,3.7073116382126408,1.5690580286844371,47960.850846354166,49292.426953125,16.450134846953258,-9.6094916092474,-0.1455887855115967,41.54667901471385,1.4616331352382606
2021-10-14,57321.5234375,58478.734375,56957.07421875,57372.83203125,36615791366,-0.1386283921372633,4.281202242915216,33.80452369003086,2.8748659002865224,3.475461473127303,3.7073891640902907,1.1895161686823934,48132.09283854167,50016.515625,14.605191347732948,-9.734798517674204,-0.2840153502563836,43.2260835913683,-12.159175416638535
2021-10-15,61593.94921875,62757.12890625,56868.14453125,57345.90234375,51780081801,7.453440740995654,12.456042581391301,44.192089798241454,3.956639755766605,3.687852556108719,3.800831207356039,1.1877779430604969,48391.917252604166,50960.3833984375,20.866337949566006,-3.006935215448714,0.0,53.70472508932163,41.41461885507949
2021-10-16,60892.1796875,62274.4765625,60206.12109375,61609.52734375,34250964237,-1.139348166745524,5.927464779065872,40.92626367075518,3.9258365078294544,3.7477211567096727,3.781259196716358,1.2147930499777913,48661.8642578125,51844.5654296875,17.45142269556301,-4.112023920941798,-1.139348166745524,53.70472508932163,-33.85301249883593
2021-10-17,61553.6171875,61645.5234375,59164.46875,60887.65234375,29032367511,1.086243756414218,9.836642511897153,45.738256458102946,3.3603205936399823,3.630542947118234,3.781514661681039,1.1055659367539994,48941.07141927083,52810.459765625,16.555730551632198,-3.070446767631063,-0.06548050865640143,53.70472508932163,-15.236349814533256
2021-10-18,62026.078125,62614.66015625,60012.7578125,61548.8046875,38055562075,0.7675599893030238,8.057303183376362,51.155766916268995,3.3818026295105734,3.4649761145831466,3.7507066838481142,0.9043544665994174,49196.2130859375,53860.0365234375,15.161596851143976,-2.326454299209224,0.0,53.70472508932163,31.07977522184928
2021-10-19,64261.9921875,64434.53515625,61622.93359375,62043.1640625,40471196346,3.6047967727284025,12.107962827553731,54.608388326951875,3.3127128687014196,3.473676481457824,3.7135051701900634,0.9043544665994174,49444.92669270833,54994.91796875,16.8507828741846,0.0,0.0,55.47155260889141,6.347651011537447
2021-10-20,65992.8359375,66930.390625,63610.67578125,64284.5859375,40788955582,2.693417510228824,7.141751380687444,50.69990381312326,1.8358062274647462,3.398869611022828,3.7194989649831016,0.9043544665994174,49729.71575520833,56105.0150390625,17.623773724244106,0.0,0.0,54.50220317069745,0.7851491052633719
2021-10-21,62210.171875,66600.546875,62117.41015625,66002.234375,45908121370,-5.731931366129583,2.164468728601876,29.289539311655833,3.664075762992043,3.315916102963764,3.8071005132221583,1.5686327997843614,49944.5244140625,56809.6765625,9.50629477103002,-5.731931366129583,-5.731931366129583,42.26885974624863,12.55037231269307
2021-10-22,60692.265625,63715.0234375,60122.796875,62237.890625,38434082775,-2.4399647264276236,-1.3993516577201603,27.206817081938063,3.853633673243447,3.3897743848847393,3.8254573070566984,1.650084256208128,50130.29303385417,57458.7154296875,5.627606136216889,-8.032038989080615,-8.032038989080615,42.26885974624863,-16.280427889354076
2021-10-23,61393.6171875,61743.87890625,59826.5234375,60694.62890625,26882546034,1.1555863919028075,-1.0196693981286642,27.372773637941172,3.8823243814974777,3.389410175995898,3.7879326551068386,1.650084256208128,50358.41803385417,58118.3986328125,5.635424636146769,-6.969269746727957,-6.969269746727957,42.26885974624863,-30.05545054535258
2021-10-24,60930.8359375,61505.8046875,59643.34375,61368.34375,27316183882,-0.7537937512081094,-5.1837114546348655,24.06278804505213,3.271543971703333,3.4154036201733113,3.7807487050955157,1.6586706434834948,50557.91881510417,58709.2953125,3.783967450426884,-7.670529578080387,-7.670529578080387,36.38988662182421,1.613083252797387
2021-10-25,63039.82421875,63729.32421875,60691.80078125,60893.92578125,31064911614,3.46128236844363,-4.4747458974891074,22.37222880069689,3.4992619860857235,3.347031838840937,3.7524277954409646,1.6586706434834948,50826.212239583336,59285.5458984375,6.332535634813885,-4.4747458974891074,-4.4747458974891074,32.566425456695214,13.723467919946986
2021-10-26,60363.79296875,63229.02734375,59991.16015625,63032.76171875,34878965587,-4.244985266320056,-2.9679694664081047,9.035789020323893,3.0110128136339593,3.189208246498211,3.7665369780479705,1.911068627526931,51014.63098958333,59535.6630859375,1.3909812033455093,-8.529778859755488,-8.529778859755488,25.044006503913142,12.277691372156108
2021-10-27,58482.38671875,61435.18359375,58208.1875,60352.0,43657076893,-3.116779376295975,-3.64112112720294,8.69123090687809,3.129301372675204,3.206581528943506,3.7930219609116023,1.9347328937005868,51174.29739583333,59769.483203125,-2.1534341864741124,-11.380703847706952,-11.380703847706952,24.665330145745013,25.167349886292946
2021-10-28,60622.13671875,62128.6328125,58206.91796875,58470.73046875,45257083247,3.658793903693369,-1.25661347887982,12.330099033937225,3.6562094491433887,3.2844377221854257,3.81598258455515,1.9347328937005868,51370.83580729167,60102.19765625,0.8650915986030183,-8.138306442590892,-8.138306442590892,24.55608188803926,3.6649415578635436
2021-10-29,62227.96484375,62927.609375,60329.96484375,60624.87109375,36856881767,2.648913766352501,2.12885460422787,13.207161950459302,3.839246650576293,3.304731455142392,3.788574723383068,1.9347328937005868,51623.71881510417,60465.184765625,2.9153637501611485,-5.704969395944137,-5.704969395944137,23.34157569475188,-18.561075697596642
2021-10-30,61888.83203125,62330.14453125,60918.38671875,62239.36328125,32157938616,-0.5449845794435637,-1.825817571295918,12.994429136233698,3.461334712862655,3.3080710840338705,3.790972302292125,1.9369157971711561,51869.087890625,60821.0474609375,1.7556168709496278,-6.218862771917832,-6.218862771917832,23.099491061442844,-12.749160877758314
2021-10-31,61318.95703125,62406.171875,60074.328125,61850.48828125,32241199927,-0.9208042570786446,1.5823459983611121,6.669882644226677,2.768912155255577,3.1648827755961766,3.774231143362482,1.9478287474323515,52076.953385416666,61012.755859375,0.5018641881719743,-7.082403475850773,-7.082403475850773,23.099491061442844,0.2589137071073777
2021-11-01,61004.40625,62419.00390625,59695.18359375,61320.44921875,36150572843,-0.5129747739996526,4.312442895634105,8.856627231526893,2.1250645535855814,3.099976574408177,3.7755898756966695,1.8686391777171456,52271.564778645836,61260.9232421875,-0.4187285770627214,-7.559047306626443,-7.559047306626443,23.099491061442844,12.125395223662693
2021-11-02,63226.40234375,64242.79296875,60673.0546875,60963.25390625,37746665647,3.6423534468053242,4.295898768930262,10.148420370608925,2.119668435093235,3.1518277376828006,3.7963821970428637,1.8686391777171456,52491.58190104167,61552.1884765625,2.7199908055665523,-4.192021079939668,-4.192021079939668,17.69399402194427,4.415124515264934
2021-11-03,62970.046875,63516.9375,61184.23828125,63254.3359375,36124731509,-0.4054563588107407,1.1925217755607287,9.854105576343963,1.9054254978463985,3.155375953756213,3.7971924501070524,1.8705804521295215,52708.672265625,61834.6146484375,1.8362404828073053,-4.580480622719108,-4.580480622719108,17.69399402194427,-4.296893805582814
2021-11-04,61452.23046875,63123.2890625,60799.6640625,62941.8046875,32615846901,-2.4103783966732184,-0.7054609824912239,-0.23008550644590953,2.251573232212847,2.760465383783699,3.7918689769802087,1.9466811317333232,52870.31927083333,61827.5287109375,-0.6070083181589414,-6.880452103998502,-6.880452103998502,14.98700319596622,-9.713247577011908
2021-11-05,61125.67578125,62541.46875,60844.609375,61460.078125,30605102446,-0.5313959884109654,-0.31520635600749136,0.3834582617149085,2.2235720370491436,2.7502990483697523,3.789419334581781,1.9335927185470514,53011.85494791667,61839.203515625,-1.153843668433907,-7.375285645944285,-7.375285645944285,14.98700319596622,-6.164930995363338
2021-11-06,61527.48046875,61590.68359375,60163.78125,61068.875,29094934221,0.6573419146120196,0.857436783511023,-0.04246171052854075,2.223403912089663,2.7435008596123622,3.482353509894146,1.9335927185470514,53257.12747395833,61837.8966796875,-0.5019837795347759,-6.766424575205432,-6.766424575205432,14.98700319596622,-4.9343674887694196
2021-11-07,63326.98828125,63326.98828125,61432.48828125,61554.921875,24726754302,2.9247220896912562,0.15908850380752515,2.0973600065899767,1.9513949454904977,2.8153280908816245,3.4854042516510013,1.9335927185470514,53544.387434895834,61902.9421875,2.3004497741588192,-4.039601599747511,-4.039601599747511,14.98700319596622,-15.013541140255116
2021-11-08,67566.828125,67673.7421875,63344.06640625,63344.06640625,41125608330,6.695154718111462,7.2999489092408165,5.1427536324385015,3.505058893246925,3.087092493269066,3.57342317375684,1.9335927185470514,53897.310872395836,62068.183984375,8.85903821837164,0.0,0.0,16.264087756428758,66.32028541923756
2021-11-09,66971.828125,68530.3359375,66382.0625,67549.734375,42357991721,-0.8806096371717143,8.981932167713346,1.4834825229016912,3.128523963997025,3.0441682704589805,3.542096495778852,1.943593184766854,54265.44283854167,62117.13359375,7.815387237601801,-0.8806096371717143,-0.8806096371717143,17.73572339681757,2.9966326117564224
2021-11-10,64995.23046875,68789.625,63208.11328125,66953.3359375,48730828378,-2.9513867421399387,6.33048982779012,4.4768540414035,3.7077342548528285,2.8180608372697122,3.573852343398516,1.6032269938019146,54595.3390625,62256.3865234375,4.399297964846416,-3.8060061832301706,-3.8060061832301706,18.181184300002997,15.045181317792533
2021-11-11,64949.9609375,65579.015625,64180.48828125,64978.890625,35880633236,-0.06965054346836919,5.56252335164007,7.015218938780543,3.7526814956358066,2.7476521365253506,3.5713634787973048,1.5076166489710987,54910.11725260417,62469.2712890625,3.9710558443345256,-3.873005822707476,-3.873005822707476,18.181184300002997,-26.36974492270553
2021-11-12,64155.94140625,65460.81640625,62333.9140625,64863.98046875,36084893887,-1.222509636324598,1.3090044979218396,4.499367108984131,3.7187708890237117,2.7635068639509677,3.557771270030584,1.5321992203366277,55229.998372395836,62607.3875,2.4734363915919655,-5.0481675896340565,-5.0481675896340565,18.181184300002997,0.5692782779403771
2021-11-13,64469.52734375,64915.67578125,63303.734375,64158.12109375,30474228777,0.48878705639170406,-4.584055323005442,5.807718459467437,1.315971195071445,2.7535564094412814,3.517240396447205,1.5228999309974869,55519.615625,62784.3220703125,2.684117973831479,-4.584055323005442,-4.584055323005442,18.181184300002997,-15.548514920314915
2021-11-14,65466.83984375,65495.1796875,63647.80859375,64455.37109375,25122092191,1.5469517787564335,-2.2471960574840577,3.8499720693671025,1.7224367908192475,2.6705734712079563,3.512344927637278,1.5228999309974869,55807.79049479167,62905.6728515625,4.071440421964878,-3.1080166696074274,-3.1080166696074274,18.181184300002997,-17.56282866144081
2021-11-15,63557.87109375,66281.5703125,63548.14453125,65521.2890625,30558763548,-2.915932332393234,-2.2114843883676794,5.291380756430519,1.7095460558927598,2.5681260610371117,3.5367954851326164,1.3577047811005325,56070.6990234375,63065.3767578125,0.7809266530331094,-5.933321339035402,-5.933321339035402,18.181184300002997,21.640997555719863
2021-11-16,60161.24609375,63721.1953125,59016.3359375,63721.1953125,46844335592,-5.344145330150951,-7.372929520863114,2.8707094036258596,2.7430795956254697,2.7643894138498495,3.6118994256566137,1.6690239824780106,56285.594466145834,63149.3197265625,-4.7317590209219995,-10.960381353923443,-10.960381353923443,18.181184300002997,53.292640647647715
2021-11-17,60368.01171875,60823.609375,58515.41015625,60139.62109375,39178392930,0.3436857419438999,-5.904253923286651,-0.41919505605515495,2.8677616278245797,2.641319109193317,3.605243312566797,1.6690239824780106,56487.088606770834,63136.6134765625,-4.385097022728757,-10.654364879955658,-10.654364879955658,17.558135226798232,-16.36471638485396
2021-11-18,56942.13671875,60948.5,56550.79296875,60360.13671875,41388338699,-5.674983989800575,-11.675889269149021,-8.494296958405023,3.2697684598373677,2.8513795881555826,3.6766073990169286,2.096643321671906,56648.45390625,62872.3220703125,-9.432108050551314,-15.724715368603814,-15.724715368603814,21.642193484383476,5.640725930102608
2021-11-19,58119.578125,58351.11328125,55705.1796875,56896.12890625,38702407772,2.0677857806173483,-11.22287517816003,-6.090361996727878,3.431589500117018,2.9039636203323878,3.4535597478701714,2.0930988530692565,56903.0501953125,62683.859375,-7.281429853727794,-13.98208301642101,-13.98208301642101,23.488740878141524,-6.489583808941079
2021-11-20,59697.1953125,59859.87890625,57469.7265625,58115.08203125,30624264863,2.7144333086984274,-6.0742685599953,-2.6447966457151306,4.0491147097407,2.9742432651937696,3.3851820575069866,2.082947139206161,57219.77552083333,62602.7712890625,-4.641289701291762,-11.647184026370184,-11.647184026370184,23.488740878141524,-20.87245567921562
2021-11-21,58730.4765625,60004.42578125,58618.9296875,59730.5078125,26123447605,-1.619370466132397,-2.378224561739317,-3.727484336428566,3.378216073138159,2.992718975828692,3.292173815142676,2.111073107241486,57472.375,62489.0748046875,-6.0148085948386605,-13.077943434243455,-13.077943434243455,23.488740878141524,-14.696898939892112
2021-11-22,56289.2890625,59266.359375,55679.83984375,58706.84765625,35036121783,-4.1565940596482776,-6.756430334748242,-10.971861475739564,3.7031936878026364,2.981026369106967,3.3309599200088336,2.306619468606253,57662.27819010417,62142.219140625,-9.418604869710379,-16.690940473979808,-16.690940473979808,23.544940490200705,34.11752657139375
2021-11-23,57569.07421875,57875.515625,55632.76171875,56304.5546875,37485803899,2.2735855747423095,1.101008033991735,-8.577050398217601,3.016003743156965,3.0467240531494997,3.273252492019881,2.3048370072541764,57907.766927083336,61872.1705078125,-6.954817091020193,-14.796837714142729,-14.796837714142729,23.649487954173807,6.9918757880006455
2021-11-24,56280.42578125,57803.06640625,55964.22265625,57565.8515625,36635566789,-2.238438701660228,-3.164428241021411,-8.415975544012177,2.983947964438289,3.040999560673209,3.2913100378789966,2.2961506527894584,58133.830794270834,61613.5802734375,-8.65581008037396,-16.704058273787737,-16.704058273787737,23.649487954173807,-2.268157599849907
2021-11-25,57274.6796875,59367.96875,57146.68359375,57165.41796875,34284016248,1.7666069374003168,-4.058005761106087,-6.300128455890663,2.740504697104376,3.0787393225379023,3.294288060323547,2.2930740798065146,58368.26647135417,61421.03046875,-6.750702079737325,-15.232546388679546,-15.232546388679546,23.649487954173807,-6.41876391470505
2021-11-26,53569.765625,59183.48046875,53569.765625,58960.28515625,41810748221,-6.468677053655503,-8.787108907601072,-12.933594522518677,3.7699756212936113,3.363738982417058,3.397858623824399,2.711158032410681,58557.16705729167,61023.1447265625,-12.214020000051152,-20.7158792094031,-20.7158792094031,28.41128610033936,21.954055553334072
2021-11-27,54815.078125,55329.2578125,53668.35546875,53736.4296875,30560857714,2.324655494514305,-2.618990152572598,-13.441204748987289,3.855232211210535,3.3328410428546276,3.3783133979964535,2.711158032410681,58786.84264322917,60597.54921875,-9.542417421661664,-18.872796539167126,-18.872796539167126,28.41128610033936,-26.90669501424898
2021-11-28,57248.45703125,57393.84375,53576.734375,54813.0234375,28116886357,4.43925100444249,-0.5569260785430075,-15.271356344655995,4.3324365456881635,3.100688767033265,3.4144414464343,2.711158032410681,59048.24420572917,60081.6306640625,-4.715540509633909,-15.271356344655995,-14.518598888478529,28.41128610033936,-7.997064021800703
2021-11-29,57806.56640625,58872.87890625,56792.52734375,57291.90625,32370840356,0.9748898117819094,2.71167213789707,-13.685249418073875,4.158777599651225,3.125145619723328,3.3571760138786084,2.7039978199049957,59281.83873697917,59623.367578125,-3.0471294153159523,-14.445345429999046,-11.700997720040874,28.41128610033936,15.129534419236768
2021-11-30,57005.42578125,59113.40234375,56057.28125,57830.11328125,36708594618,-1.3858989986877734,-0.4701098421136418,-12.292909233303718,4.178013902055477,3.084764573811563,3.1323025969999496,2.6404745457389263,59429.980143229164,59223.87734375,-3.745873559786639,-15.63104653101547,-12.924732708490128,23.729438684659176,13.400190462451157
2021-12-01,57229.828125,59041.68359375,56553.08203125,56907.96484375,36858195307,0.39365085108058473,6.832328753538386,-11.886277837686343,2.181391608432858,3.0907521109517004,3.128515345544534,2.640428614218706,59588.619140625,58837.870703125,-2.73300607059459,-15.298927427637032,-12.5819601777164,23.729438684659176,0.4075358660738271
2021-12-02,56477.81640625,57349.234375,55895.1328125,57217.37109375,32379968686,-1.3140205787574133,3.0333593203284437,-11.967909490066353,2.3731789307115205,3.09181370833772,3.1345538590197597,2.6426254521421475,59726.58352864583,58453.964453125,-3.380691224903487,-16.41191695166614,-13.730651210527567,23.729438684659176,-12.149880328377083
2021-12-03,53598.24609375,57482.16796875,52496.5859375,56509.1640625,39789134215,-5.0985864817913455,-6.376086145880711,-16.86266628268358,2.370623882347558,3.2382469695021667,3.203984845046141,2.878063322083926,59801.3392578125,57910.400390625,-7.446251912934598,-20.673727654357023,-18.12916856583704,26.25882070009613,22.881941612882017
2021-12-04,49200.703125,53904.6796875,42874.6171875,53727.87890625,61385677469,-8.204639683653358,-14.887345532288077,-24.846375291021317,3.477885758759157,3.5723158015577585,3.3226023137418745,3.4130710661885924,59762.770768229166,57097.0935546875,-13.829758991365026,-27.182162474790584,-22.589126604905772,54.59396412249306,54.2774897722162
2021-12-05,49368.84765625,49768.1484375,47857.49609375,49201.51953125,37198201161,0.3417522933012007,-13.396230306750546,-22.324573169813554,3.7672598068371097,3.5717208419641446,3.174419573483591,3.350212087987703,59662.89407552083,56387.6423828125,-12.447398809321196,-26.93330584511584,-18.22018607096797,48.62219068646931,-39.40247514611982
2021-12-06,50582.625,50929.51953125,47281.03515625,49413.48046875,37707308001,2.458589579002135,-11.614927639624117,-15.921580279144354,4.279951977824531,3.5202311379907045,3.1722102631903697,3.129844495979028,59609.17141927083,55908.711328125,-9.526397946943376,-25.136895716902497,-16.209556087981458,42.15520510296103,1.3686329556542365
2021-12-07,50700.0859375,51934.78125,50175.80859375,50581.828125,33676814852,0.2322159783127109,-10.230088265435523,-16.014981288918595,4.428028696067196,3.518407645114141,3.1720928750946658,3.129844495979028,59554.708723958334,55425.3150390625,-8.525398724810618,-24.963051626896238,-15.071243008825396,42.15520510296103,-10.688891259203947
2021-12-08,50504.796875,51171.375,48765.98828125,50667.6484375,28479699446,-0.385184874717448,-5.771549340139181,-11.305054946472183,4.10801712151389,3.3269560289874733,3.1624225863160382,2.8623544109999948,59480.31829427083,55103.448046875,-8.345487142588704,-25.252082602478975,-15.398375735040947,39.95326306667097,-15.432324668588283
2021-12-09,47672.12109375,50797.1640625,47358.3515625,50450.08203125,29603577251,-5.608726213196958,-3.10682964706106,-17.975796398212417,3.0028168497113126,3.4502830591068245,3.2415801759186085,3.1250541212755434,59361.99401041667,54581.0751953125,-12.658149508487238,-29.444488639372544,-20.14344921198009,39.95326306667097,3.9462418033272106
2021-12-10,47243.3046875,50015.25390625,47023.69921875,47642.14453125,30966005122,-0.899511908452133,-4.3054336280034855,-20.86176839599746,2.9572574755387153,3.3424296927324093,3.1718180161163843,3.131520292856749,59191.30260416667,53958.3806640625,-12.444917534441302,-30.079143866130686,-19.559132749034557,39.95326306667097,4.602240666553148
2021-12-11,49362.5078125,49458.2109375,46942.34765625,47264.6328125,25775869261,4.4857216044006165,-2.4121270643822856,-15.950779387990766,3.5932010106424506,3.564727240705831,3.2165747433404723,3.1105146373622046,59079.993424479166,53489.9822265625,-7.71635031879454,-26.942688916551827,-14.607438425605979,38.468801926256255,-16.76075373801651
2021-12-12,50098.3359375,50724.8671875,48725.8515625,49354.85546875,21939223599,1.4906619570362878,-1.186881617403568,-10.998456772346088,3.69428199766408,3.5083609027081613,3.2060668529259213,2.9684065759948317,58958.28072916667,53180.4345703125,-5.795549919279996,-25.853651373397213,-13.334523996077706,38.468801926256255,-14.884641224515406
2021-12-13,46737.48046875,50205.0,45894.84765625,50114.7421875,32166727776,-6.70851717099511,-7.459323944167428,-18.81495211967852,4.72044248092048,3.701373789527682,3.315119305659648,3.325905550686335,58781.88001302083,52638.8548828125,-11.211061538478495,-30.82777190267876,-19.14849233512548,38.468801926256255,46.61743899390394
2021-12-14,46612.6328125,48431.3984375,46424.49609375,46709.82421875,34638619079,-0.267125345649466,-2.222448376413655,-17.177895928375964,4.108143908174254,3.6920598447959643,3.155657967694778,3.2885688587204727,58532.19140625,52155.465234375,-10.627519852362067,-31.01254845607717,-19.364467204438075,38.468801926256255,7.684621576100481
2021-12-15,48896.72265625,49473.95703125,46671.96484375,48379.75390625,36541828520,4.900151967252708,3.4997932081315186,-14.627680289023882,4.7007293585690695,3.872012407005843,3.2276248748596363,3.2885688587204727,58332.26712239583,51736.5673828125,-5.489047438245642,-27.632058492090128,-15.413203557851652,38.03850471696997,5.494472619302071
2021-12-16,47665.42578125,49425.57421875,47529.87890625,48900.46484375,27268150947,-2.5181582897818466,-3.437997999810394,-11.021776509312476,4.350992318150085,3.657890635396399,3.234673058680893,3.0065847827629044,58100.797265625,51441.350390625,-7.340251724929725,-29.454397810316035,-17.543232984520508,37.87505573573817,-25.37825267261694
2021-12-17,46202.14453125,48004.89453125,45618.21484375,47653.73046875,32902725329,-3.0699007215741814,-7.777087468754806,-15.712708780801353,4.275115820790886,3.636116968473768,3.2496383105213362,3.083953076484392,57837.0650390625,51010.7037109375,-9.426568994100093,-31.620077760975995,-20.074573870115454,37.87505573573817,20.663573386225174
2021-12-18,46848.77734375,47313.828125,45598.44140625,46219.25390625,26098292690,1.3995731563123393,0.23813195295030454,-18.165868962762033,3.231390512860571,3.465696384016094,3.215439116263876,3.083953076484392,57546.84479166667,50490.7197265625,-7.213092628775741,-30.663050725011377,-18.955959060933345,37.87505573573817,-20.680452974522044
2021-12-19,46707.015625,48089.6640625,46502.953125,46853.8671875,25154053861,-0.30259427628138713,0.20248333296180032,-19.201193690082107,3.232406273869668,3.440241925008033,3.1885695425909084,3.084695243092818,57225.414453125,49935.7421875,-6.465762640268158,-30.872860364865616,-18.38693710038116,37.87505573573817,-3.6180099603289384
2021-12-20,46880.27734375,47401.71875,45579.80859375,46707.0625,30961902129,0.3709543768351198,-4.123886434426005,-17.76172758774538,1.9077670082951717,3.4523594828204445,3.1161348346970343,3.0690892689902767,56969.9162109375,49429.484765625,-5.157260760378812,-30.616430214808165,-18.084189871485833,37.70778018972838,23.089114383287356
2021-12-21,48936.61328125,49300.91796875,46698.7734375,46886.078125,27055803928,4.386356169401262,2.6668963492193276,-14.491070680198725,2.7065578812859,3.6422457949709166,3.16544079046034,3.0690892689902767,56773.988671875,49014.8240234375,-0.15956548604580956,-27.573019720984572,-13.352504761790806,34.070393485656126,-12.615821162167595
2021-12-22,48628.51171875,49544.796875,48450.94140625,48937.09765625,24447979559,-0.6295931447672265,5.251633256674615,-13.898031451923087,2.0226834398639753,3.6395411285429806,3.159832122986717,3.0582341004831965,56561.2369140625,48622.3587890625,0.012654527342448318,-28.029015023783167,-9.272195896685343,34.070393485656126,-9.638687417826707
2021-12-23,50784.5390625,51332.33984375,48065.8359375,48626.34375,28223878108,4.433669194360079,8.40099132122829,-5.249625195437324,2.5436966617526866,3.6547500654066996,3.2186862896474824,2.8377837492915123,56392.13196614583,48481.6734375,4.749971405109865,-24.83805963401512,0.0,25.72632299377309,15.444624124818462
2021-12-24,50822.1953125,51814.02734375,50514.49609375,50806.05078125,24367912228,0.07414904357732066,8.81062434076252,3.2956687293277387,2.4760119432398024,3.1325021130240156,3.181955203050619,2.164996764619758,56188.50481770833,48562.748046875,4.652634697369429,-24.782327774099578,0.0,13.942517207326333,-13.662069632121298
2021-12-25,50429.859375,51176.59765625,50236.70703125,50854.91796875,19030650914,-0.7719775485643066,7.571589231912301,2.1491522875674685,2.677104584757582,3.1399127851788244,3.140443445190363,2.171867504611731,56022.9392578125,48615.7986328125,3.7314222808285447,-25.362991316236215,-0.7719775485643066,13.942517207326333,-21.9028255849806
2021-12-26,50809.515625,51196.37890625,49623.10546875,50428.69140625,20964372926,0.752840191714288,3.827200572679601,0.44855446904941143,2.135621349399484,3.0968780022483884,3.1202461889003725,2.171867504611731,55895.05807291667,48627.1431640625,4.487971776533151,-24.80109391697155,-0.024949114106609382,13.942517207326333,10.161092338557086
2021-12-27,50640.41796875,51956.328125,50499.46875,50802.609375,24324345758,-0.3328070621613999,4.1372976035872755,-0.11768810179839662,2.0905825382107346,3.0978805442537833,3.0791696632187286,2.17314207649192,55728.69609375,48624.159765625,4.146618086242793,-25.051361187083987,-0.35767314385432014,13.989790058320617,16.027060975589524
2021-12-28,47588.85546875,50679.859375,47414.2109375,50679.859375,33430376883,-6.025942562091624,-6.292630892676032,-5.773592978637243,2.7222939626197133,3.382340924248092,3.143624411386592,2.5555287717643536,55484.7109375,48478.3626953125,-1.8348541021343312,-29.567723113019817,-6.362062527737256,13.989790058320617,37.43587274903428
2021-12-29,46444.7109375,48119.7421875,46201.49609375,47623.87109375,30049226299,-2.404227880624954,-8.613331927287549,-2.5746917235678013,2.6429465282643037,3.1848709795148515,3.154254865902015,2.290600882232435,55227.308919270836,48416.9921875,-4.073531132132557,-31.261075550895555,-8.613331927287549,13.989790058320617,-10.114006778426067
2021-12-30,47178.125,47879.96484375,46060.3125,46490.60546875,26686491018,1.579112126431248,-6.44803379446267,-0.13796597831405855,3.0410443303185977,3.1995684446325265,3.1641283132985514,2.2817529046791303,54991.62838541667,48413.733203125,-2.5521853436521247,-30.17561085934134,-7.17023396980988,13.989790058320617,-11.190754955018289
2021-12-31,46306.4453125,48472.52734375,45819.953125,47169.37109375,36974172400,-1.8476352917798256,-8.862651527196096,-6.191060048262209,2.819432851312402,3.046374043410434,3.169721365734729,2.3188540546104157,54746.662369791666,48260.930078125,-4.049828220179497,-31.465710915373833,-8.885389488260309,13.989790058320617,38.55014649569692
2022-01-01,47686.8125,47827.3125,46288.484375,46311.74609375,24582667004,2.9809396471367267,-5.832506103272406,-4.813579917122368,3.5477847261073867,3.109397439515976,3.1565175667171923,2.3188540546104157,54487.669205729166,48140.35390625,-0.9421231242571215,-29.422745120166905,-6.169317939181651,13.989790058320617,-33.513949310194704
2022-01-02,47345.21875,47881.40625,46856.9375,47680.92578125,27951569547,-0.7163274962024402,-0.5119617110984853,1.3003231563934126,2.294203226144404,2.712637260593927,3.1567493521829135,1.775536608745969,54227.25540364583,48170.7408203125,-1.7137416951752527,-29.928309402936026,-6.841452914657586,13.989790058320617,13.704381800607003
2022-01-03,46458.1171875,47510.7265625,45835.96484375,47343.54296875,33071628362,-1.87368774698079,0.028864965954977784,-0.33148873100891096,2.168766175818842,2.7476291675322053,3.1517836845180085,1.8233205258928054,53977.353515625,48163.0150390625,-3.539848678866442,-31.241234083755508,-8.586953196660973,13.989790058320617,18.317607554705372
2022-01-04,45897.57421875,47406.546875,45752.46484375,46458.8515625,42494677905,-1.2065555013512697,-2.714289262767433,-6.13363897327922,2.0224222365890916,2.505305856836726,3.1534086614674286,1.8431729568963588,53723.55182291667,48013.0576171875,-4.406058483724252,-32.07084675657919,-9.689902341819467,13.989790058320617,28.492850245702694
2022-01-05,43569.00390625,46929.046875,42798.22265625,45899.359375,36851084859,-5.073406061509756,-5.911577508867982,-8.594115772299249,2.8796226118138977,2.683912986609932,3.206354747092635,2.0897853822013426,53424.243880208334,47808.2365234375,-8.867159563832194,-35.51716853476316,-14.271700310564972,21.398331286574134,-13.280705547684512
2022-01-06,43160.9296875,43748.71875,42645.5390625,43565.51171875,30208048289,-0.9366159015892994,-9.490847836600524,-6.582410566879638,1.7932131313813664,2.614288029435456,3.174586698503047,1.9849057632547256,53088.142903645836,47656.17578125,-9.432662231195277,-36.121124988061595,-15.074645197618352,21.832973078038464,-18.02670557845897
2022-01-07,41557.90234375,43153.5703125,41077.4453125,43153.5703125,84196607520,-3.714070469186992,-12.2236554377521,-11.293517782072593,1.773929069100411,2.687611682883964,3.0519490748371805,2.1516428285164264,52654.660807291664,47391.63203125,-12.3096197312919,-38.493631420928864,-18.228832721185885,26.483834936028792,178.72243421518718
2022-01-08,41733.94140625,42228.94140625,40672.27734375,41561.46484375,28066355845,0.4235994902819673,-10.168676793731724,-10.647381666766464,2.234201041198273,2.696204806385337,3.055719695611122,2.1505786887961706,52234.02936197917,47142.9783203125,-11.4736851738786,-38.23309075713698,-17.882450473395217,27.743838108401352,-66.66569274975463
2022-01-09,41911.6015625,42663.94921875,41338.16015625,41734.7265625,21294384372,0.42569704720818446,-8.68449525731505,-10.59864843549697,2.500963410941499,2.6971915075103707,3.0453539940042424,2.1505786887961706,51849.30221354167,46894.54453125,-10.62584788605725,-37.97015084833835,-17.532878489820746,27.743838108401352,-24.12843160116357
2022-01-10,41821.26171875,42199.484375,39796.5703125,41910.23046875,32104232331,-0.21554853640055605,-4.0114348064066885,-14.539934591726722,1.7213022468278227,2.4403222924134447,3.0449147652813027,2.1511187218007,51463.823893229164,46538.776953125,-10.136740892711039,-38.103855280316225,-17.710635163247602,30.55478830717393,50.763843509906195
2022-01-11,42735.85546875,43001.15625,41407.75390625,41819.5078125,26327648900,2.1869109453241498,-0.9848588105670686,-12.117698119327658,2.1693534623692683,2.5275812902142114,3.0664449236184224,2.1465070181307544,51106.8224609375,46244.144140625,-7.586449564741771,-36.75024171670779,-15.911040036794944,30.55478830717393,-17.993214637380085
2022-01-12,43949.1015625,44135.3671875,42528.98828125,42742.1796875,33499938689,2.8389418684672707,5.753897776097983,-13.459682072899582,1.3079630933505115,2.3808915936321586,3.0958194701336583,2.1465070181307544,50764.81536458333,45902.372265625,-4.255271801252314,-34.954617847099065,-13.52380334564085,30.55478830717393,27.242424176357048
2022-01-13,42591.5703125,44278.421875,42447.04296875,43946.7421875,47691135082,-3.0888714484173407,2.0549913987313095,-16.194941893774573,2.328569466790222,2.431771825010127,3.099462639276713,2.2548943922336973,50383.560872395836,45490.841015625,-6.373306446739846,-36.96378608493397,-16.17402805638338,30.55478830717393,42.36185780739892
2022-01-14,43099.69921875,43346.6875,41982.6171875,42598.87109375,23577403399,1.1930269358978673,2.834770354643368,-14.535357121943193,2.3534154189854823,2.474453019092505,3.094296434282657,2.248277396886916,50042.59134114583,45124.3330078125,-4.486789397445435,-36.211747073557035,-15.173961631817857,30.55478830717393,-50.56229347768494
2022-01-15,43177.3984375,43724.671875,42669.03515625,43101.8984375,18371348298,0.1802778677309158,3.2426968078344665,-15.021039058567098,2.326344327232974,2.4593838150216607,3.0322308193281815,2.248277396886916,49759.52721354167,44742.7271484375,-3.498509837686914,-36.09675097131845,-14.737278700692002,30.55478830717393,-22.08069740716574
2022-01-16,43113.87890625,43436.80859375,42691.0234375,43172.0390625,17902097845,-0.1471129191397358,0.8845580212532012,-14.862711178933397,2.172990780599458,2.4615159167822784,3.0305629636904454,2.2472862160548828,49471.958333333336,44366.4001953125,-2.823130304799515,-36.19076090638968,-9.589514069010175,27.347303993886097,-2.554251573637001
2022-01-17,42250.55078125,43179.390625,41680.3203125,43118.12109375,21690904261,-2.0024366790964976,-3.864813433863923,-11.217552166190437,1.7349719273355293,2.154840150742575,2.9608355228719367,1.85342487883336,49227.09856770833,44099.4849609375,-4.192643477186309,-37.468500514652504,-11.399926801041694,21.800765651719757,21.1640359068767
2022-01-18,42375.6328125,42534.40234375,41392.21484375,42250.07421875,22417209227,0.29604828561313745,-0.506995864241766,-8.761122726063908,1.1756631207647081,2.1182082345562563,2.944062875565722,1.773744118067693,48964.699479166666,43896.0310546875,-3.4636348791837746,-37.283377082457946,-11.13762780328419,21.800765651719757,3.348431016340281
2022-01-19,41744.328125,42478.3046875,41242.9140625,42374.0390625,23091543258,-1.489782324415878,-3.1447344606070016,-11.517619394581702,1.0452355998271166,2.07527921546472,2.9166020586280683,1.8047550429592478,48665.485026041664,43624.3412109375,-4.309550663119566,-38.21771824515404,-12.461483717327514,21.800765651719757,3.008108744365079
2022-01-20,40680.41796875,43413.0234375,40672.82421875,41744.02734375,20382033940,-2.548634039729203,-5.783072994461258,-12.149555652096888,1.2135781302443134,2.103379013199421,2.9248218893084146,1.8469514692970792,48364.650716145836,43343.03984375,-6.14313597892221,-39.79232250847945,-14.692520141181586,20.315408775214404,-11.733773216137466
2022-01-21,36457.31640625,41060.52734375,35791.42578125,40699.60546875,43011992031,-10.381165615712485,-15.4394887884584,-23.548430907916106,4.140398517301542,2.877582096577288,3.155574844588763,2.966422037907148,48034.117838541664,42781.5650390625,-14.78264908503938,-46.042581222248245,-22.996836071752224,33.778985343142054,111.02894911085599
2022-01-22,35030.25,36688.8125,34349.25,36471.58984375,39714385405,-3.9143484680769114,-17.08924652517011,-26.011008239348353,4.0871847376908494,2.9322161141740244,3.158817265695452,3.0887067923917964,47658.47076822917,42165.8166015625,-16.9226334900344,-48.15466261758902,-24.598214218149106,38.31663446072331,-7.666714491212867
2022-01-23,36276.8046875,36433.3125,34784.96875,35047.359375,26017975951,3.5585092527173012,-14.392299820006372,-21.91503469438787,5.0201116550196305,3.135669831344255,3.201639943961769,3.0601592051244526,47325.07708333333,41656.7509765625,-12.914944547858376,-46.309741489733426,-20.961389997207604,38.01333908309496,-34.487275364648184
2022-01-24,36654.328125,37247.51953125,33184.05859375,36275.734375,41856658597,1.0406744495611076,-12.1932732627973,-20.138855377620292,5.323166811565509,3.174717223909403,3.19360790538021,3.0482430270265315,46981.404557291666,41194.588671875,-11.021497466667984,-45.75100068751377,-16.598231085853044,41.42045567578276,60.87592161599811
2022-01-25,36954.00390625,37444.5703125,35779.4296875,36654.8046875,26428189594,0.8175727030871549,-9.160215771043866,-15.182812107051813,5.516762465985609,3.0545873869046876,3.1075115139579044,2.8292778404687784,46704.4751953125,40863.838671875,-9.567957619008482,-45.30747567743695,-15.916360989319145,33.432810064226295,-36.86025000597111
2022-01-26,36852.12109375,38825.41015625,36374.90625,36950.515625,31324598034,-0.2757016878562668,1.0829230629611386,-14.616943238776248,2.7162285545504488,3.056308559885999,3.084527580023392,2.8221890798184512,46405.092578125,40548.3982421875,-9.115716794435059,-45.45826389012545,-16.14818100128256,33.432810064226295,18.52721853150181
2022-01-27,37138.234375,37148.32421875,35629.28125,36841.87890625,25041426629,0.7763821260712289,6.017611564290859,-10.634964036905215,1.4221449823500913,2.990624824311393,3.0184044966153425,2.697227322592994,46069.922200520836,40327.41484375,-7.908219460896737,-45.03481159971945,-15.497170466190912,33.432810064226295,-20.05826666372602
2022-01-28,37784.33203125,37952.87890625,36211.109375,37128.4453125,22238830523,1.7397102127314046,4.155623288038512,-9.46378233618863,0.7240570275267186,3.0266575141064846,3.027083150430374,2.697227322592994,45736.21829427083,40129.934375,-5.8450191366653526,-44.0785766036727,-14.027066110744224,33.432810064226295,-11.191838817818656
2022-01-29,38138.1796875,38576.26171875,37406.47265625,37780.71484375,17194183075,0.9364930838458241,4.048230150174104,-9.003287238672918,0.7175793030656799,3.0365790456150767,3.032487389627605,2.697227322592994,45421.76419270833,39941.26328125,-4.514337919292699,-43.55487634117796,-13.221935530892004,33.432810064226295,-22.683960124533932
2022-01-30,37917.6015625,38266.33984375,37437.7109375,38151.91796875,14643548444,-0.5783656346668664,2.60755954535965,-9.334152045680266,0.9442509055821228,3.036345945531761,3.0295682346626416,2.6998958334597156,45099.89375,39746.0802734375,-4.600400085639345,-43.881335538865805,-13.723830034210383,33.432810064226295,-14.834287967472982
2022-01-31,38483.125,38647.26171875,36733.57421875,37920.28125,20734730465,1.491453610450133,4.4258074103816325,-9.95120004526352,0.9018730455542915,3.008495893976185,3.0405798945698264,2.6998958334597156,44799.9822265625,39533.44375,-2.6567853704877353,-43.04435169162383,-12.43706098229752,33.432810064226295,41.59635244349384
2022-02-01,38743.2734375,39115.1328125,38113.6640625,38481.765625,20288500328,0.676006528835682,4.321796901525432,-11.84512979769744,0.9056742461161421,2.920582083549615,2.986384088504365,2.6998958334597156,44552.39934895833,39273.15234375,-1.3492140931598118,-42.65932779051851,-10.269551108824837,33.432810064226295,-2.1520903671896408
2022-02-02,36952.984375,38834.6171875,36832.73046875,38743.71484375,19155189416,-4.6209029430310355,-2.200244417613162,-13.238736905281833,2.468178454068133,3.0084519035777624,2.862847761622046,2.8071370416736667,44348.270703125,38991.223046875,-5.22742943822162,-45.30898460020022,-14.415908062432115,31.764087118732533,-5.585976753717603
2022-02-03,37154.6015625,37154.6015625,36375.5390625,36944.8046875,18591534769,0.5456046132945147,-2.5789855023478525,-13.793826323650205,2.420233047532417,2.990865958304587,2.863905725992709,2.8071370416736667,44144.699934895834,38693.9681640625,-3.9783115420873427,-45.010587897121304,-13.948957308574528,31.764087118732533,-2.94256890265564
2022-02-04,41500.875,41527.78515625,37093.62890625,37149.265625,29412210792,11.6978066100073,9.450158474801352,-3.8828727486367565,5.958226041701966,4.079104971879351,3.2449652607651602,2.8071370416736667,43993.33743489583,38610.1419921875,7.486978443118453,-38.578032813346596,-3.7412637117561043,30.89661251360929,58.2021665099036
2022-02-05,41441.1640625,41847.1640625,41038.09765625,41501.48046875,19652846215,-0.1438787435204647,7.6865874652851,-3.879759572056307,6.034632878964679,4.079103867409423,3.2443273320186146,2.8071286601845213,43839.0220703125,38526.50625,7.565331238671558,-38.66640596798031,-2.2052030565177794,30.824936060342424,-33.181336302861354
2022-02-06,42412.43359375,42500.78515625,41244.90625,41441.12109375,16142097334,2.3437312952531153,9.470444365443264,0.38314959096779067,6.0147138523470645,4.089237977167019,3.261960445194103,2.7711881354646053,43704.14934895833,38534.600390625,10.063250076075603,-37.22891133014837,0.0,30.824936060342424,-17.86381902444455
2022-02-07,43840.28515625,44401.86328125,41748.15625,42406.78125,28641855926,3.3665872045371525,18.638009616104245,3.4563550949921362,4.757780269705835,4.154175396643692,3.2169887276735882,2.7711881354646053,43640.285416666666,38607.8330078125,13.552825270920255,-35.115667890840484,0.0,33.80480014464777,77.43577760290069
2022-02-08,44118.4453125,45293.8671875,42807.8359375,43854.65234375,33079398868,0.6344852805099555,18.742883672929977,5.687280869369604,4.743838609884256,4.134410366301144,3.2165305008367473,2.751092712620332,43588.204427083336,38726.5388671875,13.923026955246431,-34.70398635425066,0.0,36.492849599870226,15.493210193728292
2022-02-09,44338.796875,44727.80078125,43232.96875,44096.703125,23245887300,0.4994545046617338,6.838221784480458,8.992972759179384,1.459511566969965,4.077408636204089,3.161683710929642,2.691418648224274,43504.475911458336,38909.4578125,13.95377722471316,-34.37786247273243,0.0,36.492849599870226,-29.726995968819246
2022-02-10,43565.11328125,45661.171875,43402.80859375,44347.80078125,32142048537,-1.7449359213132731,5.125216114940057,19.496215233717763,1.95724269185766,3.233128329354264,3.161175424145908,1.4168784109588541,43395.5888671875,39264.84765625,10.951947815122875,-35.522926722779324,-1.7449359213132731,37.599720498323805,38.2698286462053
2022-02-11,42407.9375,43810.83203125,42114.5390625,43571.12890625,26954925781,-2.656198260703335,-0.010600886035128099,21.06090450396443,2.3496888391217228,3.1446882771195304,3.0611083547503024,1.262619378503536,43323.42981770833,39633.73203125,6.999606967526106,-37.23556562172128,-4.354785224424296,37.599720498323805,-16.13812122157956
2022-02-12,42244.46875,42992.55078125,41852.57421875,42412.30078125,18152390304,-0.38546734323026133,-3.640068490801085,16.450357505043158,1.4346092201605662,3.0994841283256216,3.0612455921948882,1.2655579594026918,43250.62708333333,39932.115234375,5.790711316074848,-37.477502019412725,-4.723466292746581,37.599720498323805,-32.656500516891555
2022-02-13,42197.515625,42693.0546875,41950.94140625,42236.56640625,14741589015,-0.1111462077505676,-4.354028510963293,15.122873023606953,1.2885638575163274,3.1056286093144934,2.9895397994804744,1.2658019681539336,43138.9736328125,40209.274609375,4.9447323657050735,-37.54699340490908,-4.829362546838389,28.156309285638482,-18.78981903693646
2022-02-14,42586.91796875,42775.77734375,41681.95703125,42157.3984375,20827783012,0.9228086961576842,-3.9511196282319028,15.243041259589486,1.4100245514026533,3.105837489432169,2.977322162507761,1.2658019681539336,43054.3318359375,40490.9203125,5.176463365301531,-36.970671629037646,-3.9511196282319028,28.156309285638482,41.285874886398744
2022-02-15,44575.203125,44667.21875,42491.03515625,42586.46484375,22721659051,4.668769779745485,2.318575042440507,20.956953906677043,2.6774894178047504,3.2143123643926925,3.015795277968958,1.2642998266028642,43027.216145833336,40877.0744140625,9.046950555897105,-34.0279773936776,0.0,28.156309285638482,9.093027509979512
2022-02-16,43961.859375,44578.27734375,43456.69140625,44578.27734375,19792547657,-1.3759752216496501,3.664224120779269,18.373584837391732,2.341850583734346,3.2580302911011145,3.0150158795405986,1.3011992322767956,42979.100846354166,41218.2556640625,6.65628291817697,-34.9357360779617,-1.3759752216496501,26.097136108523333,-12.89127430098942
2022-02-17,40538.01171875,44132.97265625,40249.37109375,43937.0703125,26246662813,-7.7882230299773365,-4.039480390554084,7.287887702295581,4.541394060102277,3.7824523748329364,3.175761740109016,2.1739227999888104,42876.28411458333,41355.9396484375,-1.977776195246972,-40.00308606502312,-9.057034232527684,25.52713458499005,32.608814528822826
2022-02-18,40030.9765625,40929.15234375,39637.6171875,40552.1328125,23310007704,-1.2507647384577658,-5.134281083639037,4.962997422817161,4.530731666019083,3.798286801412338,3.177841255284676,2.1918396295942038,42762.1291015625,41450.5794921875,-3.424808403354318,-40.75350630868466,-10.194516780454943,25.52713458499005,-11.188679985424555
2022-02-19,40122.15625,40418.87890625,39713.05859375,40026.0234375,13736557863,0.22777282826873524,-5.787602945483461,5.814066809753804,4.468580233730412,3.7926416453168037,3.1206614657314784,2.188020937169358,42615.221484375,41560.8072265625,-3.4615568670741004,-40.618558894353896,-9.989964291385379,25.52713458499005,-41.07012731427453
2022-02-20,38431.37890625,40119.890625,38112.8125,40118.1015625,18340576452,-4.214073972532317,-13.783053778849153,-0.134464375619181,3.179825324607111,3.9148634901410366,3.1614645114534423,2.382300693403373,42445.269270833334,41558.219921875,-7.524001320323947,-43.120936748501535,-13.783053778849153,25.52713458499005,33.516537657524225
2022-02-21,37075.28125,39394.4375,36950.4765625,38423.2109375,29280402798,-3.5286208687907883,-15.664892756825077,-4.305243309372853,3.069035260787903,3.9924284512357797,3.124494421706225,2.5095646745149813,42216.781640625,41474.8203125,-10.607735077212698,-45.12798324436663,-16.825322935642816,25.52713458499005,59.648214300303714
2022-02-22,38286.02734375,38359.85546875,36488.93359375,37068.76953125,25493150450,3.2656423712227323,-5.555241314310422,3.6074027343021564,3.0182859388070638,3.9158886332825706,3.160952117059347,2.286980029455404,42007.8455078125,41541.4724609375,-7.836614651174623,-43.336059415250226,-14.10913543930149,25.52713458499005,-12.934427077822475
2022-02-23,37296.5703125,39122.39453125,37201.81640625,38285.28125,21849073843,-2.5843815613622922,-6.830725814871885,0.38210273836791764,3.0929406802574166,3.9656263570932597,3.1729936614934497,2.3588618140669686,41788.957356770836,41548.5708984375,-10.233807069637157,-44.80047184766378,-16.328883105902836,25.137041228360445,-14.294336096855375
2022-02-24,38332.609375,38968.83984375,34459.21875,37278.56640625,46383802093,2.7778400368163814,-4.460246014320335,-7.634214037655829,3.591642820528685,2.967733331460187,3.196705693372728,2.3588618140669686,41581.00891927083,41390.1576171875,-7.3871384363074615,-43.26711725451445,-14.004633321567173,32.50785575340416,112.29184553220972
2022-02-25,39214.21875,39630.32421875,38111.34375,38333.74609375,26545599159,2.2998939789759643,2.0369808891314234,-5.3737518307676035,3.232862793805241,3.02655740850026,3.2159069779789804,2.3586424068140253,41390.572265625,41278.8103515625,-5.001577283789982,-41.96232110015154,-12.026831061131594,32.50785575340416,-42.76967829033118
2022-02-26,39105.1484375,40005.34765625,38702.53515625,39213.08203125,17467554129,-0.2781397053842838,5.47498796789303,-7.797914139822836,2.4707672321538747,2.9652980628347696,3.129136060306335,2.3594622455142233,41249.1771484375,41113.44609375,-4.8847709133175705,-42.123746929255454,-12.271519374035378,32.50785575340416,-34.197928536573215
2022-02-27,37709.78515625,39778.94140625,37268.9765625,39098.69921875,23450127612,-3.568234201898368,-1.5050978842130247,-13.983713787787755,2.8340985888070356,2.911227561410808,3.146101389931612,2.490718140213157,41103.595052083336,40806.92109375,-7.589731973124437,-44.18890718610302,-15.401877024536837,32.50785575340416,34.24963471598812
2022-02-28,43193.234375,43760.45703125,37518.21484375,37706.0,35690014104,14.541183928864609,15.810204565977815,-2.0971068471396515,6.846659140976472,4.484688680010591,3.6773523589453263,2.490718140213157,41037.18020833333,40760.660546875,5.96794506145828,-36.07331352732491,-3.1003083623076577,32.50785575340416,52.19539396338531
2022-03-01,44354.63671875,44793.6015625,42952.5859375,43194.50390625,32479047645,2.6888524570001016,15.709933244663187,0.03572456824811887,6.8479985814641955,4.524430369488317,3.6870537457078987,2.490718140213157,41004.650065104164,40761.4525390625,8.815152443951991,-34.35441924742564,-0.4948186228820428,32.50785575340416,-8.996820370099346
2022-03-02,43924.1171875,45077.578125,43432.8515625,44357.6171875,29183112630,-0.9706302725009275,12.010690478182728,0.8240628319552856,7.099490545453743,4.5111478766929265,3.66803548222991,2.4695228166200804,40941.9384765625,40779.402734375,7.7115265115792475,-34.99159512676917,-1.4606460360353068,30.814277746793085,-10.147880723058677
2022-03-03,42451.7890625,44021.578125,41914.75,43925.1953125,24967782593,-3.351981142193561,8.558056314116257,0.10340413867098164,7.519010186964925,4.536410381664003,3.6915884633019798,2.5114860861012285,40860.38131510417,40781.5953125,4.095459574844207,-37.1706645989607,-4.763666598546767,30.814277746793085,-14.444415475635985
2022-03-04,39137.60546875,42479.61328125,38805.84765625,42458.140625,28516271427,-7.806935036049167,3.7863390273475295,-7.354485387510046,8.464618913949113,4.869455600300277,3.8168146301400827,3.0573754823213686,40738.372786458334,40626.2521484375,-3.6642481178140285,-42.07570999730128,-12.198705277913414,30.814277746793085,14.212270636299351
2022-03-05,39400.5859375,39566.3359375,38777.03515625,39148.44921875,16975917450,0.671938064683042,-8.780653943561035,-6.628185678881426,4.044420463744072,4.873961733645121,3.816246459292942,3.0572744668944845,40630.0896484375,40486.4056640625,-2.6819365877330026,-41.68649464407576,-11.608734957391176,30.814277746793085,-40.469365030918006
2022-03-06,38419.984375,39640.17578125,38211.6484375,39404.19921875,19745229902,-2.4887994408395286,-13.38000439814503,-9.784538991076241,3.1965332989528426,4.89106403637468,3.7744740804487233,3.1075123972015155,40544.27265625,40278.058984375,-4.613118546988071,-43.137800839307936,-13.808616267522622,30.814277746793085,16.3131828377264
2022-03-07,38062.0390625,39430.2265625,37260.203125,38429.3046875,28546143503,-0.9316643885282638,-13.345921330590205,-14.611630695737855,3.2021182796657635,4.743490331161829,3.774456432570306,3.11448763449202,40459.29114583333,39952.40078125,-4.731534730791854,-43.66756569942213,-14.18701205051226,30.814277746793085,44.57235314392847
2022-03-08,38737.26953125,39304.44140625,37957.38671875,38059.90234375,25776583476,1.7740259990833174,-8.749971705035254,-11.884369583150733,3.747876245946912,4.771492186915796,3.7528216605458224,3.0992527865396857,40412.280598958336,39691.1712890625,-2.4033096702171686,-42.66821366901334,-12.664667333698109,30.814277746793085,-9.70204618605991
2022-03-09,41982.92578125,42465.671875,38706.09375,38742.81640625,32284121034,8.378639716414904,7.270041890457213,3.564343689386429,4.180255255753152,4.8452492639026135,3.907147592812414,2.563697902764781,40416.430338541664,39763.4169921875,5.581785864878208,-37.86458984935517,-5.347154464456272,30.814277746793085,25.24592742889693
2022-03-10,39437.4609375,42004.7265625,38832.94140625,41974.0703125,31078064711,-6.063095404577135,0.09358997873405439,-1.4826408845493688,5.410232853601516,5.040942240608856,3.986515951824775,2.886586671025537,40375.194661458336,39733.7412109375,-0.7456641745981485,-41.63191904681407,-11.086046792423321,30.814277746793085,-3.7357570358810266
2022-03-11,38794.97265625,40081.6796875,38347.43359375,39439.96875,26364890465,-1.6291319622939393,0.9760240337161719,-3.3078570989065414,5.318941086981445,5.0544222334129225,3.9918377435513097,2.909482111453974,40324.756510416664,39667.38203125,-2.199311702276485,-42.582812109400024,-12.534572423067026,30.814277746793085,-15.16559763237697
2022-03-12,38904.01171875,39308.59765625,38772.53515625,38794.46484375,14616450657,0.2810649293818468,2.2121060168832196,1.2298096658278856,5.275883765501819,4.958587553302891,3.9813210113767594,2.7526651057787546,40260.89244791667,39691.013671875,-1.982821501186982,-42.421432530802264,-12.288737780814385,30.814277746793085,-44.56092781267695
2022-03-13,37849.6640625,39209.3515625,37728.14453125,38884.7265625,17300745310,-2.7101257933814904,-2.291347530403387,2.0886768391001675,5.395211183877571,4.92971500628317,3.976819242394251,2.705890983315154,40159.23515625,39729.7328125,-4.732145466149429,-43.981884139244556,-14.665823321917005,30.814277746793085,18.36488704399968
2022-03-14,39666.75390625,39742.5,37680.734375,37846.31640625,24322159070,4.80080837903738,-5.516937735755489,3.60634586112365,4.007032445199778,4.991285634988829,4.00905376435697,2.705890983315154,40110.48821614583,39798.769140625,-0.33170682718487443,-41.292561739222535,-10.569093017773035,30.814277746793085,40.584458265746235
2022-03-15,39338.78515625,39794.62890625,38310.2109375,39664.25,23934000868,-0.8268101563720931,-0.2502082509986625,5.475610295098776,2.9072241331598176,4.953313538182705,4.006997512175101,2.649919878521761,40047.806315104164,39900.8798828125,-1.4087276476442478,-41.777960801308524,-11.308516839637772,30.814277746793085,-1.5959035580799696
2022-03-16,41143.9296875,41465.453125,39022.34765625,39335.5703125,39616916192,4.588714481344902,6.054797491580577,7.334017585386454,3.342421242520429,5.01562143321182,4.051913375161495,2.649919878521761,40013.91516927083,40041.4458984375,2.7533565892172707,-39.106317657263865,-7.238717908138659,20.980494856065015,65.52567374963296
2022-03-17,40951.37890625,41287.53515625,40662.87109375,41140.84375,22009601093,-0.467993171076464,5.262611995649946,4.429924174506228,3.4114771798423673,5.000636013878862,4.052321252007654,2.6519853398903797,39977.87350260417,40128.30390625,2.0511083696009402,-39.391295932244866,-7.672834373731541,20.980494856065015,-44.44393151063968
2022-03-18,41801.15625,42195.74609375,40302.3984375,40944.83984375,34421564942,2.0750884742987363,10.439966338869011,6.894252854733196,2.675242396576798,5.013203668005301,4.052469299969536,2.6512559586369497,39970.38359375,40263.104296875,3.82000340009645,-38.13361169971304,-5.756964001174126,20.980494856065015,56.39340666172971
2022-03-19,42190.65234375,42316.5546875,41602.66796875,41794.6484375,19664853187,0.9317830622209256,6.362755176450996,11.882505214319261,2.190500660979063,4.923585548629896,4.0539234478103525,2.5283479571111385,39967.3005859375,40487.14765625,4.207519635523216,-37.557151172323145,-4.878823354414308,20.980494856065015,-42.87054287004357
2022-03-20,41247.82421875,42241.1640625,41004.7578125,42191.40625,20127946682,-2.2346848712323064,4.852816514077585,-4.5039696248725285,2.581435493720066,3.7183091967924153,4.0599243011538535,2.577253230847484,39959.02552083333,40389.8771484375,2.12416360455725,-38.952552068241694,-7.004481898251369,20.980494856065015,2.3549298364766935
2022-03-21,41077.99609375,41454.41015625,40668.04296875,41246.1328125,24615543271,-0.4117262624553253,-0.16025108503437968,-7.387368869182664,1.6243653983205464,3.657214739026278,4.0460032938750015,2.5788970785344585,39965.65182291667,40226.0451171875,2.1179088674528446,-39.20390044393548,-6.4796318651111235,20.980494856065015,22.295352128556466
2022-03-22,42358.80859375,43124.70703125,40948.28125,41074.10546875,32004652376,3.1180014163224357,3.436831005671448,-3.5636654621153285,2.0999726395149163,3.7324071007205704,3.8227207570210493,2.569747844707493,40064.010026041666,40147.7796875,5.507225862700449,-37.308277198708595,-0.21902603118353348,18.14637182013483,30.01806226111303
2022-03-23,42892.95703125,42893.5078125,41877.5078125,42364.37890625,25242943069,1.2610091153007819,2.611891342718531,1.0392211458991385,1.995234616919419,3.6637562888196937,3.7837377895224096,2.45801039592955,40195.05514322917,40169.8380859375,6.779013994248073,-36.5177288596452,0.0,15.739323499058354,-21.127269959259255
2022-03-24,43960.93359375,44131.85546875,42726.1640625,42886.65234375,31042992291,2.4898646221148013,4.195908694600314,12.324024597905602,2.1856919480055583,3.1839268100242695,3.771144201407393,1.7304344465027104,40323.12395833333,40411.0044921875,8.784560409154874,-34.937106249206515,0.0,18.4423373128082,22.976913611641603
2022-03-25,44348.73046875,44999.4921875,43706.28515625,43964.546875,30574413034,0.8821397620525806,7.51774501742184,12.558555700412931,1.386196247390121,3.184418231082719,3.770735278462896,1.7304344465027104,40451.363997395834,40658.41171875,9.076396725792835,-34.363160593088736,0.0,20.770925581206146,-1.5094526088448301
2022-03-26,44500.828125,44735.99609375,44166.2734375,44349.859375,16950455995,0.3429583093865096,8.332519491550316,15.827293656987585,1.1516089945500203,3.099770199046827,3.770312826047272,1.6385045745456386,40577.14440104167,40962.45390625,8.638091425987838,-34.13805359832407,0.0,20.770925581206146,-44.55999539173361
2022-03-27,46820.4921875,46827.546875,44437.29296875,44505.35546875,28160889722,5.212631225612729,10.53307149533076,23.010992949216757,1.942637300330617,3.2229743679420575,3.8204208061946363,1.6252068527311827,40743.283919270834,41400.3765625,13.09194764646049,-30.70491321439399,0.0,24.27450699068283,66.13647284950224
2022-03-28,47128.00390625,48086.8359375,46690.203125,46821.8515625,36362175703,0.65678873583499,9.87352509157744,21.66062419095145,2.020274384859882,3.220169309437692,3.820289322445437,1.6252068527311827,40909.780078125,41819.91328125,12.692734653230108,-30.249790889899053,0.0,27.61650412366732,29.122964728607094
2022-03-29,47465.73046875,48022.2890625,47100.4375,47100.4375,31397059069,0.7166154611000009,7.97252603274623,13.059605983794187,2.04996726354564,2.716798273018991,3.8167975808771337,1.6252068527311827,41071.13671875,42094.053515625,12.761130146639532,-29.749950107266486,0.0,27.61650412366732,-13.65461922453216
2022-03-30,47062.6640625,47655.1484375,46746.2109375,47456.8984375,29333883962,-0.8491735032190584,6.119529386894973,19.33492406391053,2.3217615453943594,2.2484408508556224,3.819906177306196,0.9161308868511334,41219.878125,42475.313671875,10.800038879200802,-30.34649491695375,-0.8491735032190584,27.61650412366732,-6.571236823378412
2022-03-31,45538.67578125,47512.02734375,45390.5390625,47062.1484375,33327427106,-3.2382108229702333,2.3321985229909803,17.38293047595065,3.08524257430208,2.3696515503014464,3.847037827120849,1.1094560473557917,41346.89602864583,42812.498828125,6.367712765539579,-32.60202225713108,-4.05988629790226,27.61650412366732,13.614096071196569
2022-04-01,46281.64453125,46616.2421875,44403.140625,45554.1640625,38162644287,1.6315115388267687,-1.150879948233141,18.963681344318296,1.9091553359176092,2.3723971384140845,3.847768163131566,1.1094560473557917,41476.871354166666,43181.38046875,7.179631658009722,-31.50241647332028,-2.4946122724890274,27.61650412366732,14.508222208757026
2022-04-02,45868.94921875,47028.28125,45782.51171875,46285.5,29336594194,-0.8917040798352427,-2.6715637904049405,21.187202990779518,1.8569610372126182,2.2589536517087367,3.8510383502032615,0.9504790573792224,41595.6326171875,43582.3447265625,5.246630273184594,-32.113212220216234,-3.3640717929144137,27.61650412366732,-23.127459477451808
2022-04-03,46453.56640625,47313.4765625,45634.10546875,45859.12890625,25414397610,1.2745379989237415,-2.1324101673024454,17.1095737151576,1.9639895697734904,2.07601800263989,3.7968127188652887,0.9504790573792224,41753.97565104167,43921.6853515625,5.764535295996853,-31.247969313714176,-2.1324101673024454,25.519632392392122,-13.369638472901457
2022-04-04,46622.67578125,46791.08984375,45235.81640625,46445.2734375,32499785455,0.3640395949819908,-0.9348987993235802,18.51579960100207,1.9718067392470429,2.0433291514899707,3.7968084736566468,0.9323248826361403,41911.77688802083,44285.8798828125,5.276616168903114,-30.99768469966193,-1.7761333896568643,23.228967055236073,27.879424701422217
2022-04-05,45555.9921875,47106.140625,45544.80859375,46624.5078125,29640604055,-2.287907280900814,0.03802571320514758,10.723483472558136,1.6160770777788458,1.9620574713943157,3.5131678550243812,1.0634639970786226,41979.36217447917,44506.4830078125,2.3581040530730624,-32.5763936954085,-4.023404385417207,19.315072555971867,-8.797539306709867
2022-04-06,43206.73828125,45544.35546875,43193.953125,45544.35546875,39393395788,-5.156849392240015,-6.643900149061865,5.507407650822205,2.5202874697712367,2.3325755215989283,3.5808044167760498,1.565138835818101,42008.788411458336,44619.2509765625,-3.165702391674974,-36.05332752735313,-8.972772873060475,19.315072555971867,32.90348508047638
2022-04-07,43503.84765625,43860.69921875,42899.90625,43207.5,26101973106,0.6876459247305178,-5.1562148311285245,4.073311743021457,2.684099844673554,2.297190792883633,3.569828447996908,1.565138835818101,42026.97864583333,44704.385546875,-2.6855036165661317,-35.61360084009419,-8.346827855326877,18.24231614599878,-33.74023085882032
2022-04-08,42287.6640625,43903.01953125,42183.2890625,43505.13671875,27215995394,-2.795577079433975,-8.967884849395558,0.229936522335783,2.416712491296713,2.386299009181257,3.5630040664098392,1.6853551957195465,42001.10162760417,44709.2361328125,-5.416268046090112,-37.41357225728139,-10.909062928377523,18.24231614599878,4.267961979257118
2022-04-09,42782.13671875,42786.81640625,42183.25390625,42282.078125,16050772496,1.1693070951357853,-8.237491731533197,3.719741656827913,2.6185295532953963,2.33649966630707,3.5652836915255497,1.6095748855064629,41978.829817708334,44785.9517578125,-4.474204433342099,-36.68174471709374,-9.867316280076077,18.24231614599878,-41.02448849054946
2022-04-10,42207.671875,43376.37890625,42021.20703125,42781.08984375,17654475582,-1.3427680050824398,-7.349900971795186,2.750075195177004,2.5974035873882553,2.358683202319546,3.568928068911321,1.6347497307132446,41943.31106770833,44842.435546875,-5.875603409455343,-37.53196199040904,-11.077589119189357,17.433099679855314,9.991438645084894
2022-04-11,39521.90234375,42424.58984375,39373.05859375,42201.0390625,33949912166,-6.3632259538124565,-8.528382571981997,-6.69732304609385,3.0415116934392175,2.6661118620873774,3.6554975440266824,2.167242235891191,41875.92421875,44700.590234375,-11.585278546596367,-41.50694439787276,-16.735923047112855,22.13131937159998,92.30201434368497
2022-04-12,40127.18359375,40617.5859375,39388.328125,39533.71484375,30991500854,1.5315083892861292,-7.761759578557392,-6.448082922995901,3.2268932911017054,2.6751813071285455,3.645783935611315,2.167242235891191,41837.91165364583,44562.3015625,-9.952623211190314,-40.611118344176376,-15.46072672331773,22.13131937159998,-8.714047027676186
2022-04-13,41166.73046875,41430.0546875,39712.74609375,40123.5703125,27691105228,2.5906300465151855,-2.6507342474469398,-6.356105060965445,3.589979898956638,2.680797714435682,3.661049173216942,2.167242235891191,41819.94934895833,44422.59140625,-7.329290873026196,-39.07257213171127,-13.270626908706419,22.13131937159998,-10.649357194890497
2022-04-14,39935.515625,41451.48046875,39695.74609375,41160.21875,24342001973,-2.9908006531745968,-6.653760920039364,-9.951163871217773,3.5934043822991857,2.7308381870375533,3.6816384053417957,2.268079217395664,41782.249348958336,44201.9306640625,-9.652101107274081,-40.89479004235853,-15.86452956561506,22.13131937159998,-12.094509148062238
2022-04-15,40553.46484375,40617.72265625,39866.83203125,39939.40234375,21756855753,1.5473675726454417,-3.919209370630561,-8.870314211147058,3.8135161946464926,2.7631896295139353,3.6852483330742265,2.268079217395664,41748.35846354167,44004.5625,-7.842590541037653,-39.98021518972998,-14.5626445790207,22.13131937159998,-10.620105211015218
2022-04-16,40424.484375,40633.6796875,40078.42578125,40552.31640625,16833150693,-0.3180504286056762,2.2837514839230355,-13.660701786060226,2.2012913638840894,2.425192890821622,3.6336788060908565,2.269193940618329,41679.17981770833,43684.762109375,-7.46319214515151,-40.171108372567254,-14.834378454126485,22.13131937159998,-22.630591092286313
2022-04-17,39716.953125,40570.7265625,39620.89453125,40417.77734375,19087633042,-1.7502542356175654,-1.022325595793605,-15.72536531781089,2.293766393723143,2.4138485893070847,3.6362286353539037,2.3026963835043044,41608.431380208334,43314.2095703125,-8.305026181934661,-41.21826608239944,-16.324993352523165,21.96738271718357,13.39310976368504
2022-04-18,40826.21484375,40986.3203125,38696.19140625,39721.203125,33705182072,2.7929174608607443,-0.8271621795626682,-13.988019481489399,2.3558877487802663,2.525635774787233,3.511750609838739,2.3026963835043044,41613.234765625,42982.2337890625,-5.016070025334818,-39.57654077201808,-13.251373127683319,23.152038238582296,76.58125550630544
2022-04-19,41502.75,41672.9609375,40618.6328125,40828.17578125,25303206547,1.6571096753378534,3.924412519714404,-11.813853238559425,1.8040054789855626,2.580458322852924,3.5132627466318658,2.2948542116385817,41637.764322916664,42704.2380859375,-2.8135101802299722,-38.57525778297737,-10.98162148666091,22.78217989193663,-24.92784494399689
2022-04-20,41374.37890625,42126.30078125,40961.09765625,41501.74609375,27819532341,-0.3093074404708074,2.02427601602706,-9.144527818515524,1.7991412301346799,2.5045157385625245,3.5136667457281696,2.178724154318712,41658.63470052083,42496.0232421875,-2.6394101150245874,-38.76524908094463,-11.256961954789135,22.269078281585575,9.944691354931612
2022-04-21,40527.36328125,42893.58203125,40063.828125,41371.515625,35372786395,-2.0471984048854197,0.2544965207116556,-12.433182330231652,2.113818597706052,2.4787077773396695,3.4794311910243114,2.226295130044545,41693.5677734375,42208.3091796875,-3.982499965306463,-40.01884592499509,-13.073708014097551,22.269078281585575,27.150902327959447
2022-04-22,39740.3203125,40777.7578125,39315.41796875,40525.86328125,28011716745,-1.9420038833716236,0.05883429030031362,-13.361171360221135,2.156378932322214,2.495569857630804,3.456981308910971,2.2594694403580324,41737.985091145834,41901.877734375,-5.158617080546069,-41.18368226642281,-14.761819980134739,22.269078281585575,-20.809979648763267
2022-04-23,39486.73046875,39935.859375,39352.203125,39738.72265625,16138021249,-0.63811726165236,-3.2809418657264056,-14.997418877536738,1.5050108667806217,2.452830081341102,3.4344561754814165,2.263970369482069,41757.996809895834,41553.5359375,-4.9738377784712355,-41.55899934254905,-15.305739520359808,21.733273774823413,-42.388317731791346
2022-04-24,39469.29296875,39845.92578125,39233.5390625,39478.375,17964398167,-0.04416040475622163,-4.899571790423529,-15.343140848592906,0.9361579261245755,2.444492973747033,3.416310893186257,2.263991903907827,41794.20885416667,41195.866796875,-4.191133631532118,-41.58480712498297,-13.36091900643559,21.733273774823413,11.317229602192857
2022-04-25,40458.30859375,40491.75390625,38338.37890625,39472.60546875,35445730570,2.5057850055308917,-2.214100457134882,-11.189929905969077,1.8515166583347813,2.524672052899288,3.412943596867185,2.2054326910291864,41829.63717447917,40940.9826171875,-1.1789507544327282,-40.12104798096884,-7.000620006222514,18.795725766394543,97.31098275873569
2022-04-26,38117.4609375,40713.890625,37884.984375,40448.421875,34569088416,-5.785826787162362,-5.946358580068156,-11.778897334535765,3.039862915026596,2.5880582251808733,3.4853209744279066,2.282119223989011,41811.35787760417,40686.51875,-6.314272863416226,-43.585540426758044,-12.381403045797402,15.88501422273585,-2.4731953324216627
2022-04-27,39241.12109375,39397.91796875,37997.3125,38120.30078125,30981015184,2.9478882606909007,-1.256152982221892,-9.798504712002398,3.487410391562122,2.6940663561459908,3.50560590543061,2.282119223989011,41813.62408854167,40473.382421875,-3.0446215620935857,-41.92250519566624,-8.276855474233692,15.88501422273585,-10.379426812826487
2022-04-28,39773.828125,40269.46484375,38941.421875,39241.4296875,33903704907,1.3575224570606004,0.7270737608352063,-5.944608181205324,3.538963782976457,2.666041167470604,3.476636376132927,2.194836119656175,41848.0248046875,40347.690625,-1.4222932988497528,-41.1340901611992,-7.031693188974264,14.494910376348802,9.433808755593676
2022-04-29,38609.82421875,39887.26953125,38235.53515625,39768.6171875,30882994649,-2.926557389929385,-2.177563075884048,-9.752464042244558,3.8121351357573494,2.706538349522667,2.9409582617978947,2.290314934670534,41771.63463541667,40139.075,-3.809880474948657,-42.8568347957358,-8.52415567223228,14.494910376348802,-8.909675996431654
2022-04-30,37714.875,38771.2109375,37697.94140625,38605.859375,23895713731,-2.317931347419566,-6.7808904749265935,-10.644502943222333,3.4964760468896747,2.731635220520377,2.9302270140872437,2.3289550211991537,41660.971940104166,39914.43515625,-5.510688420466304,-44.181374134913185,-9.126804850281001,13.782292696063791,-22.62501094020767
2022-05-01,38469.09375,38627.859375,37585.7890625,37713.265625,27002760110,1.9997911964443782,0.9224979939680633,-2.6638611284269142,2.6572823827885146,2.41235565756429,2.94252587856146,1.843773105293905,41570.0548828125,39861.7947265625,-3.4938240641594898,-43.06511816888696,-7.3095306937492115,14.121808005477465,13.00252595079099
2022-05-02,38529.328125,39074.97265625,38156.5625,38472.1875,32922642426,0.1565786170879102,-1.8138955995917416,-3.9819776162882126,2.1911811869332247,2.3826126944003354,2.913095941929457,1.843773105293905,41504.68053385417,39781.901953125,-3.1486021699035582,-42.97597031827517,-7.164397238737196,14.121808005477465,21.923248926718706
2022-05-03,37750.453125,38629.99609375,37585.62109375,38528.109375,27326943244,-2.0215120218891713,-5.087202050657524,-8.29863655638945,2.050979689988771,2.3232303298461234,2.7452416870492278,1.898374253548876,41481.561328125,39611.0880859375,-4.697257891277307,-44.128717933656894,-9.04108010914939,14.122318011614944,-16.99650687084858
2022-05-04,39698.37109375,39902.94921875,37732.05859375,37748.01171875,36754404490,5.1599856624237495,2.8193520613631007,-0.5938186287033798,3.0958055969721525,2.549853764503696,2.8244999454007225,1.776676779604487,41486.5244140625,39599.230859375,0.25035898986793814,-41.24576778962125,-4.347612884085994,14.122318011614944,34.498777129307825
2022-05-05,36575.140625,39789.28125,35856.515625,39695.74609375,43106256317,-7.8674020689017965,-3.021975745644123,-9.810072293645533,4.88129205057879,3.06616273931754,2.9871654169439017,2.5002762137159538,41455.777018229164,39400.3146484375,-7.170435182170665,-45.86819947010795,-11.872970766997371,19.62562810019275,17.281879315248293
2022-05-06,36040.921875,36624.359375,35482.1328125,36573.18359375,37795577489,-1.4606061408683924,-6.3120069601327655,-10.843830336425908,4.676712356527344,3.0738260295339463,2.990626216454759,2.52051420469199,41422.09173177083,39181.1365234375,-8.014608372983446,-46.65885187281018,-13.160159567739482,20.887834612182665,-12.31997227721584
2022-05-07,35501.953125,36129.92578125,34940.82421875,36042.50390625,24375896406,-1.4954355270636377,-7.857326217001093,-10.61259655727934,4.614269249918269,3.0690116856003176,2.986671614822378,2.512297500768856,41368.16979166667,38970.3865234375,-8.90017705200722,-47.45653435244782,-14.458793393208879,22.760647438397807,-35.505955920122275
2022-05-08,34059.265625,35502.94140625,33878.96484375,35502.94140625,36763041910,-4.063684876492268,-9.777862765720114,-16.57501006313824,4.7560813135001085,3.063131985213453,2.8149264770843474,2.671575466113776,41236.1087890625,38632.0390625,-11.836738490821153,-49.59173521955231,-17.934918469258065,26.608301726677517,50.81718964374564
2022-05-09,30296.953125,34222.07421875,30296.953125,34060.015625,63355494961,-11.046369999353145,-23.682125260374054,-27.00013101541464,4.192024209954565,3.7536832021281765,3.051191534663575,3.6384653329764594,41083.7669921875,38071.74921875,-20.42143125359994,-55.16001865745419,-26.77363642448938,41.577213570877845,72.33474617280385
2022-05-10,31022.90625,32596.30859375,29944.802734375,30273.654296875,59811038817,2.396125848050934,-15.180350041374579,-25.019040599268816,4.988420226161285,3.846153359065458,3.0677291702330067,3.6378079147523676,40954.23255208333,37554.1755859375,-17.391592902875995,-54.08559627424423,-23.451950143638488,43.24215928799726,-5.594552052954327
2022-05-11,28936.35546875,32013.40234375,28170.4140625,31016.18359375,70388855818,-6.725839173272163,-19.7124991166725,-28.600448867253558,5.101321715751748,4.028332608496931,3.1757501064171887,3.9097239018149113,40788.10494791667,36974.6251953125,-21.73996270172216,-57.17372522620545,-28.478583325601292,44.7538460813137,17.685392546623824
2022-05-12,29047.751953125,30032.439453125,26350.490234375,28936.734375,66989173272,0.3849706798608521,-18.179848159762336,-26.906095057345926,5.409373746377296,4.051188319630154,3.1633862833102175,3.885533687187809,40641.406412760414,36439.99677734375,-20.28607430836771,-57.00885662504969,-28.20324684158374,54.50904428293146,-4.829859082793364
2022-05-13,29283.103515625,30924.802734375,28782.330078125,29030.91015625,42841124537,0.8102229834508146,-14.023091871567617,-25.840647812561247,5.7789652883823495,4.079765176112031,3.093586143860594,3.8829128695208133,40468.34557291667,35929.8154296875,-18.49915407183128,-56.66053250057755,-27.621533046122803,54.50904428293146,-36.047688836150115
2022-05-14,30101.265625,30192.802734375,28702.91015625,29285.642578125,28579868620,2.7939733537411415,-0.6458982828821958,-23.73497632999705,3.858953488819827,4.177659264648438,3.121425612029618,3.882900313582998,40314.3869140625,35461.4140625,-15.115439074293125,-55.449639326990386,-25.599297965585134,54.50904428293146,-33.288705819762455
2022-05-15,31305.11328125,31308.19140625,29527.740234375,30098.5859375,25835372065,3.9993257135678917,0.9096730943768394,-22.623771558047746,4.169040979512879,4.261032047176797,3.1063640921280355,3.882900313582998,40150.406640625,35003.754296875,-10.56641234610426,-53.667925297107466,-21.292179412891254,54.50904428293146,-9.602901229151971
2022-05-16,29862.91796875,31305.341796875,29251.884765625,31304.375,32613897286,-4.606900155712879,3.202070492258935,-21.655542540686834,3.299320094658081,4.201781275009023,3.1533695155654446,3.8031962501172663,39965.598958333336,34591.0271484375,-13.668600123951713,-55.802397718740025,-24.918170122076976,52.82245030575288,26.237381849758947
2022-05-17,30425.857421875,30694.490234375,29570.302734375,29862.408203125,29101473475,1.8850785235190015,4.744275808241127,-22.464352256436992,3.3342242289904336,4.153991610509101,3.1508598148703375,3.8031962501172663,39776.01064453125,34150.26396484375,-10.905937789537635,-54.969238210225654,-23.502818671983185,52.82245030575288,-10.769715070231001
2022-05-18,28720.271484375,30618.716796875,28720.271484375,30424.478515625,31285268319,-5.605711989808215,-1.9220368187739423,-27.791030337553156,4.459012646541765,4.221428718968542,3.213694307888926,4.004435298833035,39551.504296875,33597.5861328125,-14.516860315968227,-57.49353302297702,-27.653778497484403,51.431525045008144,7.504069668073732
2022-05-19,30314.333984375,30430.751953125,28708.955078125,28720.359375,33773447707,5.550304428240649,0.7078385408420873,-21.485439009967,5.067120445228929,4.490548271477941,3.3019804317471584,3.9506031380932836,39369.279459635414,33182.81162109375,-8.64446831532295,-55.13429470406267,-23.638342961765492,51.431525045008144,7.953198171833775
2022-05-20,29200.740234375,30664.9765625,28793.60546875,30311.119140625,30749382605,-3.6734890846488066,-6.72213841863144,-22.57500459864974,4.800497501221047,4.519972593366401,3.327968586189274,4.001668523365808,39171.3251953125,32757.1048828125,-10.856773396673114,-56.78243149085963,-26.443480097922002,51.431525045008144,-8.9539721506526
2022-05-21,29432.2265625,29588.869140625,29027.39453125,29199.859375,17274840442,0.7927413013061102,-1.442228139596724,-23.491240127017555,4.463334390553694,4.483308978357197,3.2983942977770955,4.001668523365808,38955.882161458336,32305.2615234375,-8.893396386384644,-56.439827975867416,-25.86036718485478,51.431525045008144,-43.820529134165355
2022-05-22,30323.72265625,30425.861328125,29275.18359375,29432.47265625,21631532270,3.028979448282265,-0.33568409990499815,-21.29703752458051,4.6240090889816825,4.575194633250572,3.322657052783894,4.001668523365808,38746.394921875,31894.98125,-4.926350579842397,-55.12039931762003,-23.614692943852088,51.431525045008144,25.219867255084203
2022-05-23,29098.91015625,30590.5859375,28975.560546875,30309.396484375,31483454557,-4.039123144227663,1.318367314462865,-22.917719530684444,4.179334339260857,4.618890275943562,3.3292933866619725,4.077346099716865,38498.69453125,31462.4041015625,-7.512121253299664,-56.933141655819,-26.699989559946324,51.431525045008144,45.54426456725527
2022-05-24,29655.5859375,29774.35546875,28786.58984375,29101.125,26616506245,1.9130468401079792,-2.173057957382607,-25.297726026424062,3.259201107145847,4.437482800954601,3.3398706250241994,4.077346099716865,38253.8087890625,30960.26484375,-4.214043106008436,-56.109252483131854,-18.918737069107305,51.00015558000397,-15.458749303347618
2022-05-25,29562.361328125,30157.78515625,29384.94921875,29653.134765625,27525063551,-0.3143576713387941,1.2383970092795904,-19.173622239148948,2.715448828952958,4.166911785304963,3.337761186533846,3.6789796803549764,38004.83434244792,30609.62587890625,-3.421356912117446,-56.24722641495907,-17.97556835350789,38.98929032911287,3.413510765225536
2022-05-26,29267.224609375,29834.16015625,28261.90625,29564.77734375,36774325352,-0.9983529917456657,-0.5606166178920069,-18.794461720813015,2.7482231298578736,4.165351416538458,3.2488259164188005,3.6712475275216807,37712.2798828125,30270.941015625,-3.315775369295293,-56.684033539017044,-17.561649337074325,37.112916913088156,33.603053391184524
2022-05-27,28627.57421875,29346.943359375,28326.61328125,29251.140625,36582005748,-2.185551924250806,-5.593470355627361,-19.36338229630852,2.209060493102764,4.172952831189998,3.249030942828733,3.68850564568277,37403.93938802083,29927.2220703125,-4.342694582574492,-57.63072647751288,-15.947764306060252,34.733513837762885,-0.5229724873512587
2022-05-28,28814.900390625,28814.900390625,28554.56640625,28622.625,35519577634,0.6543557286537771,-0.9760151294326058,-15.397763686735388,1.5641927800375977,4.122821839487219,3.2485566365242984,3.5748282699259932,37093.09222005208,29665.00380859375,-2.865677764458874,-57.353480709029505,-7.954652226467096,29.87262822953587,-2.9042369117720845
2022-05-29,29445.95703125,29498.009765625,28841.107421875,29019.8671875,18093886409,2.190035821988534,-0.7068783152415214,-2.808850415548181,1.6591485399101111,3.377995491015971,3.271001958661745,2.5842373442336157,36799.48043619792,29622.45400390625,-0.5958215772163045,-56.41950665972602,-5.938826137752806,23.702854496525248,-49.05939874780438
2022-05-30,31726.390625,31949.630859375,29303.572265625,29443.365234375,39277993274,7.744470968730455,7.320218005779489,2.2676288589177584,3.8732394515085122,3.773504847378411,3.4313236225293364,2.5842373442336157,36569.27568359375,29657.62822265625,6.9754816090228156,-53.044428004958974,0.0,21.490727720835956,117.07880985957173
2022-05-31,31792.310546875,32249.86328125,31286.154296875,31723.865234375,33538210634,0.20777630413166825,8.627691799280335,9.869781566684544,3.7145293643872144,3.4063030248376953,3.4209483019632283,2.1015320654454674,36327.786783854164,29800.4259765625,6.684080864746966,-52.946865452883806,0.0,22.388095987599854,-14.613227819353591
2022-06-01,29799.080078125,31957.28515625,29501.587890625,31792.5546875,41135817341,-6.269536357891181,4.092228878434656,2.586527612231171,5.011302093652151,3.730445554382127,3.499200890151695,2.5262207601952493,36059.95563151042,29837.9923828125,-0.13041193987941568,-55.89687883084271,-6.269536357891181,14.110714953100523,22.653583966992507
2022-06-02,30467.48828125,30604.734375,29652.705078125,29794.890625,29083562061,2.243049790035867,5.735185158449041,4.044601232219236,5.041676892444574,3.7565722748178203,3.510468196965171,2.5262207601952493,35793.52099609375,29897.21162109375,1.9074576832907697,-54.907623864058664,-4.167115389967224,14.110714953100523,-29.298689217942286
2022-06-03,29704.390625,30633.03515625,29375.689453125,30467.806640625,26175547452,-2.504629358369581,0.877653911794174,-1.3184661566867262,5.249466769194153,3.7557087099894186,3.516108982774134,2.5875567124957484,35511.549576822916,29877.36787109375,-0.5789574464526548,-56.037020755145896,-6.56737395288255,14.110714953100523,-9.998825463334637
2022-06-04,29832.9140625,29930.564453125,29500.005859375,29706.138671875,16588370958,0.4326748833952898,-5.968143634365908,-4.7027436237765174,3.312926163561383,3.6386974813308077,3.5126493005740214,2.5875567124957484,35249.498274739584,29803.75791015625,0.09782710097041569,-55.84680398596112,-6.163114447080032,14.110714953100523,-36.626460293068185
2022-06-05,29906.662109375,30117.744140625,29574.44921875,29835.1171875,17264085441,0.247203631266113,-5.9311462585261765,0.14648314230636394,3.3170939113568414,3.4864205249379117,3.463846585065176,2.3736624208480945,35027.830338541666,29805.9451171875,0.3379090707961607,-55.73765568209437,-5.9311462585261765,14.110714953100523,4.0734227894398956
2022-06-06,31370.671875,31693.291015625,29894.1875,29910.283203125,31947336829,4.895263002841332,5.2739607825299295,3.105300994560345,2.7326529931037244,3.631104220061744,3.531288468224044,2.3736624208480945,34825.6107421875,29853.18583984375,5.083162793067553,-53.570897516509696,-1.3262284641228916,14.110714953100523,85.0508498592642
2022-06-07,31155.478515625,31489.68359375,29311.68359375,31371.7421875,40770974039,-0.6859698773187373,2.2581127397967915,8.479052966385957,2.730312783073715,3.373502033499998,3.5183315812064646,2.021534238181954,34640.07431640625,29974.94619140625,3.9383968087228993,-53.88938717385589,-2.0031008136733086,14.110714953100523,27.61932006172858
2022-06-08,30214.35546875,31253.69140625,29944.404296875,31151.48046875,30242059107,-3.020730515832104,1.7167995472049835,-0.3298060768101685,2.8770240758400716,3.234564319414958,3.5273001284999235,2.1313942194267717,34430.61129557292,29969.947265625,0.8155109548869,-55.28226452653241,-4.963323051963908,14.110714953100523,-25.824536156355816
2022-06-09,30111.998046875,30609.310546875,30020.265625,30215.279296875,21692004719,-0.3387708269364409,0.9354901897626222,3.120666822778939,2.893707090812465,3.117274197375891,3.5256913709494175,1.9682107355446776,34229.01673177083,30015.51015625,0.3214601055345101,-55.43375516878313,-5.285279588353687,14.110714953100523,-28.27206427230663
2022-06-10,29083.8046875,30245.80859375,28978.146484375,30110.330078125,29867476527,-3.414563715680452,-2.751418459424315,-1.1838107941311127,3.3172792849296897,3.2155551533319824,3.4625502645355173,2.1111171847946753,34055.0484375,29998.0890625,-3.0478087223993477,-56.95549799423117,-8.519374064937946,14.110714953100523,37.688871609174576
2022-06-11,28360.810546875,29401.916015625,28236.212890625,29084.666015625,27246574439,-2.4858994495164377,-9.594507060984014,-6.473189758482456,1.3932652724197279,3.1774035086230548,3.462429310392902,2.1830713620014124,33858.942220052086,29899.94345703125,-5.147611440697586,-58.02554103263968,-10.793490441471853,14.214549260455577,-8.775103868017508
2022-06-12,26762.6484375,28502.685546875,26762.6484375,28373.513671875,34163220274,-5.635107313782672,-14.099703446769151,-8.028691474028305,1.901336469884423,3.2944937472409714,3.499950168369782,2.35325232492635,33618.874186197914,29783.13037109375,-10.14158651545004,-60.390846839830104,-15.820372985974707,20.50325795133667,25.385377712288502
2022-06-13,22487.388671875,26795.58984375,22141.2578125,26737.578125,68204556440,-15.974726027617203,-25.573826338499327,-24.171490931698948,6.119352558491687,4.749790799112253,4.010971811289314,4.277544866818208,33328.0720703125,29424.7205078125,-23.576542839533797,-66.71830053902652,-29.267837772535287,45.65506419894139,99.64323003796933
2022-06-14,22206.79296875,23018.951171875,20950.818359375,22487.986328125,50913575242,-1.247791405304166,-26.25267531506563,-24.88153188350711,5.935838332920033,4.744586040189258,3.998628705404031,4.286058588018118,33022.294205729166,29056.94208984375,-23.57491404261729,-67.13358672443972,-30.150427613595387,53.93128195786654,-25.351651122034625
2022-06-15,22572.83984375,22642.671875,20178.376953125,22196.73046875,54912007015,1.6483554177098458,-22.386908843973785,-22.873315987333577,6.802717406562743,4.790348005301929,4.011657478354667,4.280240972786169,32724.766796875,28722.2228515625,-21.409843658663664,-66.5918314206051,-28.999058402916933,59.82387164323195,7.8533706462271535
2022-06-16,20381.650390625,22868.921875,20265.2265625,22576.3046875,31183975654,-9.707194434960298,-28.134457381117418,-28.804130469162224,6.969297714512986,5.155219883984105,4.169199827350667,4.774213245587578,32402.511751302085,28309.92666015625,-28.005287207930518,-69.8348273017663,-35.89125785439838,59.82387164323195,-43.21100730213403
2022-06-17,20471.482421875,21243.3125,20326.51953125,20385.71875,27132421514,0.44074954445947334,-23.5072624830724,-28.95522058255857,7.5907618903163385,5.150629511533358,4.143751566530237,4.774213245587578,32063.2662109375,27892.75576171875,-26.606454389956813,-69.70187444051341,-35.608698865432956,59.82387164323195,-12.992423368186866
2022-06-18,19017.642578125,20736.041015625,17708.623046875,20473.42578125,42009436760,-7.101780974085614,-15.429742174064053,-35.415097706139356,4.953281511585943,5.213088489871933,4.200449311565446,5.031389148588897,31688.514420572916,27371.3400390625,-30.519870232935897,-71.85358095700161,-40.181628038373816,82.11389556310569,54.83113712620025
2022-06-19,20553.271484375,20683.822265625,18067.15234375,19010.90234375,35329942625,8.07475952890373,-7.446016571154058,-35.21711395629329,7.140491827830077,5.246089081766959,4.366807321778686,5.031389148588897,31341.495963541667,26812.68408203125,-23.344968293760072,-69.58082530328191,-35.351438348367324,82.11389556310569,-15.899984979946202
2022-06-20,20599.537109375,20913.322265625,19689.169921875,20553.37109375,30818458597,0.2251010260589048,-8.74193388175467,-35.20591377275718,7.019470869136008,5.246475944314995,4.367973228672525,5.031389148588897,31009.36552734375,26253.04541015625,-21.5346761202574,-69.51235142892095,-34.33504646806357,80.46171671088469,-12.76957643516694
2022-06-21,20710.59765625,21620.62890625,20415.0625,20594.294921875,28970212744,0.539140983048858,1.6139383186373646,-30.49920466688064,5.367120441339542,5.175892112503165,4.370881904910353,4.832134358375409,30692.203483072917,25798.6212890625,-19.722075748945556,-69.34798002070634,-33.98101979207291,78.97095065907929,-5.9972040690572275
2022-06-22,19987.029296875,20835.75,19848.078125,20719.4140625,28574793478,-3.4937106663198714,-2.3664779863833085,-34.3988283104544,5.647285645534441,5.106200968992002,4.382594388492073,4.8948772373155585,30367.208463541665,25274.59833984375,-20.920486932657766,-70.41887291216543,-36.28753194539287,78.97095065907929,-1.3649166800885681
2022-06-23,21085.876953125,21135.76171875,19950.1171875,19986.607421875,26188097173,5.497803800296652,10.875345703357485,-29.014275299158744,4.595117119142093,5.3677341426843315,4.461427165627851,4.862732231703659,30060.818196614582,24843.67265625,-15.125765643106881,-68.79256058295988,-32.78474545542388,78.97095065907929,-8.352453384615155
2022-06-24,21231.65625,21472.91796875,20777.51171875,21084.6484375,24957784918,0.6913598955313738,3.3006169657259665,-28.831436964154268,3.1959851717097267,5.373085443553669,4.443801953871833,4.862732231703659,29740.373990885415,24413.609765625,-13.033523293655957,-68.57680486240821,-32.32004614182335,78.97095065907929,-4.697982624978403
2022-06-25,21502.337890625,21520.9140625,20964.5859375,21233.609375,18372538715,1.2748964915301864,4.382626543773793,-28.101846297703183,3.1921298725964773,5.395965422284103,4.407408295804038,4.862732231703659,29463.4552734375,23993.3935546875,-10.38225650900404,-68.17619165007237,-31.457196784616205,78.97095065907929,-26.385539520579016
2022-06-26,21027.294921875,21783.724609375,21016.26953125,21496.494140625,18027170497,-2.209261947079333,1.5291556085510916,-32.97148685351515,3.4926978425695885,5.183075122555948,4.382287415054814,4.88776090605814,29159.89150390625,23476.22470703125,-10.431531541878558,-68.87926293805877,-32.50851560078124,77.82118638132576,-1.8798067232702498
2022-06-27,20735.478515625,21478.08984375,20620.19921875,21028.23828125,20965695707,-1.3877981325425726,3.7446746469072423,-33.44516116089885,3.006046832497645,5.177179191680012,4.3722477597027956,4.8951994978749624,28842.585677083334,22955.22470703125,-9.669895284128227,-69.31115594583788,-31.372097157355483,76.48854641900161,16.300534853703287
2022-06-28,20280.634765625,21164.423828125,20228.8125,20731.544921875,21381535161,-2.193553187871977,-3.818869802238223,-32.87748670792999,1.642916313678816,5.170897425660962,4.367745353759091,4.8731223318250985,28537.099186197916,22458.538671875,-9.697442643396059,-69.98433206290902,-32.64932226000291,72.8497493331451,1.983427880531341
2022-06-29,20104.0234375,20364.15625,19937.791015625,20281.169921875,23552740328,-0.8708372798288844,-5.31109207507069,-33.235837069980214,1.431714296602632,5.164132183839708,4.364171371454191,4.876422957011657,28243.584993489585,21958.13994140625,-8.443868692219969,-70.24571968909486,-30.875538281480218,70.7970660038834,10.154580345382701
2022-06-30,19784.7265625,20141.16015625,18729.65625,20108.3125,26267239923,-1.588223750298734,-7.988021288019464,-31.97338939975991,0.5674250261290461,5.151449127319901,4.3476717891774745,4.8293541308645915,27932.178873697918,21493.18603515625,-7.948842344088658,-70.7182842357231,-30.239206210980363,66.03163293835819,11.525196462056453
2022-07-01,19269.3671875,20632.671875,19073.708984375,19820.470703125,30767551159,-2.604834458398897,-8.3602181873913,-32.05635940604935,0.6810975649321339,5.152381308531098,4.349772449702785,4.8324874180308734,27611.179524739582,21038.6138671875,-8.40952113507285,-71.48102445796141,-27.99902732907542,60.95370866175167,17.132790689818368
2022-07-02,19242.255859375,19371.748046875,19027.08203125,19274.8359375,18100418740,-0.1406965151537931,-7.201293450376845,-28.100330188500244,0.9938480073629468,5.082074339560684,4.349443969440413,4.66542631481874,27302.7095703125,20662.59423828125,-6.87395959349002,-71.52114966270662,-14.754829287893866,51.31379652060839,-41.17042774557852
2022-07-03,19297.076171875,19558.26953125,18966.951171875,19242.095703125,16390821947,0.2848954556089245,-4.849742649165489,-14.187118595900493,1.1539338054668757,3.7793066944590357,4.276959490620401,3.001101317205343,26962.68798828125,20503.07861328125,-5.882055393500951,-71.440014712286,-14.511969670409009,29.987244693974667,-9.445067639357829
2022-07-04,20231.26171875,20258.748046875,19063.06640625,19297.314453125,21594638208,4.841073013105235,0.6328995867198595,-8.896067310484778,2.8600282149562934,3.9726017512875287,4.250831982978346,2.9881030682648984,26690.290006510415,20404.30205078125,-0.8480580791276116,-70.05740497197566,-10.373431704687963,29.14003428988019,31.748354523199794
2022-07-05,20190.115234375,20635.466796875,19341.232421875,20225.353515625,26715546990,-0.20338071321012174,2.0489981026241333,-10.555714858512733,2.7118056656045173,3.94409595435531,4.251070512965093,2.98844911823832,26426.109895833335,20285.1658203125,-0.46857189524338594,-70.11830243529728,-6.102697590024054,29.14003428988019,23.713797530087334
2022-07-06,20548.24609375,20595.529296875,19823.51171875,20194.619140625,24598943708,1.7737930428710857,6.636849533282052,0.8173808299725804,2.1289231454779953,3.316195772321086,4.263838675913224,2.0541049005328773,26176.8814453125,20293.49560546875,1.255330738646121,-69.5882629628028,-4.437153772432268,23.011961752831624,-7.9227398293296165
2022-07-07,21637.587890625,21771.81640625,20296.103515625,20547.814453125,25814972520,5.301385782051415,12.448291139850799,5.696243411781188,2.5505033541804667,3.515200848543192,4.314001932152161,2.0541049005328773,25969.853483072915,20351.80087890625,6.317804598075694,-67.97601945943796,0.0,23.011961752831624,4.943418816819056
2022-07-08,21731.1171875,22314.94140625,21257.453125,21637.154296875,49899834488,0.4322538045727464,12.613522348906692,14.268196482439777,2.5206356362663955,3.0490216992065777,4.094462463888501,1.3029130025442843,25827.08955078125,20487.474609375,6.07025805687107,-67.83759458517574,0.0,23.511115540958194,93.29803450048375
2022-07-09,21592.20703125,21877.138671875,21445.95703125,21716.828125,29641127858,-0.6392223420980114,6.726942350010234,5.054842717690078,2.398116687485923,2.5179007907886066,4.077200005883821,1.3107297785321068,25669.91123046875,20539.42138671875,5.1256830692027355,-68.04318386634344,-0.6392223420980114,19.142290218220094,-40.59874514187387
2022-07-10,20860.44921875,21591.080078125,20727.123046875,21591.080078125,28688807249,-3.388990349346599,3.3201097497141285,1.2665920985974743,3.198075313207084,2.648105826359135,4.013343204851469,1.5140261991554322,25535.31279296875,20552.4669921875,1.4985170718414098,-69.1261972810715,-4.006549507960033,19.142290218220094,-3.2128352657909143
2022-07-11,19970.556640625,20856.353515625,19924.5390625,20856.353515625,24150249025,-4.265931997884009,-2.8113808375144544,-3.573247995581974,3.777311672561645,2.818272968855988,4.041519085450676,1.78946475859615,25384.026204427082,20515.46494140625,-2.6560855546659656,-70.44325271022186,-8.10156482837291,19.142290218220094,-15.819961368934921
2022-07-12,19323.9140625,20043.4453125,19308.53125,19970.474609375,25810220018,-3.237979740682695,-10.692845430924647,-3.317727835014872,2.0076084761175887,2.802815284230897,4.052377264922683,1.7652504217003586,25218.039713541668,20482.3091796875,-5.6555884740588365,-71.40029419946966,-11.077217541234619,19.142290218220094,6.8735150154419555
2022-07-13,20212.07421875,20223.052734375,18999.953125,19325.97265625,33042430345,4.596171114078618,-6.990174300029873,-4.144018938920624,3.6083184668199357,2.713325495951116,4.084565434878912,1.7652504217003586,25053.219856770833,20438.61904296875,-1.1084155135064444,-70.0858027827542,-6.990174300029873,19.142290218220094,28.02072327146483
2022-07-14,20569.919921875,20789.89453125,19689.2578125,20211.466796875,31158743333,1.7704551212910147,-4.734518837724478,-3.1167437920675667,3.8836133248348434,2.742073049889316,4.052246013112079,1.7652504217003586,24874.299967447918,20405.5322265625,0.8056035661667904,-69.55618534612837,-5.343477077620906,19.142290218220094,-5.700812538097821
2022-07-15,20836.328125,21138.244140625,20397.0,20573.15625,25905575359,1.2951348577769028,-0.11563074935279083,-3.097383033476464,3.6950771261950393,2.7426196704172976,4.025228858394483,1.7652504217003586,24723.856803385417,20372.23173828125,2.2780831903000065,-69.16189689050908,-4.117547454093584,19.142290218220094,-16.8593704754338
2022-07-16,21190.31640625,21514.404296875,20518.8984375,20834.103515625,24302954056,1.6988995331921108,6.107790521690859,0.7752850995845773,2.8200178512582954,2.7252317816904106,4.023417948049636,1.694717420035758,24569.931119791665,20380.3828125,3.9740843005816373,-68.63798850073665,-2.4886009153780364,19.142290218220094,-6.186395325295191
2022-07-17,20779.34375,21600.640625,20778.1796875,21195.041015625,22927802083,-1.939436147960416,7.531754088704057,0.21154676677437312,2.322145139220689,2.743531393646634,3.9723723722514377,1.7215802564908207,24437.58232421875,20382.57607421875,1.9466022073780342,-69.24623468848088,-4.379772237607149,19.142290218220094,-5.658373750908263
2022-07-18,22485.689453125,22633.033203125,20781.912109375,20781.912109375,39974475562,8.211740099467768,11.248797178202775,10.872710410610487,3.6922239673760893,3.2384329978834607,4.054608163171735,1.6502287114633034,24307.104915364584,20492.82880859375,9.724673265681783,-66.72081541029864,0.0,20.840622492070572,74.34935724449309
2022-07-19,23389.43359375,23666.962890625,21683.40625,22467.849609375,48765202697,4.01919693193753,13.706974468464495,16.342052955040476,3.7620000142573327,3.308067475080717,4.071369586659293,1.6386997655888176,24210.2498046875,20657.09931640625,13.227095612469085,-65.38325944429555,0.0,26.360903663808564,21.99085043996556
2022-07-20,23231.732421875,24196.818359375,23009.94921875,23393.19140625,42932549127,-0.6742410894342465,11.496288033595171,17.42256001611091,4.0335406375092155,3.2793703998725823,4.069189832518736,1.6068429419281374,24106.908235677085,20829.449609375,11.533107487481441,-65.61665973294495,-0.6742410894342465,27.573578589979554,-11.960687636716871
2022-07-21,23164.62890625,23388.322265625,22431.1484375,23233.201171875,33631012204,-0.28884421706671937,9.31705059117327,20.214787962922042,4.1976837840676815,3.190395575833367,4.045523901813808,1.4989521878058025,23987.590006510418,21024.2126953125,10.18071992495928,-65.71597402294071,-0.9611378001050497,27.573578589979554,-21.665466207200645
2022-07-22,22714.978515625,23671.927734375,22603.416015625,23163.751953125,31421555646,-1.9411076794918158,9.315187182583662,18.0473780290062,4.198062636293439,3.2483276130218433,4.022229643063034,1.5602124333013392,23881.191145833334,21197.848828125,7.156998334128573,-66.38146388402038,-2.88358875994853,27.573578589979554,-6.569699849049481
2022-07-23,22465.478515625,22977.2109375,22002.91015625,22706.984375,24021799169,-1.0983941711781742,-0.08988355701582407,16.419079841576554,2.3273530892328775,3.2763231742696823,4.012541294742888,1.5794259478658679,23761.356022135416,21356.2689453125,5.19383593245093,-66.75072792515373,-3.9503097602666792,27.351989766422125,-23.54993673886416
2022-07-24,22609.1640625,22974.001953125,22306.83984375,22465.509765625,23565495303,0.6395837363315726,-3.335991562696494,11.753603788073175,0.9564922583506802,3.136162040310734,4.014696441391987,1.5794259478658679,23645.469401041668,21475.1640625,5.280518447727234,-66.53807098851439,-3.335991562696494,27.351989766422125,-1.8995407579164958
2022-07-25,21361.701171875,22649.12109375,21361.642578125,22607.15625,35574561406,-5.517510011323534,-8.049469647985353,5.802769939149721,2.368607327556735,3.420323975433366,4.068817986695412,2.0036626400967488,23513.710677083334,21533.743359375,-0.7989423140640217,-68.38433627170508,-8.669437905571343,27.351989766422125,50.96038062680221
2022-07-26,21239.75390625,21361.12109375,20776.81640625,21361.12109375,28624673855,-0.5708686992848544,-8.30954386444176,3.365288742139061,2.3314162720135596,3.408660149230449,4.062410161823521,2.0077247144244232,23390.580338541666,21568.31875,-1.5233678969530207,-68.56482020000107,-9.190815497449357,27.351989766422125,-19.536115910701945
2022-07-27,22930.548828125,22986.529296875,21070.806640625,21244.169921875,31758955233,7.960520302344309,0.9490227444050481,5.975531764611364,4.882487260612307,3.6598916389156844,4.202041232564979,2.0077247144244232,23292.5078125,21632.966796875,5.99816956885193,-66.06241632994372,-1.9619319287305093,27.351989766422125,10.94957935198455
2022-07-28,23843.88671875,24110.470703125,22722.265625,22933.640625,40212386158,3.9830616243461403,6.135672570545525,9.722323583369619,5.049160500236277,3.748975132625225,4.22629097364292,2.0077247144244232,23199.139973958332,21738.6052734375,9.684528601680586,-64.71066145855133,0.0,27.351989766422125,26.617471711463093
2022-07-29,23804.6328125,24294.787109375,23481.173828125,23845.212890625,35887249746,-0.16462880701044735,5.287540692328507,10.246408706845012,5.088075432010496,3.742677496017476,4.093622387497145,2.0029686470296166,23067.110677083332,21849.2265625,8.949544481158345,-64.76875787559399,-0.16462880701044735,27.86761603852641,-10.755731816077619
2022-07-30,23656.20703125,24572.580078125,23580.5078125,23796.818359375,28148218301,-0.6235163651508224,10.74121316890233,13.402193707252907,3.7937387092974353,3.6389714610317525,4.092961306354001,1.8593168784437952,22931.508951822918,21989.014453125,7.581934068391427,-64.98843043588558,-0.7871186846078015,29.32968790219055,-21.564849632598538
2022-07-31,23336.896484375,24121.642578125,23275.703125,23652.0703125,23553591896,-1.34979604487393,9.873667027318511,16.856514839962156,3.944691689678398,3.4849995349211143,4.022189060623397,1.6242684298093437,22823.805891927084,22157.3314453125,5.323588005053037,-65.46101521711027,-2.12629023260843,29.32968790219055,-16.322974178570902
2022-08-01,23314.19921875,23464.787109375,22890.796875,23336.71875,25849159141,-0.09725914343493569,1.673097288253489,20.649466476326083,2.0917134190200986,3.360172732541301,4.008187929125277,1.454130413364227,22704.584407552084,22356.845703125,4.282149317205253,-65.49460753786124,-2.2214813643761877,29.32968790219055,9.74614511084335
2022-08-02,22978.1171875,23415.041015625,22710.083984375,23308.43359375,28389250717,-1.4415336683737068,-3.630991630945757,13.685101978222725,0.6367159293458524,3.2901412154774494,4.0009073398545105,1.489428153662863,22592.479850260417,22495.1478515625,2.146993383304019,-65.99201438760745,-3.630991630945757,24.80196212639745,9.826592664560208
2022-08-03,22846.5078125,23578.650390625,22747.8359375,22981.302734375,26288169966,-0.5727596126613665,-4.0249518131482365,11.06755835351587,0.5676773091031988,3.2914957778529055,3.999695456966842,1.4949243805685841,22476.03974609375,22608.97724609375,1.0506028814164514,-66.18679839427493,-4.182954390005955,20.471540315365,-7.400972896201996
2022-08-04,22630.95703125,23198.009765625,22485.701171875,22848.21484375,25120229769,-0.9434736504108754,-4.3339576739653936,8.612980634033862,0.5583754432219968,3.30380853926225,3.999570887614901,1.5097370731585507,22354.777994791668,22698.70869140625,-0.298482442668202,-66.50581704178525,-5.086962967938424,19.755844364513052,-4.442835688108238
2022-08-05,23289.314453125,23422.828125,22612.177734375,22626.833984375,28881249043,2.909101108565171,-0.20389185546526578,9.905458732347716,1.7149551890391102,3.3385074968332646,3.9632006471068673,1.5097370731585507,22220.088704427082,22803.65859375,2.1297278126594543,-65.53143739404298,-2.3258467554658546,18.269226611316512,14.972073538281649
2022-08-06,22961.279296875,23326.5625,22961.279296875,23291.423828125,15978259885,-1.4085221654344782,-1.5137552809069699,10.500502677689227,1.82471504649959,3.3199396916106987,3.9651326463478442,1.4800108567151058,22083.518717447918,22912.75537109375,0.21177691200975346,-66.01693473845454,-3.7016088538155523,18.269226611316512,-44.67600808673239
2022-08-07,23175.890625,23359.009765625,22894.556640625,22963.505859375,15886817043,0.9346662498644243,0.860703407011898,3.069513048794148,1.7585281108400448,2.7932087192679065,3.954159637916525,1.4800108567151058,21966.210970052085,22947.2654296875,0.9963069282177717,-65.69930649678548,-2.8015402926097277,18.269226611316512,-0.5722953729513702
2022-08-08,23809.486328125,24203.689453125,23176.546875,23179.52734375,28575544847,2.733856978257987,4.214992170917808,1.79590810821193,2.0070708866635476,2.71407815013554,3.974310660461645,1.4800108567151058,21861.169108072918,22968.26806640625,3.662523701337017,-64.76157459385696,-0.14427341913996194,18.269226611316512,79.86954069941194
2022-08-09,23164.318359375,23898.615234375,22982.0,23811.484375,23555719219,-2.709709734425869,2.356777609486449,-0.290180952826935,2.4963565220015513,2.7828551681141103,3.966013765522698,1.5921144512573908,21762.511002604166,22964.89736328125,0.8683731215477053,-65.71643363734562,-2.850073762683214,18.269226611316512,-17.566858846882162
2022-08-10,23947.642578125,24127.4140625,22771.51953125,23162.8984375,32837431722,3.3815983988709775,2.826738959298414,3.3802124568623526,2.6167751512310593,2.88061271949635,3.9834769755871458,1.5908038461155347,21688.958203125,23004.048046875,4.101862982233606,-64.55710110615023,0.0,18.269226611316512,39.403222702337985
2022-08-11,23957.529296875,24822.62890625,23900.99609375,23948.345703125,37127036580,0.041284726535173455,4.3388261913420045,5.47018250708573,2.412838625383422,2.8366449584676685,3.919122758664888,1.5304450090241313,21642.206217447918,23066.1755859375,3.8643324621222552,-64.54246860226577,0.0,19.472725854106088,13.063155773921586
2022-08-12,24402.818359375,24412.56640625,23657.265625,23957.203125,27265804688,1.8586602023192844,5.293983106096922,8.623630439932795,2.4534649091523018,2.8367503865903356,3.3267702066374594,1.5106086316061365,21674.130045572918,23163.042578125,5.352387438172013,-63.88343357745121,0.0,19.472725854106088,-26.560783731692062
2022-08-13,24424.068359375,24860.05078125,24346.115234375,24402.1875,22987346289,0.08708010561344626,2.5812485946999253,8.027295002406731,2.2818673978542265,2.8375190280549805,3.321447043700845,1.5106086316061365,21711.084635416668,23253.78779296875,5.032644904242689,-63.85198323326651,0.0,19.65283946857084,-15.691663781641473
2022-08-14,24319.333984375,24974.9140625,24206.259765625,24429.056640625,22994133555,-0.4288162539464846,4.986184385315817,13.845492869238551,1.5970799321030078,2.4826192426256157,3.3170535391083433,0.8769189076605816,21740.19287109375,23401.66943359375,3.9213636163235366,-64.00699180464156,-0.4288162539464846,20.20568297935743,0.02952609629085501
2022-08-15,24136.97265625,25135.58984375,23839.775390625,24318.31640625,35123501685,-0.7498615226969818,0.7906000664046342,13.640547639054645,1.0098757035086203,2.4876793293034263,3.055892147223062,0.88363274734617,21802.781575520832,23546.53037109375,2.5075553631506153,-64.27688952395974,-1.1754622485520505,19.29106593996266,52.74983769659156
2022-08-16,23883.291015625,24228.416015625,23733.5,24126.13671875,27753685646,-1.0510085263709001,-0.30987452975663743,4.154903550897271,1.150746522070482,1.8257252249276372,3.061019521132972,0.9143510148229491,21859.645052083335,23594.16748046875,1.2254025720364492,-64.6523424609478,-2.2141165664663953,11.784772249795195,-20.98257771988431
2022-08-17,23335.998046875,24407.05859375,23243.353515625,23881.31640625,30931623076,-2.291530796119967,-4.37170943449715,-2.1300582319727868,0.8912318391238546,1.6780870132965144,2.923716483153316,1.0481380862205454,21931.617643229165,23568.773046875,-0.9876415693640284,-65.4623449191622,-4.454910199603789,11.784772249795195,11.450505963549462
2022-08-18,23212.73828125,23563.83203125,23177.6015625,23341.0390625,23747613147,-0.5281958173694035,-4.959575367631331,-2.486467806128867,0.7552457639994362,1.6808558083922698,2.745627541234344,1.0541289563689586,21975.94208984375,23539.1783203125,-1.3867945372622037,-65.64477136871668,-4.959575367631331,11.784772249795195,-23.225454129415247
2022-08-19,20877.552734375,23213.3125,20868.84765625,23213.3125,40509610260,-10.059931398792521,-14.152448632891513,-11.745984016813772,4.040286325038567,2.7901938770694787,3.0506567245191683,2.480294379946773,21980.57568359375,23400.24560546875,-10.780625612340511,-69.10088380092209,-14.52057688676872,20.44550929587219,70.5839235684093
2022-08-20,21166.060546875,21350.806640625,20856.73046875,20872.841796875,27595671000,1.3819043648011897,-12.308553154886702,-9.302162088919852,4.423016960634665,2.8174770605140473,3.0547999208698573,2.4618616417373422,21988.166731770834,23291.70380859375,-9.126181919480135,-68.67388756548205,-13.339333007760102,20.515484828319998,-31.87870526799781
2022-08-21,21534.12109375,21668.845703125,21103.197265625,21160.392578125,23102307723,1.7389185203353419,-9.83603943166006,-7.635167342862914,4.811934347160326,2.85910696159801,3.025537657892489,2.4617655810431254,22013.951595052084,23202.69990234375,-7.1913131472480245,-68.12915199465715,-11.832374619585906,20.515484828319998,-16.282855658773432
2022-08-22,21398.908203125,21531.462890625,20939.18359375,21531.462890625,31666498758,-0.6279006699941081,-8.300865640539435,-6.872664855387212,4.840002539084896,2.848616154148838,2.9449638347696117,2.4446066703510407,22019.168782552082,23123.739453125,-7.459136328258975,-68.3292692628155,-12.385979730067431,20.515484828319998,37.07071664738382
2022-08-23,21528.087890625,21646.203125,20955.138671875,21401.044921875,31878280659,0.6036741981122917,-7.257439299980262,-5.770772201577579,4.929421670107869,2.8551572371147698,2.9446705894767584,2.441249494424935,22024.109309895834,23057.81845703125,-6.634324792074054,-68.13808123300149,-11.85707649576897,20.515484828319998,0.6687884966963598
2022-08-24,21395.01953125,21783.076171875,21195.005859375,21526.455078125,31962253368,-0.6181150878381003,2.478579761999544,-5.461269261805201,1.1006442895405526,2.851961610341262,2.9416352880681185,2.436040902913922,22022.320670572917,22996.02158203125,-6.962082745792209,-68.33502456017503,-12.401901204810217,20.515484828319998,0.263416681402151
2022-08-25,21600.904296875,21789.63671875,21362.44140625,21395.458984375,31028679593,0.9623023027591993,2.0544387513065088,-7.249720294035733,1.0299046835373844,2.7708886375195085,2.9291074532683994,2.436040902913922,22031.880826822915,22911.60107421875,-5.720668638991844,-68.03031177234946,-11.558942682930828,20.515484828319998,-2.920863445550048
2022-08-26,20260.01953125,21804.908203125,20199.482421875,21596.0859375,42326789564,-6.207539958496023,-5.916663870111661,-11.764413170099964,2.9011897690957595,3.0611106941651682,3.034435268712566,2.7859964398684904,22023.956510416665,22776.5380859375,-11.048731572781145,-70.01484294368747,-17.048956655604265,24.436801492148376,36.411829698189365
2022-08-27,20041.73828125,20340.775390625,19890.5234375,20262.48046875,30116729776,-1.0773990107132536,-6.342239094594582,-13.523330751177987,2.886829796471749,3.041802406713725,3.0241216693794457,2.7963933189689536,22019.97490234375,22619.83046875,-11.397486780733013,-70.337902729173,-17.942670375973112,26.36967510046202,-28.847120024394577
2022-08-28,19616.814453125,20139.0546875,19616.814453125,20041.03515625,24366810591,-2.1201944769558057,-8.878045496703479,-17.609249595810883,2.696178232579152,2.9474287455415236,3.034679556429346,2.8362963218570614,22011.854752604166,22410.196875,-12.464783051465279,-70.96679687725833,-19.682445346599152,28.132882654379433,-19.092110025777455
2022-08-29,20297.994140625,20357.462890625,19600.78515625,19615.154296875,32637854078,3.472427641744291,-5.12748020174818,-12.373876814682738,3.613598028278196,3.0714983827200926,3.05988385004379,2.770821265101338,22020.409212239585,22266.8806640625,-8.842219766395809,-69.95863990674047,-16.89347637764139,28.23766825348395,33.94389042468673
2022-08-30,19796.80859375,20542.64453125,19617.640625,20298.611328125,34483360283,-2.4691382971281484,-8.351945262708272,-17.332954468623075,3.472238700783433,2.9472630196043976,3.0579086818057633,2.8252933793953194,22029.19990234375,22059.33896484375,-10.25656468990107,-70.70040263378132,-18.945491379812896,28.23766825348395,5.654496158324296
2022-08-31,20049.763671875,20420.990234375,19799.58203125,19799.58203125,33225232872,1.2777568511970205,-1.0377870517384813,-16.311221314084857,2.51371546167391,2.980915624989126,3.061567136530735,2.8252933793953194,22042.658365885418,21863.95068359375,-8.297617562228032,-70.32602502106133,-17.909811842714383,28.23766825348395,-3.6485058320150032
2022-09-01,20127.140625,20198.390625,19653.96875,20050.498046875,30182031010,0.38592451457939436,0.42612243784212467,-17.521245584866563,2.4683714129691254,2.9284095697543164,3.061690083111738,2.8252933793953194,22056.4927734375,21650.166796875,-7.034708721481242,-70.21150587716744,-17.593005682551066,28.23766825348395,-9.159309352996614
2022-09-02,19969.771484375,20401.568359375,19814.765625,20126.072265625,29123998928,-0.7818752974256604,1.7992576322389153,-18.23732561447017,2.226915467454695,2.9191758580428315,3.000058033977841,2.8306976399275228,22052.134602864582,21427.451953125,-6.802864250676388,-70.44441475418897,-17.88520402242333,28.23766825348395,-3.505503263347154
2022-09-03,19832.087890625,20037.009765625,19698.35546875,19969.71875,23613051457,-0.6894600364241943,-2.295331483358354,-18.45135272467998,1.4078504670998861,2.9172635178720863,3.0013349508329332,2.8332706748209064,22046.16748046875,21203.0896484375,-6.466047074009951,-70.64818870299013,-17.835230734747086,28.23766825348395,-18.92235844611895
2022-09-04,19986.712890625,19999.689453125,19636.81640625,19832.470703125,25245861652,0.7796708085036963,0.9592672272183966,-17.19461601391149,0.9065329070560202,2.9433381295534597,2.9941943865707454,2.8283048105957467,22036.80859375,20995.57666015625,-4.8051253169234975,-70.41934119854024,-16.315080373348756,24.52082097317132,6.91486315512162
2022-09-05,19812.37109375,20031.16015625,19673.046875,19988.7890625,28813460025,-0.8722884940063236,-1.184016839350599,-17.045054298470465,0.7627000406944168,2.9431139964217468,2.9138581427768866,2.825264857735044,22006.388313802083,20792.0306640625,-4.711707029202151,-70.67736988171664,-15.099533973422064,24.52082097317132,14.131418535747908
2022-09-06,18837.66796875,20155.26953125,18800.171875,19817.724609375,43403978910,-4.919669232863699,-6.4066360953842665,-19.276356079089517,2.136067167006834,3.0652601718609436,2.9783404032559635,2.9882642311070136,21958.16416015625,20567.11416015625,-8.40879365932935,-72.11994629391225,-18.847713093952155,25.338386201588925,50.637857696856045
2022-09-07,19290.32421875,19427.171875,18644.466796875,18837.68359375,35239757134,2.4029314602578067,-3.4023787711172426,-16.89767926116805,2.7223573038050777,3.1585851493410937,2.996472721027772,2.9859292647079343,21919.799446614583,20370.99345703125,-5.304941266417451,-71.4500077122719,-10.696682168344552,24.5051025213056,-18.809846426588816
2022-09-08,19329.833984375,19417.3515625,19076.71484375,19289.94140625,32194477850,0.20481649337233954,-2.532531667971405,-7.413315007231058,2.749162918929216,2.30591560827527,2.9662618353147057,1.9635841174797384,21894.289192708333,20293.60751953125,-4.749148391820834,-71.3915326192101,-10.513774244296592,16.951095682606066,-8.641601224492712
2022-09-09,21381.15234375,21439.41015625,19310.962890625,19328.140625,48469528171,10.612188190716765,6.976832362359486,1.016210817306562,5.752469632629616,3.35682946506525,3.22158532828677,1.9635841174797384,21917.79912109375,20304.362109375,5.303245817694613,-68.35554822228086,-1.0173275623316935,16.951095682606066,50.55230402191473
2022-09-10,21680.5390625,21760.275390625,21168.72265625,21376.912109375,36913738894,1.4002365912589188,9.429300308933408,0.679934732941101,5.6075489704679855,3.348986764403355,3.1940876990286844,1.9635841174797384,21957.076204427085,20311.6830078125,6.7392547144468296,-67.91245102938595,0.0,16.951095682606066,-23.841348808330242
2022-09-11,21769.255859375,21770.552734375,21406.9453125,21678.54296875,34493951963,0.4092001431295067,15.562371602940672,1.7306848215551396,4.341263210082614,3.345379619353018,3.142667134545578,1.9585580470973358,21983.029231770834,20330.200390625,7.078412613254925,-67.78114873307145,0.0,16.951095682606066,-6.555247459349922
2022-09-12,22370.44921875,22439.181640625,21603.896484375,21770.1484375,50212088965,2.7616624254801714,15.967201821347054,3.9128478683507772,4.331761380478137,3.395621170935261,3.1537975208916564,1.9585580470973358,22013.038053385415,20372.31845703125,9.80806757921615,-66.89137282371134,0.0,20.35303495182834,45.56780568042795
2022-09-13,20296.70703125,22673.8203125,20062.669921875,22371.48046875,51091116622,-9.270006906083372,5.001972844963687,-5.133496131638404,7.094241956190645,4.007452746324031,3.3779430467432725,2.8484202135044514,22004.044368489584,20317.40283203125,-0.1018624326758033,-69.9605448494627,-9.270006906083372,21.611524531773462,1.7506295298981067
2022-09-14,20241.08984375,20467.201171875,19793.396484375,20184.5546875,37872380889,-0.27402074343571003,-5.3320910008541,-6.295173731785497,4.764897650395488,3.9983175143089325,3.3708436349012048,2.84907916371104,21988.22392578125,20249.412109375,-0.041098801190120327,-70.04285918779023,-9.518625907678501,21.611524531773462,-25.872865200421103
2022-09-15,19701.2109375,20318.166015625,19636.734375,20242.2890625,36389011503,-2.6672422800232853,-9.12951527309378,-2.7581838847098195,4.5981172192032975,3.7937585784879553,3.379165611378195,2.558570603538888,21970.255045572918,20221.4716796875,-2.572813445176214,-70.8418887134196,-11.931983373014942,21.611524531773462,-3.9167576771779955
2022-09-16,19772.583984375,19870.62890625,19400.076171875,19704.005859375,30123362273,0.3622774615297697,-9.17198037405641,-1.3429688238510096,4.5925049710933745,3.787325264058039,3.201873604735526,2.547203192106797,21925.03662109375,20208.01396484375,-2.1547391110589897,-70.73625544802056,-11.612932797959086,21.611524531773462,-17.218520018009954
2022-09-17,20127.576171875,20162.53125,19777.033203125,19777.033203125,24957448100,1.7953757980268437,-10.026052784827922,2.6036934792368127,4.366402248215352,3.7731206595323092,3.165299411766028,2.502695121438758,21870.672330729165,20233.55205078125,-0.5237630972568574,-70.21086126073793,-10.026052784827922,21.611524531773462,-17.149195120327864
2022-09-18,19419.505859375,20127.234375,19387.4921875,20127.234375,31254779144,-3.5179114785287124,-4.3218891149407135,-4.327956127900179,2.1919724071254247,3.777410734379799,3.1936762865145254,2.6234076940901816,21807.135221354165,20189.62763671875,-3.814442698998244,-71.25881679180127,-13.191256601595825,21.611524531773462,25.2322714196088
2022-09-19,19544.12890625,19639.48046875,18390.318359375,19418.572265625,40177002624,0.6417415961943007,-3.443297484869401,-1.276365765236387,2.289304554503818,3.740911948474974,3.1957326776272836,2.5646511912722785,21746.7935546875,20176.99365234375,-3.1365661158357816,-71.07437266391584,-12.634168786074685,23.29215769634221,28.54674940716324
2022-09-20,18890.7890625,19602.45703125,18813.455078125,19545.591796875,36791346508,-3.3428956945789956,-4.113563768090078,-5.780490126179205,2.450412734869502,3.800193044989855,3.2135115423334772,2.671363568317884,21683.057063802084,20119.044921875,-6.104941184556645,-72.04132621476376,-15.554717396258145,23.29215769634221,-8.426850921869312
2022-09-21,18547.400390625,19674.630859375,18290.314453125,18891.283203125,46363793975,-1.8177571658806957,-6.196375722658121,-7.848806066435476,2.382171721836362,3.813350697789213,3.2180476992221334,2.7021094296570576,21617.75576171875,20040.05791015625,-7.44836929226026,-72.5495470109801,-17.089727572035862,23.966268434636206,26.01820366894847
2022-09-22,19413.55078125,19456.91015625,18415.591796875,18534.650390625,41135767926,4.669928789927913,-3.5474981414937323,-2.7853133099705496,3.4208100689392222,3.9716097621812985,3.2787968926514566,2.6964474630159896,21564.495540364584,20012.246875,-2.9916485514573266,-71.26763040388023,-13.217876890114699,23.966268434636206,-11.276096282843085
2022-09-23,19297.638671875,19464.671875,18617.552734375,19412.400390625,38896078052,-0.5970680514919002,-0.6275504041271307,-2.69487116887297,3.0420370626449884,3.9709007707199864,3.204242744430855,2.6953451869138543,21530.094498697916,19985.5244140625,-3.4419199013035695,-71.43918220317524,-13.736025221610193,23.966268434636206,-5.44462881555785
2022-09-24,18937.01171875,19310.197265625,18861.974609375,19296.990234375,26149643168,-1.8687620763186419,-3.1063916453490603,-5.251995051008985,3.0979003797893157,3.9854906921739217,3.211720760994103,2.727544548034737,21491.715462239583,19933.03935546875,-4.996867858214927,-71.97291593484876,-15.348093667793815,23.966268434636206,-32.77048875457147
2022-09-25,18802.09765625,19134.732421875,18696.46875,18936.310546875,23359966112,-0.7124358610731463,-0.46949550893065073,-5.0992051012950235,2.7132791656174504,3.9842196885909833,3.031046748401998,2.725221668687224,21422.907942708334,19882.52568359375,-5.434058250633999,-72.17259093254202,-15.951184205586511,23.966268434636206,-10.668126666499989
2022-09-26,19222.671875,19274.873046875,18721.28515625,18803.900390625,44148798321,2.2368473265013344,3.640787766226916,2.0437981330209576,2.664004979489253,3.856049284980765,2.997572824349388,2.493326267347114,21345.8876953125,19901.77587890625,-3.4122784219775437,-71.55013427678199,-14.07114051653313,23.966268434636206,88.99341766733467
2022-09-27,19110.546875,20338.455078125,18915.66796875,19221.83984375,58571439619,-0.5832956039052206,-1.5607856062202052,-0.9319560506674041,1.5194650223836574,3.822767605521663,2.9977070534356334,2.4967353811567317,21267.6529296875,19892.78701171875,-3.9322802594625617,-71.71608109286247,-14.57235977638608,23.966268434636206,32.66825337608263
2022-09-28,19426.720703125,19688.34375,18553.296875,19104.62109375,53071298734,1.6544467837213528,0.6689006538304065,0.5012289232712241,1.7302530612896714,3.8401169324382365,3.0082143076297605,2.4967353811567317,21197.161490885417,19897.63134765625,-2.3666668474422115,-71.24813870619296,-13.159004930297446,23.966268434636206,-9.390482666599521
2022-09-29,19573.05078125,19589.265625,18924.353515625,19427.779296875,41037843771,0.7532412719634118,3.3587087125802606,-8.456520646926368,1.3146248151591005,2.948132061256615,3.007823010895534,2.4967353811567317,21134.430729166666,19807.22626953125,-1.1822730002406856,-71.03156782047033,-12.504882714448728,23.966268434636206,-22.67412942598821
2022-09-30,19431.7890625,20109.849609375,19265.662109375,19573.431640625,43975248085,-0.72171538473359,3.3490486953230203,-10.372205199867823,1.3170682175867172,2.9180275162017946,3.0083738413941292,2.501945486685893,21069.723893229166,19694.78876953125,-1.335377140160665,-71.24063745222612,-13.136348436789259,23.966268434636206,7.157793987401839
2022-10-01,19312.095703125,19471.154296875,19231.08203125,19431.10546875,18719537670,-0.6159667490729825,0.4651997844342226,-11.287295129069907,1.0603903858120802,2.9101275133524718,3.004755368625112,2.5057338186938543,21008.62353515625,19571.93076171875,-1.3275903218601726,-71.41778556276574,-13.671399647449245,23.966268434636206,-57.43164965478557
2022-10-02,19044.107421875,19370.30859375,18970.62109375,19311.849609375,20765955327,-1.3876706359042923,-0.3476585655008857,-14.86935628492876,1.235951286067077,2.8072708058983946,3.008104725816022,2.524872959147378,20945.2501953125,19405.613671875,-1.8628952225506645,-71.81441255960245,-6.171442527334237,23.966268434636206,10.931988241780122
2022-10-03,19623.580078125,19653.54296875,19025.2265625,19044.068359375,30484729489,3.042792415591977,1.0133433120718793,-3.3164342968966087,1.7622857670424628,2.1060416117666865,3.036593639752809,1.4416421393299954,20895.12724609375,19371.95732421875,1.2989020659862405,-70.95678364267599,-3.05077330515221,11.901855073782318,46.801478713399725
2022-10-04,20336.84375,20380.34375,19523.83984375,19623.583984375,35887278685,3.6347275524413414,3.9022683652446988,0.4730669494042328,2.354348257928138,2.268760054651074,3.050564557903083,1.4403394355152237,20845.919401041665,19376.74501953125,4.954902020442531,-69.90114185562119,0.0,11.426973014769072,17.722149044981485
2022-10-05,20160.716796875,20343.748046875,19801.80078125,20335.900390625,33223790572,-0.8660486125090072,3.7512126754283504,2.3323736842000953,2.3782869457002787,2.1896784495858643,3.047662553909559,1.3252813401103034,20799.243359375,19399.7203125,3.9227188439652894,-70.16181259896163,-0.8660486125090072,11.426973014769072,-7.421816896117206
2022-10-06,19955.443359375,20408.392578125,19900.087890625,20161.0390625,34711412966,-1.018185214187517,3.331319739399885,0.9248127363854053,2.442465854114543,2.2039474403189137,3.0460884322472337,1.3446953881694044,20745.56923828125,19408.86328125,2.81613647437573,-70.46562061126056,-1.875415847776285,11.580326464196556,4.477581782175455
2022-10-07,19546.849609375,20041.0859375,19395.79296875,19957.55859375,29227315390,-2.047530303595302,2.639883174165081,-2.8852284921990323,2.5952416416647086,2.213011737305916,3.0304594370606903,1.4205015678171984,20674.52529296875,19379.826953125,0.8618377070857441,-71.07034597922382,-3.884546443569936,11.580326464196556,-15.799119388691263
2022-10-08,19416.568359375,19601.6953125,19299.4140625,19546.328125,16437423167,-0.6665076603316944,-1.054913109258604,-0.015126543493293454,2.205046202221756,2.07002990505514,3.0141598861307592,1.1921624338557881,20612.06279296875,19379.680078125,0.19034515070059932,-71.26316433937974,-4.525163304286095,11.580326464196556,-43.76006503620242
2022-10-09,19446.42578125,19542.5390625,19349.259765625,19417.478515625,16837262532,0.15377290838616275,-4.378348871122151,-0.49991035910920134,0.7899819902302593,2.065178572184561,2.976844322511777,1.1921624338557881,20537.042513020835,19374.794921875,0.3697115745680879,-71.21897487140625,-4.378348871122151,11.580326464196556,2.4324941989856574
2022-10-10,19141.484375,19515.466796875,19102.978515625,19446.416015625,27425022774,-1.568110303046133,-5.055536626718482,1.3270769774125224,0.8453568506609739,1.94906962561672,2.980943310831329,0.9926994427223121,20456.77509765625,19387.3296875,-1.2680720680089852,-71.67029309177002,-5.877801834416907,11.580326464196556,62.88290760969883
2022-10-11,19051.41796875,19241.9609375,18925.603515625,19139.0,28711532910,-0.470529894576166,-4.530219521283108,2.7174567190546117,0.8818505133341216,1.902620924897986,2.967102725523249,0.911762056109022,20367.585091145833,19412.53056640625,-1.8602036268324684,-71.80359283181905,-6.320674914218194,10.821269298487412,4.69100845093795
2022-10-12,19157.4453125,19203.19921875,19029.7578125,19052.646484375,24950173846,0.5565325579645286,-1.9921588627163533,-1.319209822230727,0.8157965627916801,1.5840968418846184,2.968941537873435,0.911762056109022,20279.808040364584,19399.72529296875,-1.2488835630912853,-71.64667064575187,-5.799318970034372,9.998738852848765,-13.10051635275088
2022-10-13,19382.904296875,19453.328125,18319.822265625,19156.966796875,44219840004,1.1768739552548313,-0.17337802374201017,0.44184486221243713,1.048115825286071,1.6016884426193312,2.9755418157679108,0.9019343291252054,20197.534212239585,19403.98857421875,-0.10865950195293461,-71.3129876971341,-4.690695689320035,11.400603576918744,77.23259275441603
2022-10-14,19185.65625,19889.146484375,19115.408203125,19382.533203125,38452356727,-1.0176392755898878,-1.340963805808626,1.313008276822325,1.1248022293283668,1.5592123828994076,2.9763777057825647,0.8310544109270775,20115.012272135416,19416.42080078125,-1.1885020063634122,-71.60491800132138,-5.6606006032769995,11.400603576918744,-13.04275021456045
2022-10-15,19067.634765625,19212.541015625,19019.25,19185.4375,16192235532,-0.6151547950047354,-0.38580920856614576,1.4122738549160463,0.9086798816291871,1.5567709531846734,2.975139369523501,0.8271601792912097,20034.751334635417,19429.69765625,-1.8634509760811047,-71.77959170978177,-6.240933942244597,11.400603576918744,-57.89013493513562
2022-10-16,19268.09375,19389.603515625,19068.9140625,19068.9140625,17988916650,1.0513049302600663,1.1373210204374873,0.23629324422413944,0.9935574016219056,1.4915906124373128,2.9690897434160237,0.8271601792912097,19966.9529296875,19431.96875,-0.8433267987835724,-71.4829091660872,-5.255240258213623,11.400603576918744,11.095942338840725
2022-10-17,19550.7578125,19635.802734375,19173.333984375,19268.5625,27472552998,1.4670058500208416,2.053052970185787,2.303497332542981,1.1407995653285288,1.518003994928255,2.977366359698918,0.8168122636985247,19905.919921875,19453.979296875,0.4974741370293634,-71.06456177529793,-3.8653290902134207,11.400603576918744,52.71933008817405
2022-10-18,19334.416015625,19666.994140625,19144.76953125,19550.466796875,30580012344,-1.1065647631146036,-0.2501600405560356,-0.47514291737952297,1.2130608459602423,1.4969718124769122,2.6871680063658387,0.8534673707158653,19880.2009765625,19449.3640625,-0.5910118526529673,-71.38475113874527,-4.929121483637299,11.400603576918744,11.311141509950762
2022-10-19,19139.53515625,19348.416015625,19127.6875,19335.02734375,22425387184,-1.007947999140535,-0.24039362088539296,-2.214859757147747,1.211122831167974,1.501303431129498,2.6826521725552923,0.8827256149705992,19846.425553385416,19427.68828125,-1.4832085054509614,-71.67317796709139,-5.88738650140831,11.400603576918744,-26.66652017097695
2022-10-20,19053.740234375,19315.19921875,18971.458984375,19138.0859375,24493974420,-0.4482602172654282,-0.07286971572924017,-1.9455173525662062,1.193559257983615,1.4965938601540836,2.6716322982283636,0.873617603769697,19805.085872395834,19408.78583984375,-1.8293035349995268,-71.80015584108048,-6.309255907151279,11.400603576918744,9.224310015373515
2022-10-21,19172.46875,19237.384765625,18770.970703125,19053.203125,32459287866,0.6231244583192241,-0.4962867694164097,-0.7230025952201902,1.1109786228758194,1.499217304932475,2.6728693819562284,0.8626916980115957,19767.978548177085,19401.8044921875,-1.1820330540896151,-71.62443571491835,-5.725445965527465,11.400603576918744,32.51948136067335
2022-10-22,19208.189453125,19248.068359375,19132.244140625,19172.380859375,16104440957,0.18631248583989013,-1.7521999027371504,0.8615895070069213,0.7499234875434613,1.4648785566099929,2.6714230651892383,0.8049568163141295,19729.31357421875,19410.00859375,-1.0397684248835692,-71.57156849572772,-5.549800700391372,11.400603576918744,-50.38572311418805
2022-10-23,19567.0078125,19646.65234375,19124.197265625,19207.734375,22128794335,1.8680488353712166,1.202993649702333,-0.28828718001392417,1.0989990330277246,1.3583669227364001,2.683369792236879,0.8049568163141295,19698.846712239585,19407.17998046875,0.8235500067093726,-71.04051151209786,-3.7854248523692346,11.400603576918744,37.40802548865527
2022-10-24,19345.572265625,19589.125,19206.32421875,19567.76953125,30202235805,-1.1316781236911488,1.0765000701060234,-4.874264151117358,1.1350455284158698,1.074510082218131,2.682759318785142,0.8437951439257251,19661.257845052085,19357.61640625,-0.06221913055943773,-71.3682397080483,-4.043231892312238,11.400603576918744,36.48387412246243
2022-10-25,20095.857421875,20348.412109375,19261.447265625,19344.96484375,47761524910,3.878330120960949,5.469357589015034,-0.3217116516911367,1.8941019417338325,1.4033537177875766,2.6117023779732547,0.8212723269118449,19658.521809895832,19354.3734375,3.831092681813919,-70.25780552448421,0.0,11.400603576918744,58.13903718377382
2022-10-26,20770.44140625,20938.134765625,20076.1171875,20092.236328125,58895950537,3.356831063305088,8.334725574921077,4.084088898441429,2.109780112511044,1.568657791442545,2.6426826034427853,0.7890837588188547,19670.666861979167,19395.12333984375,7.091050891029438,-69.25941030142148,0.0,14.292237457526857,23.312542151828875
2022-10-27,20285.8359375,20854.044921875,20255.373046875,20772.802734375,49625110402,-2.33314959115013,5.610349101381207,3.780590442413634,2.7461508131097245,1.5914448479879229,2.645847495630065,0.8277762451042189,19681.817220052082,19432.07265625,4.3935780621703335,-69.97663424429102,-2.33314959115013,14.292237457526857,-15.741048493946641
2022-10-28,20595.3515625,20724.98046875,20086.068359375,20287.95703125,43994715910,1.525772100068279,5.255498233833489,6.071017191644179,2.727282317883136,1.604240459573397,2.6154305314008566,0.8142492793332999,19686.773177083334,19491.01181640625,5.665892343075729,-69.51854610608893,-0.8429760365964767,14.292237457526857,-11.345857865886144
2022-10-29,20818.4765625,20988.39453125,20566.484375,20595.103515625,40369840645,1.083375534148523,7.613650693043561,7.055542219860866,2.4480362942099383,1.6130027710737285,2.59740663848203,0.8142492793332999,19703.8009765625,19559.61435546875,6.436027746524964,-69.18831749214955,0.0,14.566583817967826,-8.239342361967761
2022-10-30,20635.603515625,20917.005859375,20547.462890625,20817.982421875,31486345556,-0.8784170461560437,2.6858574999764295,7.80565974588896,2.206119001724393,1.576717471136859,2.595989274570907,0.7606801023542695,19713.564973958335,19634.3203125,5.099658084357239,-69.458972563506,-0.8784170461560437,14.566583817967826,-22.005276580402512
2022-10-31,20495.7734375,20795.3203125,20287.458984375,20633.6953125,45668466815,-0.6776156462742766,-1.3223983225862046,7.581354160195186,1.5691041866588633,1.5833197461240203,2.5975024137784373,0.7684545837178632,19719.708854166667,19706.5380859375,4.004941649927307,-69.66592334394859,-1.5500804010860292,14.566583817967826,45.042131783049925
2022-11-01,20485.2734375,20647.2890625,20359.845703125,20494.8984375,39819303159,-0.051230074493258115,0.9831367098425803,6.931133579348425,1.0646985939060576,1.5855406775871177,2.595184772002601,0.7685399620472729,19728.300553385416,19772.9294921875,3.6026221890588017,-69.68146351401634,-1.6005163682350942,14.566583817967826,-12.807882690028949
2022-11-02,20159.50390625,20742.810546875,20087.134765625,20482.958984375,55552169483,-1.5902620594443806,-2.1162428566822378,4.006621492219864,1.0052505298839047,1.6294795173832102,2.602280715094459,0.8468177750549629,19733.757486979168,19811.75947265625,1.7552425571979002,-70.16360769673173,-3.1653260231202407,11.8130482605028,39.5106520603288
2022-11-03,20209.98828125,20382.095703125,20086.240234375,20162.689453125,43228750179,0.25042468919260763,-2.9228280917829474,5.339051309490661,0.7224905000316078,1.603700688434228,2.600697928284265,0.8156720293033728,19737.478743489584,19862.97607421875,1.7470302825449036,-70.08889000403998,-2.9228280917829474,11.8130482605028,-22.18350681654512
2022-11-04,21147.23046875,21209.560546875,20188.01953125,20208.76953125,64072727950,4.63751969796804,2.4793408767405545,10.906416703943167,2.4104065048076233,1.860264091880164,2.6640264181115123,0.8039901046014287,19759.726399739582,19966.955859375,5.911139473075111,-68.70175638609646,0.0,12.991282562409111,48.21785891262189
2022-11-05,21282.69140625,21446.88671875,21097.634765625,21144.83203125,37846047609,0.6405611254872046,3.8394158246803256,10.455614771180976,2.3178332212688906,1.8565293638416824,2.580309910043247,0.8039901046014287,19800.476790364584,20067.6857421875,6.054538025320189,-68.5012720045455,0.0,14.255608076675074,-40.93267319828545
2022-11-06,20926.486328125,21345.376953125,20920.19140625,21285.056640625,35082693210,-1.6736843631552811,2.1538052297477517,7.0367017422998,2.563402388438033,1.9039528931595218,2.575955236090388,0.886826395452087,19827.746158854166,20136.47216796875,3.923299739727648,-69.02846128959823,-1.6736843631552811,14.255608076675074,-7.3015666722959445
2022-11-07,20602.81640625,21053.24609375,20489.97265625,20924.62109375,53510852236,-1.5466997985227438,2.1990248473453766,6.560324292184205,2.554781537115487,1.9242027283742025,2.5854399076605046,0.9191576525600558,19848.962532552083,20199.8921875,1.9946849963849544,-69.50749801643141,-3.194497289005205,14.255608076675074,52.52777748758246
2022-11-08,18541.271484375,20664.607421875,17603.544921875,20600.671875,118992465607,-10.006131594948432,-8.256891462045857,-3.1258004282284646,5.352512331531846,3.0039089638764884,2.539635659136865,2.4083575952466867,19801.631184895832,20169.97900390625,-8.074909345298886,-72.55861789149955,-12.880983281418711,21.832771830513977,122.37071665800632
2022-11-09,15880.7802734375,18590.458984375,15682.6923828125,18543.76171875,102905151606,-14.349022466876315,-24.903734808654576,-16.652688248647053,6.452176670820634,4.378770527892401,3.1188013741379907,4.010593688372,19704.96853841146,20011.331005859374,-20.641059463822952,-76.49618797546965,-25.381710563289673,36.755132315512284,-13.519607244825115
2022-11-10,17586.771484375,18054.3125,15834.0185546875,15883.158203125,83202283721,10.742489862358795,-17.365848385085513,-8.270699440441131,9.616930381906258,5.081299752964584,3.437078110062406,4.010593688372,19635.26046549479,19932.046142578125,-11.766351740442904,-73.97129335146661,-17.365848385085513,36.755132315512284,-19.146629277062555
2022-11-11,17034.29296875,17650.943359375,16543.482421875,17583.251953125,55871616488,-3.1414436476635332,-18.599363975135795,-11.31755020263675,9.574644119428035,5.118765459897855,3.4325855150508593,4.071645262394749,19546.32452799479,19823.351318359375,-14.069560211175247,-74.78897050304593,-19.961753691792904,36.755132315512284,-32.84845801185842
2022-11-12,16799.185546875,17066.67578125,16651.775390625,17036.875,29717699419,-1.3802006476365758,-18.461703411680862,-14.145352688298264,9.584117027610592,5.092146578747249,3.2320344555110703,4.083324972882813,19488.03250325521,19684.960205078125,-14.659794219236888,-75.13693329543875,-21.066442085695737,36.755132315512284,-46.81073989441005
2022-11-13,16353.365234375,16920.765625,16320.634765625,16799.72265625,27209183682,-2.6538209918333333,-11.800195320174133,-15.467141473849445,8.900303735920575,5.111343271594119,3.246755600516593,4.118451937102233,19423.23709309896,19535.349853515625,-16.288342123384027,-75.79675457885793,-23.161197415226464,36.755132315512284,-8.441150513138918
2022-11-14,16618.19921875,17109.32421875,15872.94140625,16352.0283203125,49630243054,1.6194463988263186,4.643467969555126,-17.30534871002546,5.732804434229691,5.02895189449766,3.2409738364015013,4.118451937102233,19371.853564453126,19361.466943359374,-14.168697716111145,-75.40479599248614,-21.916834193866087,36.755132315512284,82.40254332522463
2022-11-15,16884.61328125,17051.962890625,16542.55078125,16617.484375,36599436183,1.6031463998783302,-3.9925361158461237,-18.70845230968814,2.284952554870473,4.967178097925547,3.2487672628448827,4.118451937102233,19323.72071940104,19167.175537109375,-11.908704292085858,-75.01049886489695,-20.665046732334027,36.755132315512284,-26.25577887422772
2022-11-16,16669.439453125,16960.294921875,16430.111328125,16884.341796875,33925512989,-1.27437818409466,-2.141876485829708,-17.827199704843324,1.9296584069241185,4.956831777738932,3.2408230364417756,4.095200727106273,19266.085107421874,18986.355712890625,-12.203059369590207,-75.3289596156768,-21.67607406913885,36.755132315512284,-7.305913622904403
2022-11-17,16687.517578125,16726.439453125,16460.68359375,16670.42578125,27868914022,0.10845070736082985,-0.6647225154958303,-18.97434949102972,1.8574130671463176,4.93105255563075,3.2127380356312782,4.095200727106273,19220.55196940104,18790.964013671874,-11.193925090891844,-75.30220369786672,-21.591131217434057,36.755132315512284,-17.852637833254846
2022-11-18,16697.77734375,16947.05859375,16564.611328125,16687.912109375,26862218609,0.06148167681003791,2.1060626020327655,-19.793471469341572,1.2180883573280519,4.914392589687438,3.211033932438539,4.095200727106273,19173.11277669271,18584.929052734376,-10.154204536533983,-75.28701907856504,-21.542924130138765,36.755132315512284,-3.612252031798957
2022-11-19,16711.546875,16797.876953125,16570.41015625,16696.220703125,16106223492,0.08246325823211276,0.5617194439736739,-19.015952878013753,1.018443615399954,4.920110599921467,3.184727405568365,4.090487522281773,19136.792073567707,18388.726220703124,-9.12069343778067,-75.26663994929095,-21.47822586906283,36.755132315512284,-40.04135054353358
2022-11-20,16291.83203125,16746.779296875,16248.6923828125,16712.919921875,21313378652,-2.5115259939095247,-3.5107777721996802,-20.511260134044406,1.1680119649874359,4.93223509327723,3.1921261916016297,4.126077818297087,19099.199267578126,18178.529150390626,-10.378711630253568,-75.88782471613173,-23.45032063724024,36.755132315512284,32.3300813662893
2022-11-21,15787.2841796875,16291.2236328125,15599.046875,16291.2236328125,37429485518,-3.0969374751391165,-5.292051216947935,-22.933495479793987,1.5955903117457375,4.947691549725239,3.149971453993372,4.183770789952848,19038.761490885416,17943.6296875,-12.01733175152777,-76.63456370856909,-25.821016344524384,37.4884433043285,75.61497934766763
2022-11-22,16189.76953125,16253.0478515625,15656.6064453125,15782.30078125,30726828760,2.5494274188105903,-2.9827566895119118,-19.691627301251557,2.2753787404710537,5.015483348141679,3.1709567659110633,4.168631832145562,18986.963671875,17745.14296875,-8.765065687208507,-76.03887886923062,-23.92987699621667,37.4884433043285,-17.907424227823444
2022-11-23,16610.70703125,16638.193359375,16170.5029296875,16195.5888671875,32958875628,2.600021570334854,-0.5214485180124351,-17.809417798323345,2.6989312189014805,5.072690103645514,3.1845337409393855,4.168631832145562,18948.191927083335,17565.17890625,-5.433886441432034,-75.41588455133656,-21.95203738953805,37.4884433043285,7.264162811704367
2022-11-24,16604.46484375,16771.474609375,16501.767578125,16611.63671875,26129037414,-0.03757930043709612,-0.6407667228590985,-21.481610235973935,2.6977105107980486,4.911699561577396,3.1837654257928527,4.168640301365461,18911.564713541666,17338.040625,-4.231018931817743,-75.42512308994081,-21.98136726789246,37.4884433043285,-20.722303427722988
2022-11-25,16521.841796875,16603.31640625,16388.404296875,16602.26953125,18678255976,-0.49759536156385176,1.4118103181017805,-22.369584365522964,2.3790368417750245,4.897248834134007,3.168474066812304,4.170124940497685,18866.55087890625,17099.99814453125,-3.381031639708987,-75.54740653755529,-21.048180101454484,36.837699919566404,-28.515330740840284
2022-11-26,16464.28125,16666.86328125,16416.228515625,16521.576171875,18000008764,-0.34839061881034583,4.288242756683558,-21.32324083536107,1.580389899544581,4.8986150582249355,3.1681388885762316,4.154028147852522,18822.446451822918,16876.887890625,-2.444802876567065,-75.63259707923429,-20.08723018564854,34.964951784914746,-3.6312127474400824
2022-11-27,16444.626953125,16594.40625,16437.025390625,16463.8828125,20443898509,-0.11937537130568554,1.5741880783606277,-20.182626351335088,1.2878876624690787,4.901759639467629,3.1588302247745297,4.139691819903657,18772.744889322916,16668.97841796875,-1.3459221028320645,-75.6616857569485,-11.307986795926439,32.47352602673039,13.57715863943232
2022-11-28,16217.322265625,16482.93359375,16054.5302734375,16440.22265625,27743025156,-1.3822428939733733,-2.3682602124335705,-12.53392584596168,0.5379161548170687,4.4240818277033895,3.15963197384351,3.4966333322072796,18716.816080729168,16552.78095703125,-2.026600196529238,-75.99810037608599,-7.786814197061065,19.176890314812912,35.70320329944268
2022-11-29,16444.982421875,16522.2578125,16139.396484375,16217.6396484375,23581685468,1.4038085481754337,-0.9604791444695615,3.552735688819997,1.0107362960429274,3.022239330082519,3.166302460945803,1.3898641560083926,18667.035970052082,16580.991064453126,-0.8202684752041556,-75.661159657441,-6.492317612214526,15.739843880685811,-14.999588778082574
2022-11-30,17168.56640625,17190.9375,16445.4765625,16445.4765625,29523576583,4.400028931697086,3.9143614696596662,-2.377952533792549,2.250033491263238,2.0292213295469317,3.221591550568484,1.3898641560083926,18631.310481770834,16560.080810546875,3.674411995112914,-74.59024364072884,0.0,13.15398627119646,25.197058637148984
2022-12-01,16967.1328125,17197.498046875,16888.388671875,17168.001953125,22895392882,-1.1732697360023692,3.054196869359238,-0.39426441927004063,2.380875670967528,1.9187150663163213,3.2203065554745955,1.2276469591277441,18596.69423828125,16556.722802734374,2.4788118678766846,-74.8883686220841,-1.1732697360023692,10.247107946298794,-22.450476765123984
2022-12-02,17088.66015625,17088.66015625,16877.880859375,16968.68359375,19539705127,0.7162515027905547,3.916374661224009,1.7231466880776702,2.344543314541941,1.8966182019434978,3.1952458973773314,1.1882210925870553,18554.445572916666,16571.196533203125,3.1226690360593556,-74.70850618496456,-0.465421795327714,10.247107946298794,-14.656606996415377
2022-12-03,16908.236328125,17116.041015625,16888.140625,17090.09765625,16217776704,-1.0558102652595158,4.2603461359616235,3.3930086303194162,2.2722618042880267,1.8058798850653708,3.15752673729186,1.0561571085048764,18497.302115885417,16598.940087890624,1.8633493379496935,-74.97553637290117,-1.5163180894954054,10.247107946298794,-17.00091378763825
2022-12-04,17130.486328125,17157.767578125,16903.439453125,16908.169921875,16824520830,1.3144481522908036,4.168468464509556,3.0826872552893514,2.267243468536952,1.7943566922830263,3.162937791961904,1.0561571085048764,18446.798274739584,16624.554443359375,3.0432808680037615,-74.64660277313409,-0.22180115231483777,10.247107946298794,3.7412287582572867
2022-12-05,16974.826171875,17378.15234375,16922.431640625,17128.89453125,22209086834,-0.908673304822849,-1.1284590092768054,0.5342905349521976,1.1524605164185466,1.7763698363501859,3.162501145332963,1.0755241497010959,18397.121321614584,16629.065087890624,2.0792575058002694,-74.87698232560032,-1.1284590092768054,11.405219068873397,32.00427553573304
2022-12-06,17089.50390625,17091.86328125,16939.921875,16975.23828125,19889922369,0.6755753090715411,0.7212243524129525,2.519967478847951,1.0639036322899997,1.753711682661993,3.155339402390609,1.0370873679615644,18356.165559895835,16650.068310546874,2.639241998933839,-74.70725742129841,-0.46050729064494034,11.405219068873397,-10.442412523911514
2022-12-07,16848.126953125,17109.376953125,16750.55859375,17089.505859375,19675404389,-1.412428087141393,-1.4075603407504578,0.9624521697016108,1.1973783614834383,1.7877509476066142,3.1587838849192864,1.084111555077585,18313.358203125,16658.098779296874,1.140755474834254,-75.06449922148836,-1.8664310434699294,11.405219068873397,-1.0785259792383206
2022-12-08,17233.474609375,17267.916015625,16788.783203125,16847.349609375,20496603770,2.2871839541696026,1.9235494166177647,3.208195046543194,1.5387297118609695,1.855637096788234,3.174635795958014,1.084111555077585,18276.47568359375,16684.883642578126,3.2879520082293334,-74.49417844879041,0.0,11.405219068873397,4.173735719806149
2022-12-09,17133.15234375,17280.546875,17100.8359375,17232.1484375,20328426366,-0.5821360340788395,0.015562988545303469,2.522839279353062,1.4871471436137533,1.8633024919087344,3.169718804281141,1.0918983386567598,18243.003483072916,16705.963916015626,2.5571013434599665,-74.64265702682783,-0.5821360340788395,11.405219068873397,-0.8205135147616671
2022-12-10,17128.724609375,17216.826171875,17120.68359375,17134.220703125,12706781969,-0.025843080632004245,0.9066274725981538,5.136884400230279,1.4004026461390453,1.7569238176650392,3.1694374156529994,0.936422572505628,18210.95859375,16747.808544921874,2.274423327872488,-74.64921014541852,-0.6078286728261717,11.405219068873397,-37.492544970167806
2022-12-11,17104.193359375,17245.634765625,17091.8203125,17129.7109375,14122486832,-0.1432170261326582,0.08595599501064477,8.341581520283793,1.3768779433862275,1.574044903502878,3.168169969658343,0.6311590163189622,18176.737727864584,16813.65400390625,1.727996516410113,-74.6855167927494,-0.7501751848096316,10.995651608480728,11.141332765871127
2022-12-12,17206.4375,17212.564453125,16899.39453125,17102.5,19617581341,0.5977723618808328,2.126708493305496,6.279693894268212,1.1222763789886825,1.493038875896647,3.1649774527435244,0.6311590163189622,18140.46328125,16864.48740234375,2.027634101755904,-74.5341938085835,-0.15688716284928406,8.244539377788307,38.91024700089449
2022-12-13,17781.318359375,17930.0859375,17111.763671875,17206.44140625,26634741631,3.3410801008343594,3.178951212206349,7.047329929561141,1.5690744736237305,1.5603960927472846,3.1945502616193338,0.6311590163189622,18117.057649739585,16923.01796875,5.071792703936939,-73.68336082540503,0.0,11.682407595354194,35.76975248897989
2022-12-14,17815.650390625,18318.53125,17739.513671875,17782.06640625,25534481470,0.19307922256450727,3.983493715468933,7.29433654304672,1.4523890985920995,1.5582122992827419,3.193937176604637,0.6311030769134729,18096.191243489582,16983.57724609375,4.899280831561126,-73.63254886308161,0.0,14.101944672329214,-4.1309210963751735
2022-12-15,17364.865234375,17846.744140625,17322.58984375,17813.64453125,20964448341,-2.530276169357326,1.3786235133394165,5.1024785726943245,2.0949240837735705,1.6789789237713224,3.20623511895639,0.8402534803010572,18064.470768229166,17025.72841796875,1.9919078237400356,-74.299718195666,-2.530276169357326,14.101944672329214,-17.897497289573906
2022-12-16,16647.484375,17505.525390625,16584.701171875,17364.546875,24031608960,-4.131220425223303,-2.6701579827771993,1.1127307789400076,2.904607012658199,1.9436213505384898,3.2405115896752172,1.2463170624216764,18016.082877604167,17034.88857421875,-2.27418099937009,-75.3614534869066,-6.556965308657581,14.101944672329214,14.630294912180354
2022-12-17,16795.091796875,16800.58984375,16614.029296875,16646.982421875,14463581825,0.8866650272798315,-2.390650029240504,2.1311814779927385,2.934766940110412,1.951377048604212,3.2414266289237346,1.2460311778280984,17973.760807291666,17052.41181640625,-1.50899487006102,-75.14299211174492,-5.728438599620489,14.101944672329214,-39.81434264732643
2022-12-18,16757.9765625,16815.38671875,16697.8203125,16795.609375,10924354698,-0.22098857704312413,-5.755151424615567,3.3338074437911036,2.09804728628266,1.9212587752020893,3.2396159424381255,1.208100046677369,17934.0681640625,17079.44453125,-1.882192176459918,-75.19792325977268,-5.936767981715518,13.50195943035839,-24.469921557622186
2022-12-19,16439.6796875,16807.52734375,16398.13671875,16759.041015625,17221074814,-1.899375344110854,-7.723381818544595,-0.032245302785771646,1.9650123952800904,1.9523884676566052,3.2471514934546795,1.280580750157003,17890.50048828125,17079.17939453125,-3.7443233791198294,-75.669007790204,-7.723381818544595,11.711053299453077,57.63928662214515
2022-12-20,16906.3046875,17012.984375,16427.8671875,16441.787109375,22722096615,2.8384068842582266,-2.640737723476516,-1.5275691198918473,2.659394684195466,1.7925329492746411,3.2690992184351675,1.280580750157003,17852.731087239583,17066.06630859375,-0.9361361792746492,-74.97839523231282,-5.104195935521494,11.711053299453077,31.943545106301396
2022-12-21,16817.53515625,16916.80078125,16755.912109375,16904.52734375,14882945045,-0.5250676176186131,1.0214803475374845,-0.88169084254347,1.7707175449783288,1.777170247925417,3.2691293850430756,1.258905780491655,17812.886848958333,17058.58642578125,-1.4130788068520195,-75.10977557635647,-5.6024630731428715,11.711053299453077,-34.50012427473344
2022-12-22,16830.341796875,16866.673828125,16592.408203125,16818.380859375,16441573050,0.07615052090579333,0.20988274685440622,-1.5116361201701567,1.7306086680788235,1.7687822949787264,3.2583892737998803,1.258905780491655,17767.275748697917,17045.6705078125,-1.2632457657726692,-75.09082154080325,-5.530578857050827,11.711053299453077,10.472577841867592
2022-12-23,16796.953125,16905.21875,16794.458984375,16829.64453125,15329265213,-0.1983838015767403,0.23258513553015003,-0.6581597333122913,1.7297405891184352,1.7537342709184225,3.2560784998008,1.2373660755735696,17724.798763020834,17040.10634765625,-1.4269466263612363,-75.14023731597213,-5.717990886041758,11.711053299453077,-6.765215430527194
2022-12-24,16847.755859375,16864.703125,16793.52734375,16796.9765625,9744636213,0.3024520816182319,2.4822635211395383,-1.6504520848646953,1.3439973560826268,1.727660802699136,3.2129507833798527,1.2373660755735696,17670.663736979168,17025.96982421875,-1.0467184347422553,-75.06504844624892,-5.4328329868851055,11.711053299453077,-36.43115910907425
2022-12-25,16841.986328125,16860.5546875,16755.25390625,16847.505859375,11656379938,-0.0342451024228807,-0.3804400817557396,-0.7825696852795883,0.31014455760601073,1.716319262997233,3.1782272510662692,1.2205937418270874,17605.189485677085,17019.32783203125,-1.0420006339644239,-75.07358744594761,-5.465217610087159,11.711053299453077,19.618420669717818
2022-12-26,16919.8046875,16920.123046875,16812.369140625,16842.25,11886957804,0.4620497716771643,0.6081124867575616,-0.9930026037089146,0.263323236119318,1.7123900451391099,3.168354383968919,1.2205937418270874,17549.08896484375,17010.84287109375,-0.5351773823532913,-74.9584150136543,-5.028419863899069,11.711053299453077,1.9781258609142593
2022-12-27,16717.173828125,16959.845703125,16642.072265625,16919.291015625,15748580239,-1.1975957353969946,-0.6724044592547274,-0.777256281154215,0.6502104068692989,1.7039539275988633,3.16197052496159,1.2090546740293464,17484.452669270835,17004.29521484375,-1.6885227120034374,-75.2583119675266,-6.165795457448153,11.711053299453077,32.48621303005341
2022-12-28,16552.572265625,16768.169921875,16497.556640625,16716.400390625,17005713920,-0.9846255365429935,-1.4549118376193548,-3.951045039864387,0.7563436353252776,1.6255205215131272,3.1579444604239875,1.228937580657715,17413.354264322916,16970.25009765625,-2.461235571825404,-75.50192494606614,-7.089710997386101,11.711053299453077,7.982520722006536
2022-12-29,16642.341796875,16651.755859375,16508.68359375,16552.322265625,14472237479,0.5423297950882588,-1.2192369370410683,-2.8646832586768145,0.8091162512289078,1.630636977382961,3.15909521370941,1.2220243283356456,17346.79990234375,16945.7095703125,-1.790233522997331,-75.36906458582557,-6.585830817422311,11.711053299453077,-14.89779525233834
2022-12-30,16602.5859375,16643.427734375,16408.474609375,16641.330078125,15929162910,-0.2388838052975517,-1.4214498572844514,-3.071674534290958,0.8010895438136466,1.6305991217520088,3.1587308993910184,1.2231775584211109,17281.913444010417,16919.40263671875,-1.872505229772059,-75.42790390162332,-6.8089821394527466,11.711053299453077,10.06703651121037
2022-12-31,16547.49609375,16628.986328125,16517.51953125,16603.673828125,11239186456,-0.33181483870876605,-2.200430800628883,-3.2547414188338064,0.68696241207727,1.6311445050797804,3.1585643095126503,1.225007280776601,17216.283821614583,16891.5677734375,-2.036943428238569,-75.50943776265952,-7.1182037650577845,11.711053299453077,-29.44270505925788
2023-01-01,16625.080078125,16630.439453125,16521.234375,16547.9140625,9244361700,0.46885633896178724,-0.5508930573244419,-3.3787204461992792,0.6307504731130024,1.6282752827699272,3.1555424489665693,1.225007280776601,17157.3767578125,16862.49990234375,-1.4079752444401739,-75.39461220916237,-6.682721575668693,11.711053299453077,-17.748835859334555
2023-01-02,16688.470703125,16759.34375,16572.228515625,16625.509765625,12097775227,0.38129515588565255,0.821010990432125,-6.146044034321041,0.4157628787295308,1.413790217937504,3.1559536099590844,1.225007280776601,17098.684798177084,16807.85751953125,-0.710303596205053,-75.30079305742903,-6.326907313432395,11.711053299453077,30.866528372640367
2023-01-03,16679.857421875,16760.447265625,16622.37109375,16688.84765625,13903079207,-0.0516121662866742,0.22542275274652912,-6.3752540257956625,0.3621672135591117,1.4102887662190837,3.0897828164999526,1.225061642833177,17024.228580729166,16751.06787109375,-0.4251099080174625,-75.3135408531877,-3.944791988042484,8.833975754200353,14.922611357259274
2023-01-04,16863.23828125,16964.5859375,16667.763671875,16680.205078125,18421743322,1.0994150293785143,1.5699502760065043,-2.8887465946582425,0.5468390927565308,1.342717888063658,3.092832809318906,1.0865823273366098,16950.571028645834,16725.9865234375,0.820589910318148,-75.04213421110627,-0.3343206809697352,6.753137206185067,32.50117508303425
2023-01-05,16836.736328125,16884.021484375,16790.283203125,16863.47265625,13692758566,-0.15715814888571655,1.7479395839485656,1.1368201276656942,0.49880203500213127,0.9602171121622239,3.0879293305661877,0.5731901762758956,16882.408528645832,16735.44912109375,0.605225508430407,-75.08135753098148,-0.49095341766189904,3.7494970727190546,-25.670669020518012
2023-01-06,16951.96875,16991.994140625,16716.421875,16836.47265625,14413662913,0.6844106816741524,1.9662381795388484,0.9340642791496379,0.520677056126487,0.9520932856070571,3.0862572629035925,0.5731901762758956,16821.561067708335,16743.29296875,1.2463246127238925,-74.91081168019534,0.0,3.7494970727190546,5.264858381349491
2023-01-07,16955.078125,16975.017578125,16914.19140625,16952.1171875,7714767174,0.018342264818071996,1.5975545430000127,1.1761656412687893,0.5470482394492616,0.9499994619681227,2.809522010330195,0.5710561974272016,16795.12451171875,16753.148046875,1.2053261724900954,-74.906209754833,0.0,3.7494970727190546,-46.4760122352946
2023-01-08,17091.14453125,17091.14453125,16924.05078125,16954.146484375,9768827914,0.8025112314249405,2.4657711332448873,3.9627587406422915,0.5357515564009756,0.842296244670138,2.098979503309058,0.3817379280726554,16815.297249348958,16785.7212890625,1.819541960264237,-74.70482926972532,0.0,4.160471574152025,26.625051588368255
2023-01-09,17196.5546875,17389.95703125,17093.9921875,17093.9921875,18624736866,0.6167530562816603,1.976585995470459,1.7168151489343586,0.4317775664616648,0.5820070100839662,1.573696444684189,0.3817379280726554,16808.79363606771,16800.2337890625,2.3590201387287735,-74.54882053115467,0.0,5.98155797684099,90.65477486104892
2023-01-10,17446.29296875,17484.720703125,17162.990234375,17192.94921875,15808338949,1.4522576515372032,3.6203966656338515,3.738703720005798,0.5116461481219804,0.637869611961142,1.5306752633077712,0.3632341470396465,16815.660302734374,16831.6716796875,3.651576033319537,-74.17920382991193,0.0,6.559086809538561,-15.12181319533924
2023-01-11,17934.896484375,17934.896484375,17337.994140625,17446.359375,18372283782,2.800615102017323,5.7983102073321025,6.5628773368410664,1.0607699252415212,0.8640701480419177,1.559296100235533,0.3632341470396465,16834.588818359374,16886.8994140625,6.205976861802021,-73.45606271291132,0.0,9.302643367762386,16.21893888580994
2023-01-12,18869.587890625,19030.087890625,17995.203125,18117.59375,34971338710,5.211579598824612,11.291659947010713,12.339349584420534,1.9004216755526362,1.3833820321925419,1.6500421257705475,0.36051524092500936,16876.52586263021,16990.53115234375,11.059434937218239,-72.0727042925326,0.0,15.977190711878464,90.34834822365798
2023-01-13,19909.57421875,19964.322265625,18753.1640625,18868.90625,29225029694,5.511441660269112,16.49058483091459,18.173449241141746,2.1933595313309944,1.7639362327327863,1.7763709750496393,0.36051524092500936,16931.38211263021,17143.6220703125,16.134000954368233,-70.5335076823247,0.0,21.67079963800147,-16.431481401530824
2023-01-14,20976.298828125,21075.142578125,19907.828125,19910.537109375,38967784639,5.357847423830919,21.97965935218673,24.547653818575867,1.8373465365483361,2.0153733084058105,1.885247168668047,0.36043390876445003,16999.57687174479,17350.3376953125,20.898504665947314,-68.9547379827888,0.0,28.440595971570048,33.337023253735886
2023-01-15,20880.798828125,20993.748046875,20606.986328125,20977.484375,19298407543,-0.4552757413617381,19.686164078104884,23.410401087852396,2.5685001695418785,2.0414621594566302,1.8760104977285725,0.3745349150891594,17069.766194661457,17548.38740234375,18.98984419124561,-69.09607952959536,-0.4552757413617381,28.440595971570048,-50.475995179655044
2023-01-16,21169.6328125,21360.875,20715.74609375,20882.224609375,26792494050,1.3832516023570829,18.035991068825652,26.634041316745627,2.7615024243487163,1.9704815852613873,1.8799454741565889,0.26184847784318027,17144.468115234376,17771.0103515625,19.124531434638882,-68.66860055449732,0.0,30.181966992808952,38.832667878434805
2023-01-17,21161.51953125,21438.66015625,20978.533203125,21175.833984375,24999983362,-0.03832509199314105,12.14616691106276,27.84429629222327,2.896123042387825,1.9259814621853333,1.8803072194544703,0.14199892120004193,17218.863818359376,18001.45771484375,17.554477345468023,-68.68060834215754,-0.03832509199314105,30.656021760858863,-6.690346500235577
2023-01-18,20688.78125,21564.501953125,20541.544921875,21161.05078125,30005625418,-2.2339524368838015,3.9137302620775083,24.314122991301712,2.854710686263293,2.074233970217595,1.9107390428585378,0.5193176948024488,17285.15105794271,18203.7796875,13.651019761606875,-69.3802686553151,-2.271421364550419,31.42295348285513,20.022581549428466
2023-01-19,21086.79296875,21163.01171875,20685.380859375,20686.74609375,21152848261,1.9238045679950355,0.5267570867976357,27.009087910345286,1.6390952224186126,2.0562840308368564,1.8827970748502707,0.5165632531580789,17365.06707356771,18427.9900390625,14.428067977308089,-68.79120486499824,-0.3913145045250199,30.55532891804038,-29.50372483050905
2023-01-20,22676.552734375,22692.357421875,20919.126953125,21085.373046875,28799154319,7.539125404137925,8.60002493693508,37.03917865217052,3.6312004577287977,2.4573047334073275,2.0376964241948103,0.5112069445477939,17479.888216145835,18734.44287109375,21.042044807020744,-66.43833466264996,0.0,37.35267539217995,36.14787930048018
2023-01-21,22777.625,23282.34765625,22511.833984375,22677.427734375,32442278429,0.4457126566322689,7.595749070104474,37.00761074811552,3.6765232748690657,2.457878636690528,2.0220679265913906,0.5112069445477939,17589.685807291666,19042.0701171875,19.617378046732227,-66.28874607246483,0.0,40.49014370214854,12.650107949859057
2023-01-22,22720.416015625,23056.73046875,22387.900390625,22777.986328125,24746386230,-0.2511630794474806,7.366656643313907,36.14438626404808,3.7003368452198746,2.478562973077981,2.0074879548206477,0.5142826895567927,17691.514290364583,19343.6673828125,17.456610300344888,-66.3734162959496,-0.2511630794474806,40.066345077593326,-23.7217993669664
2023-01-23,22934.431640625,23126.486328125,22654.3046875,22721.087890625,26518700512,0.9419529327844067,10.854435374848382,37.49776787988226,3.131248156844532,2.453910748286624,2.006670899065366,0.5141531814472494,17797.013736979166,19656.39609375,16.676686465009173,-66.05666970455408,0.0,39.68489183426793,7.161911503067975
2023-01-24,22636.46875,23134.01171875,22549.744140625,22929.626953125,26405069715,-1.2991945703908492,7.349034931706178,34.23559800592497,3.492598696119202,2.5384995880114354,2.01647007535913,0.5905495919725805,17898.924186197917,19945.0576171875,13.494125634880083,-66.49765960876235,-1.2991945703908492,39.27829669739058,-0.4284930815089516
2023-01-25,23117.859375,23722.099609375,22406.076171875,22639.267578125,30685366709,2.1266153759075257,1.9460922733464336,37.30606053610681,1.2833567823581518,2.5106424549881234,2.023172625584688,0.5895030842929679,18009.817154947916,20259.11376953125,14.110911454419938,-65.7851936867134,0.0,41.90895507879135,16.210133281975313
2023-01-26,23032.77734375,23237.078125,22911.373046875,23108.955078125,26357839322,-0.3680359408276712,1.1201885348011587,35.87081054376058,1.3258608322691698,2.5422671083481028,2.02489809512218,0.5952196309581594,18119.619661458335,20563.15419921875,12.009943224688158,-65.91111647103088,-0.3680359408276712,40.24968169988543,-14.102902624692238
2023-01-27,23078.728515625,23417.720703125,22654.59375,23030.716796875,25383335641,0.19950339114214177,1.5770507888305696,36.116910494182704,1.3000373428237795,2.5367482469301574,2.0091153509268964,0.5952196309581594,18233.976432291667,20869.33671875,10.586784940270654,-65.84310799238808,-0.16926679386810584,40.167977016805544,-3.6972062432546027
2023-01-28,23031.08984375,23165.896484375,22908.845703125,23079.96484375,14712928379,-0.20641809553220147,0.4214545389203517,34.75452039879021,1.2636568092809717,2.5629897009183806,2.0090762226828383,0.5970065582438141,18343.744889322916,21166.333984375,8.810008671088543,-65.91361399836319,-0.37533549210803097,38.77448491360498,-42.037056960964605
2023-01-29,23774.56640625,23919.890625,22985.0703125,23031.44921875,27423687259,3.2281432079158012,5.027717303521562,38.251916376781516,1.5969944108982403,2.580319639403392,1.9767702553948907,0.5970065582438141,18453.844889322918,21495.2345703125,10.603893753667304,-64.8132566438274,0.0,39.3690161117257,86.39176751612732
2023-01-30,22840.138671875,23789.34765625,22657.58203125,23774.6484375,27205595568,-3.9303670923283462,-1.2013253416764513,30.916858456902663,2.5423657066202696,2.868162402511924,2.0485542427501304,1.0624528717119661,18551.7283203125,21764.92685546875,4.940112243639749,-66.19622482556044,-3.9303670923283462,37.96227193867154,-0.7952675690189204
2023-01-31,23139.283203125,23225.021484375,22765.568359375,22840.796875,22837828665,1.3097316769725253,0.4624099724729991,29.018214425068443,2.626516644658132,2.8489996128711073,2.050964426768506,1.0624528717119661,18652.572037760416,22025.14619140625,5.058477260657024,-65.75348607408822,-2.6721126781853455,32.923704494166415,-16.054663799154213
2023-02-01,23723.76953125,23764.5390625,22877.75,23137.8359375,26683255504,2.525948288865165,2.794959068859826,25.72489483480829,2.8413730849251366,2.7161058182704605,2.0562387057454665,1.0624528717119661,18766.1642578125,22267.8552734375,6.538188073950724,-64.88843684158068,-0.21366057379135217,27.551225730657958,16.83797043671358
2023-02-02,23471.87109375,24167.2109375,23468.595703125,23720.82421875,32066936882,-1.061797692681965,1.913853200132487,17.89238100152428,2.925472889944957,2.5582047048135057,2.0648462388313087,1.0886582666834623,18871.85400390625,22445.9701171875,4.570535250677099,-65.26125060906136,-1.2731896234306372,21.39551730985221,20.1762538952301
2023-02-03,23449.322265625,23678.103515625,23279.955078125,23469.412109375,27083066007,-0.09606745041729203,-1.3680339530377172,11.789608156154664,2.4681198898021224,2.3340239439627917,2.0577901725721537,1.0888701802188012,18979.762272135416,22569.6212890625,3.897721478334315,-65.29462323990809,-1.3680339530377172,17.650405699349193,-15.54208589781949
2023-02-04,23331.84765625,23556.94921875,23291.794921875,23446.3203125,15639298538,-0.5009723012217249,2.1528283669331794,11.738290514171347,1.4607959895888543,2.335117135051831,2.0622753262780877,1.0898729887769816,19083.801334635416,22692.17373046875,2.8189186870289262,-65.46848756451078,-1.862152783083415,17.650405699349193,-42.254327726566096
2023-02-05,22955.666015625,23423.435546875,22841.759765625,23332.248046875,19564262605,-1.612309690031044,-0.7935301447678511,8.436769871938466,1.6012892908943637,2.3767097987735455,2.0656427552228114,1.1479548155280634,19185.59365234375,22781.475390625,0.7646152060532652,-66.02524248562244,-3.4444388033496254,17.650405699349193,25.096803782236243
2023-02-06,22760.109375,23119.279296875,22692.025390625,22954.021484375,23825006542,-0.8518883333286542,-4.062002688824906,7.554229937927204,0.5729285551630577,2.3920973679258175,2.0603220577806574,1.1636204297292696,19277.704231770833,22861.4048828125,-0.4430852274028729,-66.31466948116413,-4.266984364363902,17.650405699349193,21.778198458198418
2023-02-07,23264.291015625,23310.974609375,22756.2578125,22757.267578125,27187964471,2.2151986720186922,-0.8843780595756301,12.448823033618762,1.444767039561213,2.3414381596151195,2.0673985400378863,1.0509449700009874,19379.889876302084,22990.18037109375,1.19229444965947,-65.56847248684579,-2.1463078733198526,16.832322797416467,14.115244514504521
2023-02-08,22939.3984375,23367.958984375,22731.09765625,23263.416015625,25371367758,-1.3965290320121615,-2.1745781065600878,8.785619849806015,1.5420874627928192,2.3612987714132108,2.0811920107697577,1.0963576044489396,19476.734440104166,23082.81064453125,-0.6212943875845922,-66.04931876473223,-3.5128630927647397,15.526862051428903,-6.681620887572038
2023-02-09,21819.0390625,22996.4375,21773.974609375,22946.56640625,32572572185,-4.883996317743455,-6.483878242470686,-3.781499251317466,2.5253285048722525,2.004794784942286,2.1933423955196303,1.547472454817726,19555.315201822916,23039.9349609375,-5.299042295507506,-67.70746878611153,-8.225291306410199,10.991269949835281,28.383193589274835
2023-02-10,21651.18359375,21941.185546875,21539.392578125,21819.005859375,27078406594,-0.7693073387383564,-5.682616313493549,-4.945385685513748,2.5278972859093907,2.0034586273295267,2.1986636748286683,1.5570043954631065,19629.394303385416,22983.612890625,-5.797301334719651,-67.95589759860434,-8.931320875495729,12.200057869987301,-16.867460020643133
2023-02-11,21870.875,21891.41015625,21618.44921875,21651.841796875,16356226232,1.0146854341645195,-3.9069863872304045,-3.739108540269531,2.711726267663311,2.022791267958394,2.166322352612382,1.5559911769889816,19697.553580729167,22941.13583984375,-4.665247820837804,-67.63075075902863,-8.007260253333348,12.200057869987301,-39.59679209623733
2023-02-12,21788.203125,22060.994140625,21682.828125,21870.90234375,17821046406,-0.3779998514005456,-6.3448651395979105,-4.997850104096857,2.198995589379342,2.0060398646722626,2.1683592399157288,1.5582851912440476,19763.76279296875,22883.8244140625,-4.787754307314218,-67.75310647305896,-8.35499267287505,12.200057869987301,8.95573436820143
2023-02-13,21808.1015625,21898.4140625,21460.087890625,21787.0,23918742607,0.09132665684197239,-4.931676295184017,-3.6594364458899964,2.2789452429332693,1.9913219520231105,2.1353164038090715,1.530966169013491,19837.816731770832,22842.4060546875,-4.528001514863411,-67.72365646326541,-8.271296351520608,12.61468760366833,34.216263523936654
2023-02-14,22220.8046875,22293.140625,21632.39453125,21801.822265625,26792596581,1.8924303145655852,1.8413534338022508,-3.8803535956710933,1.0803468119051818,1.97776631814925,2.058775182596838,1.530966169013491,19930.705403645832,22797.5533203125,-2.5298707484483485,-67.11284915374293,-6.535394556518758,12.61468760366833,12.01507128204533
2023-02-15,24307.841796875,24307.841796875,22082.76953125,22220.5859375,32483312909,9.392266116037785,12.270267773683695,5.535869313958308,4.0036150023169235,2.9121217656297964,2.35689245082862,1.5287527229662747,20055.917903645834,22861.30654296875,6.327439121589262,-64.02400042827969,0.0,13.270001133099107,21.239883602903852
2023-02-16,23623.474609375,25134.1171875,23602.5234375,24307.349609375,39316664596,-2.8154173176657027,8.013395025919179,2.360381740186379,4.649805008959535,2.9949483224610947,2.396510464261718,1.6533038503576396,20170.34287109375,22888.54384765625,3.2109109544511627,-65.03687495042524,-2.8154173176657027,17.120290073369304,21.03649866669455
2023-02-17,24565.6015625,24924.041015625,23460.755859375,23621.283203125,41358451255,3.9880964536483487,12.74725786961839,6.662783781230508,4.5864419310062585,3.112613902588901,2.4128529537681667,1.6526594325810866,20305.77490234375,22965.26943359375,6.968488366895764,-63.64251180023852,0.0,17.120290073369304,5.193183806359114
2023-02-18,24641.27734375,24798.8359375,24468.373046875,24565.296875,19625427158,0.30805588480080637,12.991391172360323,3.6455383567885136,4.5588127206083575,3.039010507157843,2.3968970496377464,1.6526594325810866,20434.69111328125,23008.60498046875,7.095920698656744,-63.53051041827339,0.0,17.120290073369304,-52.54796404972394
2023-02-19,24327.642578125,25093.0546875,24327.642578125,24640.02734375,25555105670,-1.2728023845912761,9.48137531585511,6.512674584071987,4.8818109322413425,2.902947437580978,2.4050793331142057,1.4282490054564794,20559.8595703125,23082.98017578125,5.3921217835193325,-63.99469495131787,-1.2728023845912761,17.120290073369304,30.21426471006956
2023-02-20,24829.1484375,25020.458984375,23927.91015625,24336.623046875,28987376573,2.0614650916729094,2.1446027375907173,7.303014616056824,2.6816980371275263,2.920772513251469,2.410771073398116,1.4282490054564794,20693.173014322918,23167.4734375,7.1724480638028165,-63.25245815658895,0.0,17.120290073369304,13.430861712418029
2023-02-21,24436.353515625,25126.8515625,24200.36328125,24833.048828125,31252098714,-1.5819911136450981,3.440979448160464,3.0036709951863028,2.3408447604585105,2.907257189010187,2.42586686132045,1.471404096694727,20820.496354166666,23203.10263671875,5.315025745542479,-63.83380100303473,-1.5819911136450981,17.120290073369304,7.8127875259655255
2023-02-22,24188.84375,24472.33984375,23644.318359375,24437.41796875,30199996781,-1.012875204423358,-1.533680384506153,3.0546037569238127,1.5036859216655172,2.906171437792365,2.4350326017224826,1.4696785729361272,20942.847819010418,23238.95126953125,4.0875014945883414,-64.2001194650574,-2.578842722342156,17.120290073369304,-3.3665000953318036
2023-02-23,23947.4921875,24572.08984375,23693.919921875,24190.71875,30476264066,-0.997780485063493,-2.815540552429885,2.1244533903023832,1.485040136830321,2.9178071374249837,2.4426733734889563,1.4863619864672144,21061.272916666665,23263.859765625,2.9386027459000763,-64.5573236867111,-3.550892017981633,17.120290073369304,0.9147924319442557
2023-02-24,23198.126953125,24103.705078125,23007.072265625,23946.0078125,26811744928,-3.1292012896705357,-4.642930860944339,-0.5731252196359171,1.8855955989938358,3.006251267533093,2.4900742131827953,1.6389991848835626,21165.91162109375,23257.17373046875,-0.2538862977421563,-65.66639637100029,-6.568978748830679,17.120290073369304,-12.024174387201935
2023-02-25,23175.375,23210.2109375,22861.55859375,23200.125,16100721565,-0.09807668166905703,-6.6606127941233435,0.9571013283842467,1.1206496910982326,2.9821330442455465,2.480970708175871,1.599006614431267,21273.548307291665,23268.1591796875,-0.39876029285762504,-65.70006963013701,-6.6606127941233435,17.120290073369304,-39.9489976939706
2023-02-26,23561.212890625,23654.3671875,23084.220703125,23174.150390625,16644534842,1.6648614774302573,-3.5813061242563116,3.5197700609687965,1.735035777466253,2.9934286967674315,2.476306437865914,1.5876197486715353,21390.358984375,23308.21435546875,1.0854479510863602,-65.12902330262376,-5.106641293263237,17.120290073369304,3.377570842428268
2023-02-27,23522.87109375,23857.890625,23205.87890625,23561.451171875,22660763494,-0.16273269569350157,-2.7532223661992927,1.1114891829341778,1.7401481337647624,2.9567856498566285,2.478351594461172,1.5880367007359284,21505.03447265625,23321.143359375,0.8649993324358451,-65.18576978301806,-5.261063813920819,17.120290073369304,36.14536969107087
2023-02-28,23147.353515625,23585.384765625,23077.650390625,23521.837890625,20535363434,-1.596393470118429,-3.3412211416970483,0.9065411139336899,1.7987293014381853,2.962426914848711,2.4923697244670975,1.5974258986236103,21614.113932291668,23331.54111328125,-0.7894360546608081,-65.74154188087395,-6.773470004855053,17.120290073369304,-9.379207635977282
2023-03-01,23646.55078125,23880.6328125,23088.626953125,23150.9296875,24662841200,2.156606219747892,1.9330173898569614,8.375766290692944,1.5195081377955222,2.7516055254040452,2.4975491905099667,1.1658037999624413,21732.431510416667,23422.91669921875,0.9547661587282485,-65.00272184228716,-4.762940860524633,17.120290073369304,20.09936556158638
2023-03-02,23475.466796875,23739.138671875,23245.021484375,23647.01953125,20386398516,-0.7235050302163204,1.2948735322513727,8.425789727502986,1.5939440910174099,2.7505668920614443,2.5035632476143492,1.164336629747793,21846.604622395833,23514.130859375,-0.16442905217814996,-65.255928910197,-5.451985774028822,17.120290073369304,-17.339618940578504
2023-03-03,22362.6796875,23479.34765625,22213.23828125,23476.6328125,26062404610,-4.740212916759257,-5.086890936764532,2.248674035675302,2.5042777988836145,2.978835272296503,2.5969510755241587,1.574535078104967,21941.174772135415,23538.72109375,-4.996199247894828,-66.90287185580387,-9.933762956907689,17.120290073369304,27.842122724841566
2023-03-04,22353.349609375,22405.177734375,22198.98046875,22362.923828125,11166012913,-0.04172164631153219,-4.971848375625121,2.5938186877216385,2.515113690878425,2.976632681559431,2.596914393530111,1.572292451355224,22035.732975260416,23566.97841796875,-5.1497005134455875,-66.91668052254747,-9.971340073772916,17.120290073369304,-57.15662817729541
2023-03-05,22435.513671875,22613.685546875,22307.142578125,22354.14453125,13317001733,0.36756935285233716,-3.0752536926931695,2.876968027578619,2.5496710231289605,2.976893605169745,2.5958733082653795,1.572292451355224,22128.604231770834,23598.3490234375,-4.927613158054356,-66.79507637924212,-9.64042231110045,16.187401959553927,19.263714243924234
2023-03-06,22429.7578125,22584.29296875,22331.314453125,22436.81640625,17353192895,-0.025655126328649747,-5.145752460924779,0.9403490464841013,2.1093947765148253,2.949693889887968,2.595356385777967,1.5723029167002034,22221.821256510415,23608.7966796875,-4.994065911889189,-66.80359514434436,-9.66360417490657,13.817776126006054,30.308557758899866
2023-03-07,22219.76953125,22527.41796875,22011.26171875,22428.322265625,22765452204,-0.9362039617430651,-5.348976770047253,-8.5901178848936,2.1037374434280025,1.9793521595432444,2.6019527700222684,1.586177907664565,22309.617936197916,23504.39306640625,-5.465461420453799,-67.11438120175927,-10.50933709151699,14.187535038438238,31.188838513743722
2023-03-08,21718.080078125,22268.896484375,21708.05078125,22216.44140625,22536575684,-2.257851740628636,-2.882479284158912,-8.065682812357512,1.0532081580958423,1.947650039747421,2.625355171781708,1.540949819191244,22389.001302083332,23409.12333984375,-7.223864119851475,-67.85688971821186,-12.529903581696288,15.748999372172733,-1.0053677737171696
2023-03-09,20363.021484375,21802.716796875,20210.306640625,21720.080078125,30364664171,-6.239311158608585,-8.903936813860124,-17.107580563141354,2.6696553751528778,2.073067958292277,2.762972176250072,2.0786958728881935,22443.532584635417,23198.9943359375,-12.224550816710622,-69.86239838474732,-17.987435067969194,24.326918979013357,34.73503959413677
2023-03-10,20187.244140625,20370.595703125,19628.25390625,20367.001953125,39578257695,-0.8632183779056501,-10.021029890964407,-18.075496415995328,2.4667514567031716,2.0532102429254446,2.7669662712445224,2.087638338017414,22493.377408854165,22976.29267578125,-12.138810096618059,-70.12255170055018,-18.695382600654288,28.013687221047935,30.34314317495239
2023-03-11,20632.41015625,20792.525390625,20068.66015625,20187.876953125,30180288176,2.2051846825845045,-8.013228102036596,-15.189438968483081,3.058480379793915,2.170291752244951,2.7739574467867687,2.0681471260161954,22546.479361979167,22791.5310546875,-9.473347329131876,-69.4636987871036,-16.90246563152997,28.013687221047935,-23.745283563069187
2023-03-12,22163.94921875,22185.03125,20448.806640625,20628.029296875,29279035521,7.4229770099644155,-0.25121913358054915,-10.734154759511172,5.116667130299327,2.785857041545299,2.905178856890962,2.0681471260161954,22616.96357421875,22658.27109375,-2.181639865436835,-67.19699616837683,-9.299277387773863,28.013687221047935,-2.9862294546169843
2023-03-13,24197.533203125,24550.837890625,21918.19921875,22156.40625,49466362688,9.175187888693825,11.416539197207243,-0.9773156716991083,6.253795082301371,3.5149745141167825,3.0576381563793413,2.0376696838954165,22705.762662760415,22646.330078125,6.849688755964789,-64.18725893368995,0.0,25.187344534634292,68.94806064400893
2023-03-14,24746.07421875,26514.716796875,24081.18359375,24201.765625,54622230164,2.2669294883089997,21.524569611333042,2.3036672381250067,4.134203517043668,3.541231447687733,2.9948390884116756,2.025043686363251,22786.37099609375,22674.1916015625,9.137625074336619,-63.375409345886034,0.0,35.08443962217251,10.422976737787826
2023-03-15,24375.9609375,25240.615234375,23964.91015625,24770.92578125,43655701450,-1.4956444322371198,20.74932451253011,1.7892009177631119,4.326954971552599,3.5516246266555336,2.93283823501944,2.0403115571512798,22843.03203125,22695.6150390625,7.403835038378004,-63.92318299683393,-1.4956444322371198,35.08443962217251,-20.0770431398968
2023-03-16,25052.7890625,25190.326171875,24225.111328125,24373.45703125,33866061747,2.7766213062754286,21.42444277122406,7.994878694829977,4.277773091332134,3.5101246515602567,2.9485171233797938,1.9165793003894447,22912.565201822916,22788.34814453125,9.936836595644905,-62.92146640929801,0.0,35.08443962217251,-22.424653316388298
2023-03-17,27423.9296875,27787.8125,24955.169921875,25055.123046875,50730261335,9.464577453171529,23.7321445597801,18.332193923507177,4.753664152005341,4.043362289391182,3.1727576289729384,1.916453824882544,23016.803483072916,23000.77587890625,19.230454798049546,-59.41213987910581,0.0,41.57047607353319,49.79675438492315
2023-03-18,26965.87890625,27725.953125,26636.26171875,27448.1171875,35723036817,-1.6702594648891012,11.440611238700482,14.450300294089335,4.5200754931262095,4.079675503233954,3.1842556938205355,1.9525070030372527,23113.542805989582,23171.0091796875,16.377662695370265,-60.09006245437099,-1.6702594648891012,41.57047607353319,-29.58239150178823
2023-03-19,28038.67578125,28440.560546875,26907.716796875,26969.50390625,37769448859,3.9783493752593824,13.305551148817019,19.197506416212274,4.58427500725699,4.135397105393491,3.1963693010426546,1.9521678975941417,23236.041048177085,23396.7994140625,19.83979212300948,-58.50230570335804,0.0,44.89602938047892,5.72855004596402
2023-03-20,27767.236328125,28527.724609375,27242.880859375,28041.6015625,44774027664,-0.9680894177838351,13.91237621080963,19.958578890590985,4.470802086129587,4.117292215494164,3.1972122429674257,1.9314232448809723,23347.381770833334,23627.7935546875,17.519379301569526,-58.90404049046811,-0.9680894177838351,45.34010384026692,18.54562090950631
2023-03-21,28175.81640625,28439.5625,27439.646484375,27768.392578125,36102192830,1.4714466837708162,12.465787086455249,19.15402236418928,4.504371574420985,4.109941366154371,3.0642681550240267,1.9314232448809723,23439.036165364585,23854.2568359375,18.11651312398832,-58.29933535710131,0.0,45.34010384026692,-19.368002581935418
2023-03-22,27307.4375,28803.3359375,26759.99609375,28158.720703125,33382021890,-3.0820008681536337,-0.4247829863460395,16.323299282104585,2.7930034186765034,4.193719968955553,3.097191517195419,2.0442992055944544,23514.533040364582,24045.85537109375,13.56400959155355,-59.58455020342128,-3.0820008681536337,46.74425995849016,-7.534641878427973
2023-03-23,28333.97265625,28729.84375,27183.36328125,27301.95703125,24220433689,3.7591779025402783,5.073425400879139,26.70204578428834,3.0511042228239456,4.0257194526403834,3.1271519995847528,1.748049861183471,23608.092317708335,24344.42001953125,16.38795515981886,-58.06526154545604,0.0,46.74425995849016,-27.444677351147707
2023-03-24,27493.28515625,28388.4375,27039.265625,28324.111328125,25980310960,-2.967065403073854,-1.9451368861175378,22.994028352329398,2.9537111719067504,4.127566242899472,3.1565825853447738,1.869696536259533,23684.073209635415,24601.416796875,11.754885433030582,-59.30949266201032,-2.967065403073854,46.74425995849016,7.266084883522428
2023-03-25,27494.70703125,27791.826171875,27196.234375,27487.337890625,13383005987,0.00517171735541222,-0.9814779319573863,22.549933259237864,2.9354099135460663,4.131832498641268,3.1495122141845866,1.869696536259533,23765.04384765625,24854.37646484375,10.623201793619597,-59.30738826398032,-2.962047133954837,46.74425995849016,-48.48789143592298
2023-03-26,27994.330078125,28178.14453125,27445.046875,27495.5234375,13878363192,1.8171608313816145,-0.6441209209637755,24.80888252178939,2.9871392462178155,4.125928492276721,3.1468428395463532,1.869687735539159,23846.318359375,25132.605078125,11.386503671642046,-58.56793806224717,-1.1987114628985163,46.74425995849016,3.701389698855251
2023-03-27,27139.888671875,28037.92578125,26606.689453125,27994.068359375,18188895178,-3.052194511765327,-0.6135648140730865,22.142980077742557,2.9797047782420365,4.209684279911352,3.1764108071722448,1.9793187975687234,23914.77021484375,25378.61103515625,6.940008002324882,-59.83252518282247,-4.2143189691813525,46.74425995849016,31.05936864719572
2023-03-28,27268.130859375,27460.71875,26677.818359375,27132.888671875,17783600385,0.4725228944394866,-3.7617096967159425,25.554978899079362,2.1720099464319675,4.139172576374061,3.1764274018314795,1.91384643539546,23984.593587239582,25656.11357421875,6.283170210066924,-59.64272466819309,-3.7617096967159425,46.74425995849016,-2.2282540475037527
2023-03-29,28348.44140625,28619.54296875,27259.662109375,27267.03125,20684945906,3.9618063755315402,3.1104185809006424,39.21529979233382,2.573104014130472,3.7844293130292685,3.2099694867848365,1.310098466367711,24073.21611328125,26055.3845703125,8.800702326037468,-58.043847561106745,0.0,46.74425995849016,16.31472512982921
2023-03-30,28033.5625,29159.90234375,27720.16015625,28350.140625,22435349951,-1.11074503792854,1.9598516475827443,38.86770430236683,2.6878661762467817,3.7937631172154127,3.1939270026576394,1.3193894118665155,24144.199381510418,26447.70048828125,5.996218886482896,-58.509873442427484,-1.11074503792854,45.3006933034775,8.462212340097386
2023-03-31,28478.484375,28639.896484375,27583.71484375,28032.26171875,19001327598,1.5871042968584437,1.7294727022359568,38.027909290923326,2.6597431063293526,3.7921332161355257,3.148464375160699,1.3193894118665155,24238.171809895834,26840.00419921875,6.104619670025757,-57.85138186106025,0.0,42.59953089790061,-15.306301709133518
2023-04-01,28411.03515625,28802.45703125,28297.171875,28473.33203125,10876469901,-0.23684272611504964,4.683683487958756,28.18579791824809,1.9595260773099719,3.562577804879827,3.147354183172579,1.3204518711377367,24326.034342447918,27152.35849609375,4.635607106974993,-57.95120779728033,-0.23684272611504964,33.03968110119677,-42.75942117778754
2023-04-02,28199.30859375,28518.958984375,27884.087890625,28462.845703125,12284641999,-0.745226498561502,3.4148938890501634,16.537947719845224,2.1018504274756458,3.065451651739573,3.1380500202300405,1.3309249680951445,24400.62666015625,27352.447265625,3.096108073624859,-58.26456653910006,-0.9803042099216341,21.677494944186783,12.946958993290014
2023-04-03,27790.220703125,28475.623046875,27276.720703125,28183.080078125,19556501327,-1.450701847050495,-1.9691407196796629,12.301532992528008,1.1940621855923912,3.085212325215023,3.1413854235921783,1.3698861497039991,24472.599153645835,27504.65458984375,1.0382464987824136,-58.87002324319186,-2.4167847656920816,21.677494944186783,59.194719134606835
2023-04-04,28168.08984375,28433.7421875,27681.3046875,27795.2734375,15284538859,1.35971982612757,0.4798795862994476,15.556838624631153,1.3257904064063963,3.0477158030575486,3.143666057722146,1.3284353389483257,24551.245279947918,27694.26103515625,1.7109277911125709,-58.31077079474789,-1.089926441178457,20.370560732555965,-21.844206162285605
2023-04-05,28177.984375,28739.23828125,27843.763671875,28169.7265625,17052315986,0.0351267384649967,-1.0551825583239083,12.474440688832988,1.042905472337409,3.0141115679370474,3.1419577003523287,1.3284353389483257,24632.014225260416,27850.52080078125,1.175789769107527,-58.29612672823687,-1.0551825583239083,16.84914362450103,11.565786467670103
2023-04-06,28044.140625,28178.384765625,27738.759765625,28175.2265625,13837809380,-0.4749940528704033,-1.291380371155848,2.2615684351856347,1.049989966619734,2.1869573212626348,3.13326091711732,1.332674535391093,24716.822135416667,27881.53134765625,0.5832150154027271,-58.49421764609437,-1.5251645567953442,9.596131435754863,-18.85085057442707
2023-04-07,27925.859375,28111.59375,27794.03125,28038.966796875,10861680497,-0.4217681389550476,-0.9697018557774384,3.5599821244005625,1.0218389605502094,2.150241990421824,3.130882589793744,1.2827421804201982,24802.91796875,27929.53037109375,-0.013143780238966674,-58.66927581188717,-1.9405000375831927,9.596131435754863,-21.507225611168234
2023-04-08,27947.794921875,28159.86328125,27883.38671875,27920.513671875,9373255556,0.07854922772632111,0.5670131965964664,-0.32412678859738975,0.7404809798287233,1.9574618484342206,3.12189238312072,1.2827421804201982,24880.9763671875,27924.986328125,0.08167808385648456,-58.63681084722371,-1.8634750576504322,9.596131435754863,-13.703449861290828
2023-04-09,28333.05078125,28532.830078125,27828.48046875,27952.3671875,12175322951,1.3784839213681899,0.585630542983373,2.0377053245010712,0.7483698651878591,1.966565631803503,3.116085224326078,1.2643447494207867,24970.870572916665,27953.27705078125,1.3586018189525095,-58.066625935387584,-0.5106788403306695,9.596131435754863,29.894281429319868
2023-04-10,29652.98046875,29771.46484375,28189.271484375,28336.02734375,19282400094,4.658621825410658,5.234569208785,5.242666410093211,2.154372562529421,2.1974850380625592,3.085235925715345,1.2643447494207867,25101.436263020834,28027.13525390625,5.800968240652238,-56.11310861908245,0.0,11.894660537157865,58.37280186819416
2023-04-11,30235.05859375,30509.083984375,29609.30078125,29653.6796875,20121259843,1.9629666758571807,7.81239118019863,10.720966014295552,1.9946673036732914,2.0777110959896063,3.0854734142449867,1.060014706418229,25244.500846354167,28173.51630859375,7.317305594997459,-55.25162356620541,0.0,14.666967636560502,4.3503907444645495
2023-04-12,30139.052734375,30462.48046875,29725.57421875,30231.58203125,18651929926,-0.3175315803583212,7.925247096804866,6.370727112729213,1.9695371204262309,1.9397151915060435,3.0872592379812502,1.0623899910339738,25382.30380859375,28263.7703125,6.634933701841028,-55.39371379308032,-0.3175315803583212,14.666967636560502,-7.3023753406333825
2023-04-13,30399.06640625,30539.845703125,29878.623046875,29892.740234375,17487721001,0.8627134839524819,8.770894058823831,10.56905798447092,1.8504756121141062,1.7798596069292456,3.084877305952028,0.829758180281024,25525.818196614582,28409.059375,7.004832525364102,-55.008889347282796,0.0,14.78258412016773,-6.241761199076468
2023-04-14,30485.69921875,31005.607421875,30044.498046875,30409.5625,22659995079,0.2849851088919886,7.59765848767886,10.878429015811996,1.9606491786889373,1.7767091737291087,3.084434954869578,0.829758180281024,25670.44482421875,28558.608984375,6.747843480154625,-54.88067138159744,0.0,16.533127792918023,29.57660450841042
2023-04-15,30318.49609375,30601.740234375,30245.8828125,30490.75,11940685378,-0.5484641300179338,2.244346485512172,8.3022741002869,1.009041644264031,1.7653906332144562,3.083269892443384,0.8387724857427626,25805.40634765625,28674.81728515625,5.732133503234604,-55.12813471477429,-0.5484641300179338,16.533127792918023,-47.30499571438146
2023-04-16,30315.35546875,30555.537109375,30157.83203125,30315.9765625,12854816417,-0.010358775680330279,0.26557539073728265,11.700367806466838,0.5505706252382335,1.5714083286660476,2.8576977415505174,0.4875962275984644,25905.531575520832,28833.590625,5.139022964643347,-55.13278289064276,-0.5587660915293391,16.222424953197677,7.655599407084557
2023-04-17,29445.044921875,30319.197265625,29275.37109375,30317.146484375,17872186762,-2.8708571396173888,-2.3026862145154703,7.983363706616364,1.4428049175166886,1.7496389595998183,2.8587664456817596,0.8061272337372434,26002.557747395833,28942.436328125,1.7365801138917503,-56.42085659637437,-3.413581854914294,13.741715863791693,39.0310540597431
2023-04-18,30397.552734375,30470.302734375,29154.849609375,29449.091796875,19480529496,3.2348662229154,-0.004979336716370852,7.228303308672301,2.1844158682877826,1.677808835091815,2.84439250491608,0.8061272337372434,26099.75693359375,29044.89189453125,4.6571384901537005,-55.01112960617463,-0.28914043841509196,13.670582909633989,8.999137908628363
2023-04-19,28822.6796875,30411.0546875,28669.8984375,30394.1875,24571565421,-5.18092051895368,-5.455080821066327,2.814901557731031,3.1650171359865515,2.067529030306734,2.9340792548424197,1.3893344670001102,26169.44697265625,29084.34775390625,-0.8996868990163498,-57.34196722365381,-5.455080821066327,13.670582909633989,26.133970978793776
2023-04-20,28245.98828125,29076.400390625,28037.2578125,28823.68359375,21340360360,-2.0008250880993006,-6.8357869931656605,-0.816392089861695,3.171235913399286,2.092625063646196,2.9422009804671228,1.4595942288365142,26234.752734375,29072.72294921875,-2.8436781426108837,-58.19547984553256,-7.346759283521642,13.670582909633989,-13.150179915840699
2023-04-21,27276.91015625,28349.96875,27177.365234375,28249.23046875,20759504330,-3.4308522518338824,-10.022792955972836,-3.9918468079840785,3.1747224858569347,2.2275610457653654,2.971477526555499,1.6480740115974342,26275.548763020834,29016.01669921875,-5.993608843682452,-59.629731166620445,-10.525555079040005,14.086141737749802,-2.7218660800533923
2023-04-22,27817.5,27872.142578125,27169.5703125,27265.89453125,13125734602,1.9818587979846258,-5.527398332022515,-1.3539643799444834,3.5771853694406106,2.274109140960682,2.9708835132402847,1.6396279520046455,26331.901204427082,28996.92626953125,-4.067418244845289,-58.82964944197609,-8.752297920426056,14.1188729348809,-36.77240846723049
2023-04-23,27591.384765625,27820.244140625,27400.314453125,27816.14453125,12785446832,-0.8128524647254443,-9.231558847093147,-0.7154888751122468,2.709621508383344,2.2577489891408593,2.969544209819385,1.6174639053202,26388.610221354167,28986.98447265625,-4.8145736178516145,-59.16430365122308,-9.494007115785209,14.1188729348809,-2.5925236211019387
2023-04-24,27525.33984375,27979.982421875,27070.849609375,27591.73046875,17703288330,-0.2393679129772508,-4.50110766179953,-2.2818373683319293,2.022756024746486,2.2348290918464024,2.9657017694802437,1.618349262335491,26448.241015625,28954.84697265625,-4.937021874977332,-59.262051205322884,-9.710649422071494,14.53503628174766,38.46436939295232
2023-04-25,28307.59765625,28371.078125,27207.931640625,27514.873046875,17733373139,2.841955147295372,0.21811725752536315,0.45998066974937135,2.473359341392994,2.329334045870613,2.949680675387273,1.618349262335491,26533.398860677084,28961.32763671875,-2.257251423929596,-58.10429697264999,-7.144666575862479,14.53503628174766,0.16993910079980967
2023-04-26,28422.701171875,29995.837890625,27324.548828125,28300.05859375,31854242019,0.4066170397882152,4.200589469487492,1.3498739431420992,1.532673164988791,2.3272407130942003,2.949030187673617,1.6148601696087235,26620.854296875,28980.2556640625,-1.9239115715563027,-57.93394190520173,-6.767100967807782,14.53503628174766,79.62878110845575
2023-04-27,29473.787109375,29871.546875,28402.88671875,28428.46484375,27153445027,3.6980508331842854,5.954119203289299,5.54299050778988,1.980331794532007,2.4579473207377727,2.9755741567740435,1.6121038890954995,26719.397200520834,29057.65205078125,1.4321014577038493,-56.378317693339255,-3.3193009683459396,14.53503628174766,-14.75720875479043
2023-04-28,29340.26171875,29572.791015625,28929.609375,29481.013671875,17544464887,-0.453030993708059,6.33848923488558,4.98238519628289,1.894537982433954,2.463323527889427,2.9767679660673454,1.6152835055493633,26816.3537109375,29127.275390625,0.7312264029801785,-56.57593743416529,-3.757294499892949,14.53503628174766,-35.38770174629894
2023-04-29,29248.48828125,29452.455078125,29088.04296875,29336.56640625,10662634333,-0.31279011203009244,6.260225840195255,3.2309881031442167,1.9092039385050674,2.4523562276635906,2.9666862834379657,1.6167970453984106,26918.039290364584,29173.047265625,0.25859833886430206,-56.71176360811299,-4.058332166247524,14.53503628174766,-39.2250809490306
2023-04-30,29268.806640625,29952.029296875,29114.021484375,29245.515625,14652199272,0.0694680667924441,3.3955865702463672,-1.295565646528729,1.71941094041242,2.2152480003299795,2.958360693178647,1.6167970453984106,27011.7435546875,29153.83857421875,0.39434967067395466,-56.681692107143,-3.9916833443549793,14.53503628174766,37.416315840942005
2023-05-01,28091.568359375,29329.935546875,27680.79296875,29227.103515625,18655599976,-4.022160164248023,-1.165029356279712,-7.089419812859532,2.7364659786714682,2.331401392708217,3.009767681674354,1.8501138628074258,27088.678580729167,29046.6640625,-3.288142490545254,-58.4240238310358,-7.85329161124344,14.53503628174766,27.32286552811496
2023-05-02,28680.537109375,28881.298828125,27924.123046875,28087.17578125,16432924527,2.0966033026897257,-2.691374532415225,-4.839288208074621,2.2083102158771153,2.3943249987061943,2.9427143242491827,1.8487509270115248,27193.976204427083,28973.73828125,-1.01195492631595,-57.55234054155181,-5.921340679844889,14.53503628174766,-11.914253370888206
2023-05-03,29006.30859375,29259.533203125,28178.388671875,28680.494140625,19122972518,1.135862564681589,-1.1382077235752353,-4.581580874515446,2.3320023839734265,2.4015955499397497,2.9432560367730334,1.8487509270115248,27304.858854166665,28904.100390625,0.353611431401446,-57.07019346817977,-4.852736407272928,14.53503628174766,16.3698676189995
2023-05-04,28847.7109375,29353.185546875,28694.0390625,29031.3046875,15548678514,-0.5467695268338013,-1.3702497711887585,-5.372972650214192,2.3370081642843394,2.399835668181211,2.9461978340000923,1.852789204388798,27411.72880859375,28822.2009765625,0.08850802531785718,-57.304920568224475,-5.098574251743515,13.043146690812414,-18.691100458548494
2023-05-05,29534.384765625,29668.908203125,28845.509765625,28851.48046875,17936566518,2.3803407820215394,0.9073759933600378,-2.5862474368794297,2.6272963714990745,2.4689138566624997,2.95580920757359,1.848725828997869,27530.1392578125,28782.99541015625,2.6105321727689867,-56.28863218059343,-2.8395969119378806,12.872471866539437,15.357498078373343
2023-05-06,28904.623046875,29820.126953125,28468.966796875,29538.859375,15913866714,-2.1323001096775096,2.894301511039199,-4.653524262083042,1.902383341647009,2.5100303230031478,2.969673336909625,1.9092189537815496,27641.553483072916,28712.4587890625,0.6692713404457651,-57.220689724548166,-4.911348293547735,12.557615198832629,-11.276962076159602
2023-05-07,28454.978515625,29157.517578125,28441.3671875,28901.623046875,11301355486,-1.5556145829018653,-0.7864517770006185,-3.3624211098230328,1.8787336463194972,2.4531738307936695,2.9600606497258646,1.8313991411489072,27753.835123697918,28662.95546875,-0.7255949350782998,-57.88617091365793,-6.390561226178071,12.557615198832629,-28.984226843763928
2023-05-08,27694.2734375,28663.271484375,27310.134765625,28450.45703125,19122903752,-2.6733637409259936,-4.523275176534202,-8.893082020441746,1.9986537265792708,2.3797533416057126,2.8565741901783004,1.9264907211730469,27876.02265625,28527.79150390625,-2.921775652672298,-59.01202675036775,-6.230403452543564,12.338752297483268,69.20893936739935
2023-05-09,27658.775390625,27821.400390625,27375.6015625,27695.068359375,14128593256,-0.12817829272578907,-4.121420758308647,-4.038154361406477,2.026018220812385,2.101634336657635,2.8519697978087453,1.5395100231295629,28000.548177083332,28469.5962890625,-2.848023871518701,-59.06456443470203,-6.350595720493956,10.804937131478276,-26.11690442398248
2023-05-10,27621.755859375,28322.6875,26883.669921875,27654.63671875,20656025026,-0.13384371045779275,-6.4759395580032635,-2.2099861249654795,1.1591199526140556,2.0577336928857735,2.845152476787277,1.473370885622308,28117.037272135418,28438.38466796875,-2.871572412175538,-59.11935394055469,-6.4759395580032635,11.576425308724891,46.20015348823203
2023-05-11,27000.7890625,27621.94140625,26781.826171875,27621.0859375,16724343943,-2.2481076150133283,-6.58660720566232,-1.0122887532653002,1.1802570602647102,1.9719196259244214,2.718965808813146,1.3546157389967934,28197.65126953125,28424.57861328125,-5.009008471689325,-60.03839485768372,-8.578461082669463,12.000719062709786,-19.034064288996277
2023-05-12,26804.990234375,27055.646484375,25878.4296875,26987.662109375,19313599897,-0.7251596524522896,-5.798592609528663,-3.6398301990653414,1.2019386208163367,1.9185693043364465,2.463675644131405,1.3642861233682124,28241.10888671875,28373.953125,-5.5295886467176985,-60.32818029464811,-9.241413196548908,15.91057978728061,15.4819582928019
2023-05-13,26784.078125,27030.482421875,26710.873046875,26807.76953125,9999171605,-0.07801573211611013,-3.2865831073493057,-2.9259373803912525,0.9252940924334143,1.9125915838101832,2.4488887076861814,1.352236847844132,28275.075618489584,28333.58779296875,-5.468808536677006,-60.359130555235005,-9.312219172501857,15.91057978728061,-48.22730273835081
2023-05-14,26930.638671875,27150.9765625,26661.35546875,26788.974609375,10014858959,0.5471927993601522,-2.632570345094898,-2.1605588713922264,1.0620176387143605,1.9183240678866342,2.4396483435144902,1.351177132273663,28317.653580729166,28303.852734375,-4.8516860068037015,-60.142218572029506,-8.81598216591427,15.91057978728061,0.15688653640222316
2023-05-15,27192.693359375,27646.34765625,26766.09765625,26931.384765625,14413231792,0.9730726801279843,-1.5533498383824673,-3.9385337830984857,1.2612908363854647,1.8103836603649164,2.4183198211934736,1.351177132273663,28353.31865234375,28248.10751953125,-3.736229619724152,-59.754373390048784,-7.9286953997277365,15.91057978728061,43.91847005541039
2023-05-16,27036.650390625,27299.3046875,26878.947265625,27171.513671875,12732238816,-0.5738415341494774,0.1328158523145051,-4.876562480351209,0.7251591985157557,1.806788435480637,2.0888455463467577,1.3572561836643187,28346.863997395834,28178.80498046875,-4.053239981735912,-59.985319511215394,-8.45703878655738,15.741293650992528,-11.662845642522923
2023-05-17,27398.802734375,27465.927734375,26600.14453125,27035.470703125,15140006925,1.3394867282656264,2.21530578749658,-7.040100979558172,0.7747476430951278,1.6019936663167411,2.0842440522380272,1.3572561836643187,28354.07939453125,28075.05576171875,-2.4087326240179507,-59.44932817671024,-7.230832970441958,15.741293650992528,18.9107991437788
2023-05-18,26832.208984375,27466.52734375,26415.1015625,27401.650390625,15222938600,-2.067950762275983,0.1796995183122485,-8.548160743815792,1.3817315452545935,1.6474060370362258,2.0366119652525607,1.4302809205858535,28333.971614583334,27949.653125,-3.9980608547355634,-60.287896103787986,-9.149253667186786,15.741293650992528,0.5477651061246203
2023-05-19,26890.12890625,27128.619140625,26700.2109375,26826.75390625,11258983301,0.21585968530852817,-0.1504225953144811,-8.063183821065534,1.3593044457227548,1.6536621795481754,2.033327083200902,1.4285697844637224,28319.353157552083,27831.73515625,-3.383210729455899,-60.202173681288215,-8.953143532052321,15.741293650992528,-26.039356809860614
2023-05-20,27129.5859375,27155.158203125,26843.27734375,26888.841796875,7044911360,0.8905016115201336,-0.23207492189530887,-7.308875723534857,1.3446048535797355,1.6761347190062983,2.0274156548412265,1.4285697844637224,28301.915983072915,27724.77412109375,-2.146773787927503,-59.847773396570105,-8.142369807966809,15.231593698782087,-37.42852998659048
2023-05-21,26753.826171875,27265.91796875,26706.921875,27118.423828125,8647416921,-1.3850552916312875,-1.046077138490753,-4.7620772553040975,1.468480360452136,1.4635714144207679,1.9958915497096972,1.1523202323066857,28292.689127604168,27657.88701171875,-3.2687270703676607,-60.40390393584869,-9.414648775708667,15.231593698782087,22.746993952241866
2023-05-22,26851.27734375,27045.734375,26549.734375,26749.892578125,11056770492,0.3642513457661867,-1.9983551687755563,-6.378052679588963,1.2630409094111692,1.366454925068663,1.9342668292965501,1.1523202323066857,28267.9775390625,27566.4240234375,-2.5942671384560745,-60.259674623064164,-9.084690414807161,15.231593698782087,27.862118746107356
2023-05-23,27225.7265625,27434.68359375,26816.1796875,26855.9609375,13697203143,1.3945303754316907,1.466586587612495,-6.1386026611937154,1.048478511947959,1.382095235419395,1.9053289256482233,1.1523202323066857,28263.518229166668,27477.394921875,-0.9159105515299193,-59.7054837143874,-7.816848806723886,15.231593698782087,23.880686072940136
2023-05-24,26334.818359375,27224.603515625,26106.576171875,27224.603515625,16299104428,-3.2723027651064163,-2.0651092778730784,-8.710890730877418,1.9163936090325908,1.533088627413161,1.9516428617076376,1.3595191581348849,28244.186751302084,27351.75029296875,-3.717977543306139,-61.02404228498776,-10.833360612183697,15.231593698782087,18.995858189704308
2023-05-25,26476.20703125,26591.51953125,25890.59375,26329.4609375,13851122697,0.5368887301425707,-2.408362987018031,-10.354634974263643,1.862556938575968,1.4043972391989834,1.9377984846157899,1.3595191581348849,28218.884700520834,27198.84140625,-2.6568571955199127,-60.81478476055072,-8.401479623819363,15.231593698782087,-15.019118024636047
2023-05-26,26719.291015625,26916.669921875,26343.94921875,26474.181640625,12711619225,0.9181223884829448,-0.12908492425769413,-7.560493100726551,1.8651992483333928,1.3874036500011613,1.9018443190334293,1.2731681559987473,28211.874739583334,27089.5748046875,-1.3668866777430178,-60.45501652646211,-6.09976738884871,12.671123905979865,-8.226795018188692
2023-05-27,26868.353515625,26888.8828125,26621.140625,26720.181640625,7892015141,0.5578834405180588,0.06359538004985232,-5.575913540503164,1.876929734725073,1.3738172840392722,1.9022419129329093,1.2247286707358505,28205.211783854167,27010.2435546875,-0.5253193618014351,-60.234401612107646,-2.9822769091195855,10.761247225986658,-37.9149500837884
2023-05-28,28085.646484375,28193.44921875,26802.751953125,26871.158203125,14545229578,4.53058267244435,3.158482914683458,1.413191242435885,2.7629902471025916,1.6325849493347246,1.9236508958702183,1.0689324732449248,28200.831868489582,27029.81220703125,3.906184287396175,-58.43278830195197,0.0,9.445155065497058,84.30311293291524
2023-05-29,27745.884765625,28432.0390625,27563.876953125,28075.591796875,15181308984,-1.20973437068298,5.358177857899182,0.3149429928467784,2.106080849599917,1.6576612382487295,1.9246642039527497,1.1022558736526624,28196.037239583333,27034.16767578125,2.6326576737235596,-58.93564114879782,-1.20973437068298,9.867713790352074,4.373113553065422
2023-05-30,27702.349609375,28044.759765625,27588.501953125,27745.123046875,13251081851,-0.15690671469931194,4.631111158323309,0.29177634618997583,2.1715556961113442,1.6577882930564662,1.9134415917697283,1.1024079507678748,28183.10166015625,27038.19736328125,2.4563480958818884,-59.00007388518358,-1.3647429309246673,9.867713790352074,-12.71449737986573
2023-05-31,27219.658203125,27831.677734375,26866.453125,27700.529296875,15656371534,-1.742420455507676,1.8726813791855257,0.8106027572689634,2.4788057004115025,1.6247810419981208,1.9260569670023335,1.055653991453051,28163.245377604166,27049.1408203125,0.6303985178133686,-59.71446498455117,-3.0833838264388125,9.867713790352074,18.151647616745215
2023-06-01,26819.97265625,27346.10546875,26671.720703125,27218.412109375,14678970415,-1.4683709247646393,-0.18006633471926436,0.055894151588931074,2.6079666194385815,1.6517861159750276,1.9327123358415765,1.0935804415900232,28140.2564453125,27049.88994140625,-0.8499749376218668,-60.3060060676039,-4.506479239597128,9.816095131074398,-6.242832937870924
2023-06-02,27249.58984375,27303.861328125,26574.64453125,26824.556640625,14837415000,1.601855426947596,-2.9768110949132898,1.7380165805128023,1.3670541546863433,1.6890607185943698,1.935796686613074,1.0934412922079308,28131.245930989582,27073.16552734375,0.6516575101942257,-59.670165671625575,-2.9768110949132898,9.816095131074398,1.0793984899519327
2023-06-03,27075.12890625,27317.052734375,26958.00390625,27252.32421875,8385597470,-0.640233260391676,-2.4174967388533752,0.536527321670599,1.3261562026658622,1.6933664128781136,1.9289429742768593,1.1027732273187163,28113.029915364583,27080.3900390625,-0.019427832482876717,-59.92837068485668,-3.5979858205763104,9.816095131074398,-43.4834338056865
2023-06-04,27119.06640625,27407.01953125,26968.224609375,27075.123046875,9360912318,0.1622799291266075,-2.105536935854735,-0.2707600609912264,1.353079363081609,1.6795091560506288,1.9291052736809864,1.1027732273187163,28095.381282552084,27076.70869140625,0.15643598092554,-59.8633424732042,-3.441544700289312,9.816095131074398,11.630833121781126
2023-06-05,25760.09765625,27129.982421875,25445.16796875,27123.109375,21513292646,-5.011119223804861,-5.3621560417222,-4.7215639361066986,2.4765469196739627,2.0182038615174895,2.032345545419384,1.56691093535482,28057.313899739584,27012.8810546875,-4.637725964517603,-61.87463823432218,-8.280204016022141,11.738460903139924,129.82046957786704
2023-06-06,27238.783203125,27313.8203125,25434.8671875,25732.109375,21929670693,5.7402171630208665,1.5615621695177273,-0.5840384078142136,3.8851274541483805,2.4010093902722596,2.16805468687889,1.56691093535482,28045.862630208332,27004.880078125,0.8661513190331593,-59.686159674784946,-3.0152885450621114,11.783713486315994,1.9354454655150954
2023-06-07,26345.998046875,27332.181640625,26146.98828125,27235.650390625,19530045082,-3.277624957004588,-3.315983110410925,-1.8120421534549402,4.1051355353713035,2.4700345285331404,2.2084297365248036,1.6668923569065859,28019.166015625,26980.56953125,-2.351957335963617,-61.007496166411165,-6.194083652188054,11.783713486315994,-10.942369562193043
2023-06-08,26508.216796875,26797.513671875,26246.6640625,26347.654296875,11904824295,0.6157244440365472,-2.093848237391527,-1.420268793453916,4.140734705096446,2.474021681803406,2.202111224065951,1.6668923569065859,27988.752115885418,26961.47392578125,-1.6811288958235915,-60.76740978896588,-5.616497695282097,11.783713486315994,-39.04353909570766
2023-06-09,26480.375,26770.2890625,26339.314453125,26505.923828125,11015551640,-0.10503081775867784,-2.35513788226428,-2.392999801012907,4.134121109436606,2.4642566252414393,2.1121479259762452,1.6670577983823915,27935.875358072917,26929.01337890625,-1.6660037729331445,-60.808616099292436,-5.715629459582017,11.783713486315994,-7.4698511541534725
2023-06-10,25851.240234375,26531.044921875,25501.8359375,26481.76171875,19872933189,-2.375852931180167,0.35381301476893334,-3.373670486238134,3.523363394450419,2.5012935755705143,2.1122813649911487,1.7220327095132728,27862.81171875,26883.88408203125,-3.8411259493060124,-61.73974574246747,-7.955687440711312,11.783713486315994,80.40797082587142
2023-06-11,25940.16796875,26203.439453125,25668.986328125,25854.03125,10732609603,0.3439979419507688,-4.7675229274779625,-3.3931695812306373,1.7528772866480713,2.501081977291324,2.1135893606456433,1.7220327095132728,27792.830305989584,26838.32861328125,-3.3465595323502573,-61.60813125523643,-7.6390568998246255,11.783713486315994,-45.99383241050356
2023-06-12,25902.5,26087.919921875,25675.197265625,25934.28515625,11677889997,-0.1452109670044499,-1.6833602055459251,-4.860206611795537,1.1852095463310364,2.4748275638193253,2.108775554022859,1.7223388063562122,27717.887532552082,26772.16728515625,-3.248400758493819,-61.66388045909177,-7.773175118434816,11.783713486315994,8.807554070873614
2023-06-13,25918.728515625,26376.3515625,25728.365234375,25902.94140625,14143474486,0.06265231396582749,-2.2237945530892644,-1.5799989127393221,1.0970264356999313,2.3683992647990966,2.1080245072651818,1.559183342187309,27641.771354166667,26751.36279296875,-3.1124929364817144,-61.639861993114685,-7.715392878549299,11.783713486315994,21.113270373615435
2023-06-14,25124.67578125,26041.80078125,24902.15234375,25920.2578125,14265717766,-3.0636253390914137,-5.119637538176858,-5.104701169638015,1.5661581937878246,2.456397334486617,2.138877686109995,1.703039255410907,27555.207682291668,26683.78623046875,-5.842913129915905,-62.81507290120406,-10.542647486403023,14.175026600204465,0.8643086967138336
2023-06-15,25576.39453125,25735.30859375,24797.16796875,25121.673828125,15837384409,1.7979087727655774,-1.063181884633646,-4.2774206984259155,1.771998005428808,2.4858009776755696,2.155561716719674,1.703039255410907,27476.225,26626.64140625,-3.944346036648394,-62.146521834748334,-8.934285897677242,14.658412195823134,11.017087739852883
2023-06-16,26327.462890625,26463.173828125,25245.357421875,25575.283203125,16324646965,2.9365685552642073,1.4930316655681342,-2.0131141444355793,2.2782771696222586,2.5785969310101957,2.166697189552482,1.703039255410907,27424.265299479168,26599.596875,-1.0230755964229177,-61.03492849787375,-6.260078772721633,14.658412195823134,3.0766605357075205
2023-06-17,26510.67578125,26769.39453125,26174.4921875,26328.6796875,11090276850,0.6959002900740696,2.347942404208081,-5.607742388985814,2.2665784921424397,2.351017899320488,2.123570694172077,1.703039255410907,27359.484016927083,26520.84833984375,-0.03835683709433324,-60.76377045226289,-4.451863744151807,14.658412195823134,-32.06421631182883
2023-06-18,26336.212890625,26675.92578125,26325.890625,26510.45703125,9565695129,-0.6580854145875503,1.6107440407361118,-5.080652092761784,2.322453238989885,2.3425338474937787,2.0218013852170755,1.6878458649220884,27318.042903645834,26450.36474609375,-0.43157006175352786,-61.02197835615064,-4.931483206347497,13.096623779649729,-13.747012284909733
2023-06-19,26851.029296875,26984.611328125,26312.83203125,26335.44140625,12826986222,1.9547852547670663,6.871147435515734,-3.0730978581394286,1.37329308851735,2.393249989077689,2.024260058611188,1.6874811637107852,27294.793587239583,26407.79873046875,1.6784078481136833,-60.260041736456756,-1.4626295263905242,12.237323913154775,34.09361315638058
2023-06-20,28327.48828125,28388.96875,26668.791015625,26841.6640625,22211859147,5.498705349618893,10.756378294988501,4.069963222381001,2.33717901764239,2.668218273621938,2.099408861338551,1.6418864838015224,27312.30322265625,26463.190234375,7.0448726338872225,-58.07485852548299,0.0,14.484721746356177,73.1650659209697
2023-06-21,30027.296875,30737.330078125,28283.41015625,28311.310546875,33346760979,6.000562340273241,14.05313531252752,11.958715468722069,2.9400233198500834,2.92759274362838,2.2215186049611857,1.6087217183389482,27349.133170572917,26623.5564453125,12.784694774641125,-55.55911427505684,0.0,23.95500210693793,50.13043599055918
2023-06-22,29912.28125,30495.998046875,29679.158203125,29995.935546875,20653160491,-0.38303689299371557,12.831077928069368,9.771491686729794,3.1554444452324555,2.9257254206498793,2.219047644841728,1.6110001334963113,27387.814778645832,26756.691015625,11.793649044765075,-55.72933926295656,-0.38303689299371557,23.95500210693793,-38.06546757567774
2023-06-23,30695.46875,31389.5390625,29845.21484375,29896.3828125,24115570085,2.618280743799839,16.552326173391396,13.3714593060138,2.6379442204676886,2.9490845336956846,2.2409177345456275,1.6046265916840419,27440.650260416667,26937.7080078125,13.949816150274064,-54.57020907772559,0.0,26.58517739629731,16.764550856556838
2023-06-24,30548.6953125,30804.1484375,30290.146484375,30708.73828125,12147822496,-0.47815994828226405,13.771040114485844,12.646559637685728,3.095443654146032,2.95835469668626,2.2155821140657816,1.608184798319711,27478.001888020834,27109.189453125,12.687601247991243,-54.78743614250428,-0.47815994828226405,26.58517739629731,-49.6266418202736
2023-06-25,30480.26171875,31041.271484375,30327.943359375,30545.150390625,12703464114,-0.2240147837737516,7.599591662085059,18.323548790409095,2.825621997086051,2.6553468728982845,2.2158448207084573,1.1546435306858729,27512.294563802083,27345.19765625,11.464770165168115,-54.888718969668226,-0.7011035830817858,26.58517739629731,4.574001786599702
2023-06-26,30271.130859375,30636.029296875,29955.744140625,30480.5234375,16493186997,-0.6861189753050945,0.8120410751259133,11.13246371409906,1.379150573126029,2.4138140268493307,2.1683194409775806,1.1647916746647977,27525.583626302083,27496.8150390625,10.089589708376234,-55.198236028820546,-1.3824121536668121,26.58517739629731,29.832200484775573
2023-06-27,30688.1640625,31006.787109375,30236.650390625,30274.3203125,16428827944,1.3776598074988877,2.593860381344193,16.481311536952916,1.4267931694691913,2.2430530201091847,2.173745079138464,0.9053167276867569,27548.048665364582,27713.92333984375,10.731936745961356,-54.58102013353909,-0.023797282782989093,26.58517739629731,-0.39021599046750177
2023-06-28,30086.24609375,30703.279296875,29921.822265625,30696.560546875,14571500779,-1.961401038928634,-1.9847315615598826,13.497812109703311,1.195495193268277,2.3260309894599227,2.18938811645011,1.0059587860369696,27562.011295572916,27892.8248046875,7.863747413255484,-55.47186847651064,-1.9847315615598826,26.58517739629731,-11.305293179348908
2023-06-29,30445.3515625,30796.25,30057.203125,30086.1875,13180860821,1.1935868224670187,-0.33829186138012446,14.973264398634845,1.3849726855000664,2.3216630089256873,2.194183880767916,1.0056845954726665,27581.620377604166,28091.0736328125,8.380875577989745,-54.94038656635549,-0.814834233472983,26.58517739629731,-9.543560262537598
2023-06-30,30477.251953125,31256.86328125,29600.275390625,30441.353515625,26387306197,0.10477918298796851,-0.009874474349247375,17.89473803503896,1.3830460488379,2.21089058021515,2.126767245930052,0.853913138463832,27621.381770833334,28322.37421875,7.608393695145899,-54.89317347154218,-0.7109088271375574,26.58517739629731,100.19410382483697
2023-07-01,30590.078125,30641.2890625,30328.865234375,30471.84765625,9086606733,0.37019798257575953,1.0536351189081028,17.925520612864677,1.3306339865190406,2.2105831684017696,2.111720000937855,0.853913138463832,27653.207454427084,28554.8697265625,7.127360124302351,-54.72618890972988,-0.3433426146978169,26.58517739629731,-65.56447761221997
2023-07-02,30620.76953125,30766.140625,30264.01953125,30587.26953125,10533418042,0.10033124506771962,-0.21961082817708588,18.215498624650127,1.16430488097506,2.2054374400430605,2.1075809065144946,0.853295574109132,27680.11513671875,28790.783203125,6.356153339817339,-54.68076513137341,-0.24335584955026413,26.58517739629731,15.92245985231855
2023-07-03,31156.439453125,31375.61328125,30586.513671875,30624.515625,15271884873,1.749367929268808,3.5570850415842292,20.20820942023629,0.7361036104066588,2.2054764209966358,2.116245776536934,0.853295574109132,27718.5939453125,29052.66875,7.241230474308824,-53.88796497079164,0.0,26.58517739629731,44.98508282977345
2023-07-04,30777.58203125,31325.197265625,30659.35546875,31156.865234375,12810828427,-1.21598433108826,1.0912354487612852,22.49941969089464,1.0548883866970844,2.0627054393319106,2.102898784595522,0.5768485247885204,27739.313899739584,29335.3140625,4.916490635406845,-54.448680091492754,-1.21598433108826,26.58517739629731,-16.11494891734704
2023-07-05,30514.166015625,30877.330078125,30225.61328125,30778.724609375,12481622280,-0.85586975402272,0.12112004900171058,19.305971677680688,1.163416158998558,2.0964371139568176,2.0864249920447806,0.6077662974723408,27766.139615885415,29582.20263671875,3.150419156920581,-54.83854006114779,-2.0614468430075417,24.337867505496646,-2.569749090590956
2023-07-06,29909.337890625,31460.052734375,29892.2265625,30507.150390625,21129219509,-1.9821224171432172,-2.225362849984547,13.60508992028806,1.435141718512638,2.1339754063283243,2.092917788611455,0.7522103004946964,27790.378938802085,29761.29638671875,0.4974296212859608,-55.73369548250493,-4.002708860158011,20.193555271338546,69.28263838633002
2023-07-07,30342.265625,30434.64453125,29777.28515625,29907.998046875,13384770155,1.4474667943441766,-0.909526150104667,14.453007065402446,1.6694647400282023,2.141227966484046,2.0676786816620667,0.7522103004946964,27834.512141927084,29952.87587890625,1.3000078779345836,-55.092955423530924,-2.6131799474388817,19.561637063665316,-36.652794253480344
2023-07-08,30292.541015625,30374.4375,30080.16015625,30346.921875,7509378699,-0.16387902600796256,-2.77277651960115,15.022388152126265,1.296817827832355,2.1275560791450547,2.067771992993088,0.7385860358035101,27878.408235677085,30150.69228515625,0.47046591543300487,-55.1665486507918,-2.77277651960115,19.561637063665316,-43.8960952482639
2023-07-09,30171.234375,30427.58984375,30085.591796875,30291.611328125,7903327692,-0.4004505286051452,-1.9700951674317513,12.365280456907524,1.242920736969597,2.12097422552001,2.0687277672389,0.7439941959296127,27920.899544270833,30316.7025390625,-0.47982845058780477,-55.34608444371163,-3.162123449976517,17.965800234224517,5.246093036331501
2023-07-10,30414.470703125,31026.083984375,29985.39453125,30172.423828125,14828209155,0.8061862007427312,-0.32671812970064273,7.3673401649816395,1.3080497219540808,1.7839619495417234,2.0457152643190613,0.7439941959296127,27977.79423828125,30421.05166015625,-0.021632904426727162,-54.98609073840552,-2.3814298521379396,11.231469474776311,87.6198195604313
2023-07-11,30620.951171875,30788.314453125,30358.09765625,30417.6328125,12151839152,0.6788889103658935,2.379234484736137,1.9770487478320442,0.753577712798508,1.2020443985524112,2.042760342035822,0.7439941959296127,28041.393587239585,30450.734375,0.5589907776238912,-54.68049630030638,-1.718708204946351,6.282973111591494,-18.04917893336797
2023-07-12,30391.646484375,30959.96484375,30228.8359375,30622.24609375,14805659717,-0.7488490028050299,0.16274611785849213,1.6025699623795742,0.6806078988447375,1.2125947420834866,2.046376392042191,0.7577798109987764,28101.5197265625,30474.70263671875,-0.2725413052715897,-55.01987095183773,-2.4546866784975085,6.282973111591494,21.838838811187067
2023-07-13,31476.048828125,31814.515625,30268.3515625,30387.48828125,23686079548,3.5680934374763718,3.9069281506940667,2.542981455935567,1.6967037098193276,1.329895444631682,2.0909592717866814,0.7577798109987764,28177.2765625,30513.731640625,3.1537184597206114,-53.41493791910186,0.0,7.480471736003835,59.97989958396395
2023-07-14,30334.068359375,31582.25390625,29966.38671875,31474.720703125,20917902660,-3.6280934592069825,0.5396994446800862,-0.7025732226187076,2.6208060666118618,1.5708902520938337,2.1487439550990777,1.1049667427516998,28229.6328125,30503.00029296875,-0.5538207126224659,-55.10508750942643,-3.6280934592069825,7.480471736003835,-11.686935705802515
2023-07-15,30295.806640625,30407.78125,30263.462890625,30331.783203125,8011667756,-0.1261344778969442,-0.3901565924269268,-0.6051623828791874,2.594167059357381,1.570385107486955,2.1467703680737507,1.1041910463074576,28283.952083333334,30493.7775390625,-0.6492173630633258,-55.161715472898706,-3.7496516603615415,7.480471736003835,-61.69946917613203
2023-07-16,30249.1328125,30437.560546875,30089.669921875,30297.47265625,8516564470,-0.1540603578530031,-1.2142612987035895,-0.07267005311824004,2.5621069918504427,1.5629713651621877,2.1421333119479833,1.0940231414485535,28331.457584635416,30492.67763671875,-0.7986993701251,-55.23079349449631,-3.897935291448351,7.480471736003835,6.302017624506195
2023-07-17,30145.888671875,30336.400390625,29685.783203125,30249.626953125,13240156074,-0.34131272874816654,-0.8086360593406838,-1.76705061117568,2.547430140772599,1.530616820395822,2.122831681823175,1.0966819743960587,28386.685579427085,30465.5638671875,-1.0493001104660338,-55.383596494859134,-4.225943870888438,7.480471736003835,55.4635806567199
2023-07-18,29856.5625,30233.65625,29556.427734375,30147.0703125,13138897269,-0.9597533349379406,-5.145138568592921,-0.7634172539648043,1.4843224822342487,1.481340421985012,2.128253598059336,1.0278195242288144,28436.126139322918,30454.0796875,-1.9620267420041415,-55.8118039154291,-5.145138568592921,7.639921545724482,-0.7647855843545881
2023-07-19,29913.923828125,30184.181640625,29794.26953125,29862.046875,12128602812,0.19212301525000086,-1.3850582990466265,-1.7455135418096734,0.42668366029147,1.4545625498645673,2.126303294174786,1.0278195242288144,28482.531770833335,30427.50830078125,-1.6878952675959402,-55.726908220726834,-4.9629005486997,7.639921545724482,-7.689339800104045
2023-07-20,29792.015625,30195.53125,29638.095703125,29915.25,14655207121,-0.40752996439197275,-1.6629067567042188,-2.2483533921592302,0.4201818097402166,1.455685733785833,2.1177973952695175,1.0318512528362858,28533.16826171875,30393.246484375,-1.9781725512083348,-55.90733433589015,-5.350205206252745,7.639921545724482,20.831783744292352
2023-07-21,29908.744140625,30045.998046875,29733.8515625,29805.111328125,10972789818,0.39181140710413676,-1.125284066769472,-2.227303838816197,0.5341245643235512,1.4560639336874375,2.1178363289995783,1.0318512528362858,28584.126041666666,30359.17978515625,-1.4836884517923865,-55.73457424212187,-4.979356513450172,7.639921545724482,-25.12702326617633
2023-07-22,29771.802734375,29991.615234375,29664.12109375,29908.697265625,7873300598,-0.4578641136054662,-1.2409185928196176,-2.7725194692072908,0.5429438682907004,1.4573208701121152,2.1136512186515746,1.0369180224618524,28626.56064453125,30316.7314453125,-1.7974520502663127,-55.937249741401864,-5.414421940492076,7.639921545724482,-28.24704812002806
2023-07-23,30084.5390625,30330.640625,29741.52734375,29790.111328125,9220145050,1.0504447141318263,0.7635727070053777,-3.440381537298831,0.6227588103637491,1.4177139257300506,2.06746605014176,1.0369180224618524,28689.055989583332,30263.13642578125,-0.5901482277597014,-55.47439491040931,-4.4208527354349325,7.639921545724482,17.106478220101607
2023-07-24,29176.916015625,30093.39453125,28934.294921875,30081.662109375,15395817395,-3.016908602087709,-2.463761747655002,-5.200752983128321,1.5446393240875123,1.5398863640263396,2.1093821350593527,1.2067953290848996,28734.067805989584,30183.103125,-3.3336105476232447,-56.81769172048876,-7.3043882510616776,9.954349020433483,66.98020813674725
2023-07-25,29227.390625,29353.16015625,29062.43359375,29178.970703125,10266772793,0.17299501204297574,-1.8952225559595748,-4.216977091774677,1.573744778161473,1.5359509532246958,2.107177208711223,1.1915239462589853,28775.869466145832,30118.76435546875,-2.959529547588824,-56.74298848108019,-7.144029466353297,9.954349020433483,-33.31453257990529
2023-07-26,29354.97265625,29675.552734375,29113.912109375,29225.759765625,13497554655,0.43651529788248933,-1.851537068127218,-1.8534854780211107,1.5792855493884315,1.4828769524438972,2.106858013540944,1.106023892455087,28817.313118489583,30091.04609375,-2.4461543650118656,-56.55416500839331,-6.738698949976662,9.954349020433483,31.46832921249394
2023-07-27,29210.689453125,29560.966796875,29099.3515625,29353.798828125,10770779217,-0.4915119656712763,-1.8847138221903204,-3.729372703608058,1.5798626150256898,1.4403228491672884,2.028973058035813,1.1114711203182042,28836.063834635417,30034.46728515625,-2.7427749066099794,-56.767706485962854,-7.197089403978241,9.954349020433483,-20.20199589997511
2023-07-28,29319.24609375,29521.513671875,29125.845703125,29212.1640625,11218474952,0.3716332707559111,-2.5438081905131416,-3.2129854057900586,1.4512477303407356,1.4456055178379486,2.022121692163632,1.1108668842589278,28862.2865234375,29985.8025390625,-2.2229068054596124,-56.60704089955384,-6.85220291197356,9.954349020433483,4.156577031059938
2023-07-29,29356.91796875,29396.84375,29264.166015625,29319.4453125,6481775959,0.1284885528077373,0.6169327595438867,-2.6989827334500616,0.3675129180172305,1.4456822457726886,2.0218143090771616,1.1072520956178549,28889.862662760417,29945.08671875,-1.964157778283282,-56.55128591438523,-6.732518655522856,9.954349020433483,-42.22230751743626
2023-07-30,29275.30859375,29443.169921875,29059.501953125,29357.09375,8678454527,-0.2779902682116475,0.16394884293575718,-3.7454609041016607,0.4057221921805817,1.4290905322063006,2.0077818515951957,1.1089955512585026,28924.123502604165,29888.12861328125,-2.050379357839527,-56.67206911120633,-6.991793177066619,9.954349020433483,33.890072441487185
2023-07-31,29230.111328125,29489.873046875,29131.578125,29278.314453125,11656781982,-0.15438698273756435,-0.42534983625138745,-4.542118355315727,0.33963317620233713,1.4147783761835593,1.997067026747397,1.109532739369637,28964.29248046875,29818.58662109375,-1.9735183979258775,-56.73896179638815,-7.135385741278855,9.954349020433483,34.31863871307925
2023-08-01,29675.732421875,29675.732421875,28657.0234375,29230.873046875,18272392391,1.5245275282999904,1.5920301008172544,-2.3556277639254164,0.7198702351238634,1.4608492450466026,1.9961474452600287,1.0968245795399492,29004.728190104168,29782.79091796875,-0.3594642838833373,-56.07943535994573,-5.719639132855048,11.018214066741372,56.75331681775979
2023-08-02,29151.958984375,29987.998046875,28946.509765625,29704.146484375,19212655598,-1.7649890828436932,-0.5705709786673507,-7.383677209425787,1.1723619796637286,1.2214595285270338,2.0090454958899375,1.1656686842370165,29039.342024739584,29666.58642578125,-1.7347039326338631,-56.85462853096599,-3.8969694437134716,10.20772612734826,5.145813349888018
2023-08-03,29178.6796875,29375.70703125,28959.48828125,29161.8125,12780357746,0.09166006009861949,-0.6071423486611605,-3.808881348148996,1.1706122753242154,0.9540796854906983,2.009054652980078,0.8370366622638659,29073.668912760415,29608.8169921875,-1.4527338420883051,-56.8150814575477,-3.6873979504047805,6.213266054160482,-33.47948345396661
2023-08-04,29074.091796875,29302.078125,28885.3359375,29174.3828125,12036639988,-0.35843942133476636,-0.6873259635526319,-4.032620283863797,1.1739395297145494,0.9546801016137947,1.8932487516523047,0.8403920630196696,29128.9021484375,29547.73125,-1.6029638591118611,-56.96987322967515,-3.8845444691208875,6.213266054160482,-5.819224882282881
2023-08-05,29042.126953125,29102.46484375,28957.796875,29075.388671875,6598366353,-0.10994270766331304,-0.6431189155927775,-3.9902164034144594,1.1738989848412458,0.9548457764313723,1.749268527100499,0.8400455105777207,29158.957877604167,29487.38095703125,-1.509981522452164,-57.0171817161574,-3.661400500625378,5.860263040883029,-45.18099436737927
2023-08-06,29041.85546875,29160.822265625,28963.833984375,29043.701171875,7269806994,-0.0009347950838400898,-2.1360111491561584,-3.662301069117335,0.7658277858077903,0.9552094667302441,1.6915370303811348,0.8365714461978726,29203.888834635418,29432.179296875,-1.3261805189072273,-57.01758351742963,-3.4658453353194063,5.840164074088516,10.175861797893715
2023-08-07,29180.578125,29244.28125,28724.140625,29038.513671875,13618163710,0.47766457759308434,0.09817227254038663,-2.2641065092473434,0.3062400195620082,0.9476573193288786,1.6910231185554832,0.8085761939343596,29248.428190104165,29398.380078125,-0.7408637909510629,-56.81227173929885,-3.004735873207298,5.840164074088516,87.32496916684993
2023-08-08,29765.4921875,30176.796875,29113.814453125,29180.01953125,17570561357,2.0044635853149417,2.011100249513298,-0.4961958233157149,0.9455584313633224,1.0582746628387079,1.7069753505465812,0.8085761939343596,29303.180143229165,29390.95849609375,1.2743160161177824,-55.94658945298833,-1.0605011243057016,5.840164074088516,29.02298526561038
2023-08-09,29561.494140625,30093.435546875,29376.80078125,29766.6953125,18379521213,-0.6853508270246889,1.6764146827189519,-0.773769345708708,1.0197279162821944,1.0654349905340244,1.6772758795612353,0.8179099679113101,29365.017708333333,29379.432421875,0.6196910686893986,-56.24850986650485,-1.738583798104354,5.840164074088516,4.604063806292191
2023-08-10,29429.591796875,29688.564453125,29354.447265625,29563.97265625,11865344789,-0.4461964714047806,1.3341476138279518,-1.6020476871149159,1.0665981825474202,1.0643099165504086,1.6795257669074186,0.8239728637299799,29423.174772135415,29355.4748046875,0.2524809858488908,-56.44372747166753,-2.177022769949577,5.840164074088516,-35.442579534620656
2023-08-11,29397.71484375,29517.7734375,29253.517578125,29424.90234375,10195168197,-0.10831598801986919,1.2253327800729519,-1.25651743014229,1.0744676250756289,1.0605605820939723,1.67939494786195,0.8179461599029818,29481.428352864583,29336.77041015625,0.20774077289928972,-56.49090587860122,-2.282980694246761,5.840164074088516,-14.076089837257577
2023-08-12,29415.96484375,29465.11328125,29357.587890625,29399.787109375,6194358008,0.06207965516027425,0.8066554327391451,-2.2223183056288565,1.0683606132316963,1.0287511832952492,1.6793958870987302,0.8179461599029818,29539.715625,29303.34169921875,0.3843354989586434,-56.463895583007286,-1.174270331389926,5.3033192397478945,-39.242218585243805
2023-08-13,29282.9140625,29441.43359375,29265.806640625,29416.59375,7329897180,-0.45230806453818717,-1.6212670765197612,0.3632942111436055,0.2989674237808006,0.7756942065524103,1.6257074959501223,0.47347457597510717,29609.019596354166,29308.6416015625,-0.08778141072607326,-56.66081289427112,-1.6212670765197612,5.3033192397478945,18.33182987701798
2023-08-14,29408.443359375,29660.25390625,29124.10546875,29283.263671875,14013695304,0.4286776125049352,-0.5177369605268711,0.6194625332722525,0.37072913014386843,0.7804238753957792,1.6134372066202496,0.47347457597510717,29672.887076822917,29317.69423828125,0.30953703369773766,-56.47502750170722,-1.199539473010769,5.3033192397478945,91.18542811537773
2023-08-15,29170.34765625,29439.12109375,29088.853515625,29408.048828125,12640195779,-0.8096168172366025,-0.8808961483880551,-0.6289394378321544,0.47558238692795085,0.7961623523317023,1.5796678276005345,0.5069044719002032,29720.268489583334,29308.46298828125,-0.47124727109189024,-56.827412998751,-1.9994446169444902,5.3033192397478945,-9.801123081418472
2023-08-16,28701.779296875,29221.9765625,28701.779296875,29169.07421875,14949271904,-1.6063173634291772,-2.367311713083564,-1.7422052193141746,0.7901659419729677,0.8662233644263082,1.5948888895234479,0.6114619502595602,29756.786881510416,29283.01748046875,-1.9848985302878153,-57.520901759993635,-3.5736445543195328,5.3033192397478945,18.267724372087834
2023-08-17,26664.55078125,28745.947265625,25409.111328125,28699.802734375,31120851211,-7.097917151940503,-9.353472092840743,-9.054446025015295,2.99214797766006,1.783698994528763,1.8466519427741626,1.7008548178506546,29762.2591796875,29150.28271484375,-8.527299573420532,-60.53603295996071,-10.41790737648961,18.763684747989263,108.17636745688559
2023-08-18,26049.556640625,26808.1953125,25668.921875,26636.078125,24026236529,-2.306411031148714,-11.041788446921242,-11.266037298757436,2.8794886034547233,1.824215187763855,1.853590419138423,1.7773248728457067,29748.901302083334,28984.9146484375,-10.127192173638978,-61.44623424910106,-12.484038642692108,18.763684747989263,-22.79698146396565
2023-08-19,26096.205078125,26249.44921875,25802.408203125,26047.83203125,10631443812,0.17907574452629138,-11.262882026001908,-10.859333917674597,2.8224243809515044,1.831041486176512,1.7058196357613322,1.7762375331511797,29711.713248697917,28825.95947265625,-9.469778090545933,-61.37719380603972,-12.327318783312158,18.763684747989263,-55.75069029572026
2023-08-20,26189.583984375,26260.681640625,26004.314453125,26096.861328125,9036580420,0.357825614760654,-10.21847153486477,-10.402038191433183,3.0207804887732834,1.8405216145041003,1.5064294821060118,1.77590202633846,29647.7513671875,28673.93310546875,-8.664137953993933,-61.23899151233836,-12.013603472771406,18.763684747989263,-15.001380999632751
2023-08-21,26124.140625,26220.201171875,25846.087890625,26188.69140625,13371557893,-0.2498831574187843,-8.980762639184704,-11.968000473872042,3.1343835265845836,1.7779223126688684,1.5062777420374327,1.7767808212526177,29584.615690104165,28496.353515625,-8.324619110737375,-61.335848744194685,-12.233466658512649,18.763684747989263,47.971436887848775
2023-08-22,26031.65625,26135.5078125,25520.728515625,26130.748046875,14503820706,-0.35401882238949023,-2.373542822611663,-10.703578226243504,1.065456883544817,1.757969383798794,1.459705207621051,1.7342021883199081,29506.885481770834,28340.33837890625,-8.146275806729975,-61.47272711715739,-12.54417670630027,18.763684747989263,8.467695552458698
2023-08-23,26431.640625,26786.8984375,25804.998046875,26040.474609375,16985265785,1.5365306423789304,1.4667581089619297,-9.414542028359207,0.754470166700704,1.8144723549396793,1.4777470035300846,1.7342021883199081,29438.267903645832,28202.98642578125,-6.280702951237849,-60.880743763639565,-11.200391182847802,18.763684747989263,17.10890619306584
2023-08-24,26162.373046875,26554.91015625,25914.92578125,26431.51953125,12871532023,-1.018731988472621,0.25355398822131114,-10.014822716880056,0.9617412292816764,1.8182054502915062,1.4812496126384946,1.7472618671086733,29366.303092447917,28057.40048828125,-6.754109106428974,-61.27926414057194,-12.105021203506682,18.763684747989263,-24.21942531881317
2023-08-25,26047.66796875,26248.103515625,25786.8125,26163.6796875,12406045118,-0.4384352975912553,-0.5418796102666934,-10.310742698729191,0.964845784949763,1.815883758428196,1.4803393962196845,1.7498374032499038,29295.912044270834,27907.6775390625,-6.66486692670516,-61.449029514066744,-12.49038381536085,18.763684747989263,-3.616406377797343
2023-08-26,26008.462890625,26107.384765625,25983.87890625,26047.234375,6034817316,-0.15051281432193475,-0.44280015191887623,-10.444899367359739,0.9621326065089751,1.8139126026914814,1.465118425282933,1.7501610210160747,29217.917024739585,27756.00791015625,-6.296096416991592,-61.507053664693544,-12.622097001482679,18.763684747989263,-51.35583291371357
2023-08-27,26089.693359375,26165.373046875,25965.09765625,26008.2421875,6913768611,0.31232321991347956,0.2229482012885864,-10.592267063334615,0.9617086011062171,1.8094309750541162,1.4498121879664672,1.7501610210160747,29151.3078125,27601.463671875,-5.4771382071322705,-61.386831255259544,-12.349195521344846,18.763684747989263,14.564671123840856
2023-08-28,26106.150390625,26198.578125,25880.599609375,26089.615234375,11002805166,0.06307866874213364,-1.2314416611246548,-12.293906560737932,0.5124737251101302,1.7152469996108788,1.4383416488036387,1.7501610210160747,29078.98779296875,27418.49658203125,-4.786353575149327,-61.36247458245621,-11.68866408972028,18.435608228316845,59.14338163551247
2023-08-29,27727.392578125,28089.337890625,25912.62890625,26102.486328125,29368391712,6.2101924766441385,5.981947923630493,-6.204360150996157,2.814735408031859,2.299133560618591,1.662107857107102,1.743438645802845,29033.156803385416,27326.79150390625,1.4659645431169155,-58.963009885814444,-5.7839715565839,16.842199121946976,166.91731125760444
2023-08-30,27297.265625,27760.16015625,27069.20703125,27726.083984375,16343655235,-1.5512708305083889,4.797349450819066,-7.245517323490103,3.013585454873561,2.3161880288719527,1.670526005800563,1.774808667604332,28978.276595052084,27220.1751953125,0.2832106301092985,-59.5996047431744,-7.202548786021412,16.730780243461197,-44.349505429941736
2023-08-31,25931.47265625,27456.078125,25752.9296875,27301.9296875,20181001451,-5.00340578984273,-0.2960199328148394,-11.790855874081407,4.0653516088753765,2.5374090653601056,1.782418135492958,2.097870983600282,28900.121647135416,27046.8630859375,-4.123917905538654,-61.621000458573775,-11.845581832888097,16.730780243461197,23.479118721143276
2023-09-01,25800.724609375,26125.869140625,25362.609375,25934.021484375,17202862221,-0.5042060225742162,-1.1075973412932538,-12.29006171845194,4.066379434798936,2.5328528410315037,1.762977348277704,2.1008983434454938,28810.859733072917,26866.10107421875,-3.9655045661467714,-61.81450968566538,-12.26762908159812,16.944804328714703,-14.757142935800282
2023-09-02,25868.798828125,25970.28515625,25753.09375,25800.91015625,10100387473,0.2638461507599166,-0.9091787143968744,-11.659069268475408,4.07008695497892,2.5404403775650883,1.760272879417235,2.098462465766235,28729.0466796875,26695.3953125,-3.0964009886302435,-61.71375873932221,-12.036150597959516,16.944804328714703,-41.286587410610174
2023-09-03,25969.56640625,26087.1484375,25817.03125,25869.47265625,8962524523,0.38953327054152,-6.339673544571955,-11.693502138489542,2.2197967844096103,2.53963167398866,1.7606354953312775,2.098462465766235,28653.303352864583,26523.45146484375,-2.088284246595562,-61.56462109157207,-10.972722326517093,16.07291922718421,-11.265537614687505
2023-09-04,25812.416015625,26081.525390625,25657.025390625,25968.169921875,10680635106,-0.6051329012069284,-5.439554385312173,-11.51145567476819,2.2313054542286324,2.539107958061328,1.7466336798814521,2.0950131364977755,28585.021321614582,26355.5548828125,-2.0608136296219715,-61.797206215050515,-10.066843770778311,15.216759168732018,19.16994010550168
2023-09-05,25779.982421875,25858.375,25589.98828125,25814.95703125,11094740040,-0.12565113521479931,-0.5841944897737483,-10.17984580251483,0.4443800519988222,2.5291347423804194,1.7327773017010193,2.064184264760436,28508.983268229167,26209.4650390625,-1.6386546484157494,-61.84520845912507,-7.023416106519775,13.33986515583041,3.877156460175013
2023-09-06,25753.236328125,25953.015625,25404.359375,25783.931640625,12752705327,-0.10374752516241204,-0.1840579362361927,-3.417700379058397,0.3897195547522608,1.9970725770820374,1.732849049767645,1.3199899475158472,28433.328190104166,26163.89931640625,-1.5695786905269848,-61.88479311107962,-7.119877011289811,10.750977848173404,14.943705585011614
2023-09-07,26240.1953125,26409.302734375,25608.201171875,25748.3125,11088307100,1.8908652030005024,1.4356928083232523,0.7318307735713736,0.961995159062585,1.979545378598558,1.7547061772110348,1.2150707260536997,28367.810872395832,26173.43125,0.255083339522022,-61.16408592696536,-5.363639085192218,10.750977848173404,-13.051334476271004
2023-09-08,25905.654296875,26414.005859375,25677.48046875,26245.208984375,10817356400,-1.2749181613965876,-0.24610387549488522,-0.7301857901543252,1.1815211890380335,2.001324955436204,1.7547044347770793,1.2480655772937606,28292.663932291667,26163.9037109375,-0.9870446586093373,-61.659212048626856,-6.57017523777993,10.750977848173404,-2.443571390622834
2023-09-09,25895.677734375,25921.9765625,25810.494140625,25905.42578125,5481314132,-0.03851113886439439,0.3225646088285572,-1.1222257297990978,1.1406792290492627,1.999371234119146,1.7506948306828105,1.2480952850709914,28213.909375,26149.2083984375,-0.9695538778820123,-61.67397752271652,-6.606156127334872,10.750977848173404,-49.32852418544701
2023-09-10,25832.2265625,25978.130859375,25640.26171875,25895.2109375,7899553047,-0.24502611024840304,0.20265390321083654,-1.1174111588598934,1.1470194744613782,1.9993443873398464,1.749536557595238,1.2480471348204496,28137.91904296875,26134.6126953125,-1.1570331511617682,-61.76788628480553,-6.834995430187529,10.750977848173404,44.11786766392902
2023-09-11,25162.654296875,25883.947265625,24930.296875,25831.71484375,14600006467,-2.592003689674205,-2.2932342317110166,-3.33825072357814,1.6552672479047417,2.079039310120779,1.701447721635487,1.3737828579391527,28032.69580078125,26091.16259765625,-3.5587080388079673,-62.75886408294381,-9.249835786122206,12.671493771070462,84.82066491780343
2023-09-12,25833.34375,26451.939453125,25133.078125,25160.658203125,18657279324,2.6654161568650414,-1.5504898406994316,-2.2635631419493096,1.940927170751198,2.1415989529289625,1.6903927118663558,1.3737828579391527,27957.683723958333,26061.24775390625,-0.874493831064127,-61.76623282921052,-6.830966246783965,12.671493771070462,27.789527807200255
2023-09-13,26228.32421875,26376.11328125,25781.123046875,25837.5546875,13072077070,1.528956036711282,1.2455578931813482,0.25208405887660046,1.9921276757248916,2.159321997601403,1.705933192044958,1.3547651447946971,27889.892350260416,26064.5453125,0.6283589615179608,-61.181655337990605,-5.4064526808686,12.671493771070462,-29.93578086605271
2023-09-14,26539.673828125,26774.623046875,26171.451171875,26228.27734375,13811359124,1.1870739692642074,2.4868864231158305,1.888867210551326,2.020829313449631,2.17114058466758,1.715644288096722,1.3512132777773835,27828.068033854168,26089.14560546875,1.726879942598858,-60.72085287320863,-4.283557304039576,12.671493771070462,5.655429126076905
2023-09-15,26608.693359375,26840.498046875,26240.701171875,26533.818359375,11479735788,0.2600617162704433,3.0058067003878586,2.307827537806384,1.9860459790280356,2.1704304784371677,1.7165800936721949,1.3507940689380247,27769.114778645835,26119.15712890625,1.8742420670496251,-60.61870284905431,-4.034635480411442,12.671493771070462,-16.881925341788683
2023-09-16,26568.28125,26754.76953125,26473.890625,26606.19921875,7402031417,-0.1518755875352329,5.586163274116784,1.8343944638698595,1.1084651788615714,2.170931841449629,1.713631120367009,1.3512209021409503,27714.310091145835,26143.0865234375,1.6264136454634315,-60.6785134254813,-4.180383441605895,12.671493771070462,-35.520890430792896
2023-09-17,26534.1875,26617.998046875,26445.07421875,26567.927734375,6774210670,-0.12832501161511578,2.7129424544586778,1.6396025571380868,0.7746694424314753,2.1715860402952325,1.7129518416848326,1.3515255424197148,27657.98115234375,26164.48837890625,1.4129805090773218,-60.728972727695286,-4.303343975684015,12.671493771070462,-8.481735778074452
2023-09-18,26754.28125,27414.734375,26415.515625,26532.994140625,15615339655,0.8294723552398242,2.005301699275197,-3.509566669073372,0.5931285823879746,1.6445872119497853,1.7176663602185283,1.3515255424197148,27607.35224609375,26115.8328125,2.444679601388833,-60.40323041285283,-1.989152988652132,11.351101414631671,130.51157419938932
2023-09-19,27211.1171875,27488.763671875,26681.60546875,26760.8515625,13807690550,1.7075246134672373,2.5299608568039256,-0.3155936520656599,0.7816513557574382,1.6614067090479316,1.7332161035796225,1.3062538927534704,27562.391796875,26111.525390625,4.211135812348199,-59.72710582601438,0.0,10.262480265289664,-11.57611134267703
2023-09-20,27132.0078125,27379.505859375,26864.08203125,27210.228515625,13281116604,-0.290724465500225,1.9667048135628251,4.629645111808367,0.8594520296176034,1.1789545865423283,1.7328349298356365,0.6773638558293668,27518.39521484375,26171.5521484375,3.669846016831846,-59.844188982343184,-0.290724465500225,10.262480265289664,-3.8136279495342595
2023-09-21,26567.6328125,27152.939453125,26389.30078125,27129.83984375,13371443708,-2.080107760178318,-0.002440645271328812,2.9724289326600317,1.4169698869462188,1.2792263287864183,1.743489544547296,0.8139121710735899,27459.780110677082,26209.89755859375,1.3648861202395501,-60.679473123483994,-2.3647848435109364,10.262480265289664,0.6801167905776451
2023-09-22,26579.568359375,26726.078125,26495.533203125,26564.056640625,10578746709,0.04492514240630463,0.17102788383853706,2.74759387156871,1.4149328767623428,1.2791765870900549,1.7037581128079118,0.8139121710735899,27416.490983072916,26245.43603515625,1.2731063937027942,-60.66180832078981,-2.3209220840631817,10.262480265289664,-20.88553083710144
2023-09-23,26579.390625,26634.185546875,26520.51953125,26578.556640625,7404700301,-0.0006686879658768241,-0.653692107688375,2.348226417069621,1.3465124547110037,1.278200128263473,1.703363353117964,0.8139121848079831,27372.357649739584,26275.92724609375,1.1549102570732828,-60.66207137054356,-2.321575252302377,10.262480265289664,-30.003992867128957
2023-09-24,26256.826171875,26716.05859375,26221.05078125,26579.373046875,8192867686,-1.213588594546644,-3.5069894743732677,1.7216914371013692,0.9191888072939243,1.3034562857501348,1.7071524587601143,0.8472211145937251,27320.721875,26298.14775390625,-0.15712734759091296,-61.13947198572154,-3.5069894743732677,10.262480265289664,10.644149701690942
2023-09-25,26298.48046875,26421.5078125,26011.46875,26253.775390625,11997833257,0.15864178176880905,-3.072118176841987,2.0112428254995374,0.9894727004029057,1.3024908695071442,1.70714861766343,0.8467551042800954,27272.18505859375,26324.07265625,-0.09721971153244802,-61.07782295167492,-3.353911243193053,10.262480265289664,46.442414510146904
2023-09-26,26217.25,26389.884765625,26090.712890625,26294.7578125,9985498161,-0.30887894396227633,-1.3188333901360871,1.8017683912147975,0.5583763920084305,1.3050484840994976,1.7058139168996835,0.8492504573308698,27220.485123697916,26347.27333984375,-0.49349827652609424,-61.198045361108925,-3.6524306615259183,10.262480265289664,-16.772487605842713
2023-09-27,26352.716796875,26817.841796875,26111.46484375,26209.498046875,11718380997,0.5167086436411061,-0.8534809874742977,0.4288134407345545,0.6550974756514306,1.2402208801601518,1.7077073393729933,0.8492504573308698,27170.415104166666,26352.8994140625,-0.0006929681043099656,-60.997552307588066,-3.1545944428159056,10.262480265289664,17.35399484392335
2023-09-28,27021.546875,27259.5,26327.322265625,26355.8125,14079002707,2.537992888096885,1.6635304256528594,4.307525165498749,1.390139762659568,1.3197879952779799,1.742891090096412,0.7999722016193742,27132.852408854167,26408.69404296875,2.320648007183146,-60.007672958970936,-0.696664937325997,10.262480265289664,20.144606243851747
2023-09-29,26911.720703125,27225.9375,26721.763671875,27024.841796875,10396435377,-0.4064392478456136,2.494187709371709,3.9236006069123253,1.198554973692444,1.326120584493259,1.7432831112421727,0.8050720533482594,27094.212565104168,26459.49619140625,1.7091198881769465,-60.17021747219247,-1.1002726654403383,10.262480265289664,-26.15645018783218
2023-09-30,26967.916015625,27091.794921875,26888.96875,26911.689453125,5331172801,0.20881352448591795,2.545529380187861,4.396405591973451,1.195192078987816,1.321963905371515,1.7304412092392516,0.8032055287080695,27049.082291666666,26516.2806640625,1.7032379362864614,-60.08704749950107,-0.8937566590860868,10.262480265289664,-48.72114712708034
2023-10-01,27983.75,28047.23828125,26965.09375,26967.396484375,9503917434,3.7668241913332734,6.73793017955735,11.211439261697276,1.7557723314697833,1.372831147341987,1.7890131993263856,0.5560710071411518,27029.612141927082,26657.33544921875,4.97579569911637,-58.58359674923692,0.0,11.59491941956472,78.27066930220859
2023-10-02,27530.78515625,28494.458984375,27347.787109375,27976.798828125,19793041322,-1.6186709920936293,4.470386747808486,6.570738277928112,2.2039680752973787,1.3581539883037268,1.8002711127484041,0.663490583215198,27002.147233072916,26742.20751953125,2.948812793943101,-59.25399205462555,-1.6186709920936293,10.5245063706753,108.26192419550011
2023-10-03,27429.978515625,27667.19140625,27216.001953125,27508.251953125,11407814187,-0.3661597010505724,1.511503551274762,4.581513812521676,2.0402135241652144,1.3358364997465244,1.8002915687717431,0.6685232982842975,26974.745345052084,26802.290234375,2.341920320096258,-59.40318751550837,-1.9789037722785507,9.545751753733622,-42.36452093736502
2023-10-04,27799.39453125,27826.658203125,27248.10546875,27429.07421875,11143355314,1.3467601347721292,3.298465519605087,4.746556838954175,2.0354746521547713,1.3423030407881191,1.8096915055092506,0.6685232982842975,26954.033138020834,26865.27626953125,3.477046922380489,-58.85644582897904,-0.6587947246169623,9.545751753733622,-2.318225636085214
2023-10-05,27415.912109375,28091.861328125,27375.6015625,27798.646484375,11877253670,-1.379463216164356,1.6612188108656056,3.0336654983308176,2.2387391221754207,1.3902601511363644,1.81770519607989,0.7362535830720562,26926.93408203125,26905.63720703125,1.8965352815000447,-59.42400602459092,-2.0291701098852033,9.545751753733622,6.585972853956856
2023-10-06,27946.59765625,28252.537109375,27215.552734375,27412.123046875,13492391599,1.9356844476223989,-0.13276399249564363,5.1878267671154,1.5981539937522402,1.443081904707116,1.834945835710716,0.7354699374427093,26906.367740885416,26974.55302734375,3.603561578651182,-58.638582819740726,-0.13276399249564363,9.545751753733622,13.598580731500022
2023-10-07,27968.83984375,28028.091796875,27870.423828125,27946.78125,6553044316,0.07958817661306572,1.591144912917808,5.406807137961178,1.3305456545465273,1.4408615633781066,1.8150420021670728,0.734909969623274,26876.42353515625,27046.28564453125,3.411019950553884,-58.60566402198564,-0.05328148032339719,9.545751753733622,-51.43155853491768
2023-10-08,27935.08984375,28102.169921875,27740.662109375,27971.677734375,7916875290,-0.1206700034343422,1.8414572502755355,4.413531362387091,1.3029886276119809,1.4372216854741067,1.8133521913012314,0.7354051440791829,26849.316796875,27105.32607421875,3.061257286701613,-58.65561456863193,-0.17388718899361555,9.545751753733622,20.812173826904434
2023-10-09,27583.677734375,27989.470703125,27302.5625,27934.47265625,12007668568,-1.2579594744121514,-0.7759766013339164,1.3691482944557132,1.3363003293753282,1.429270465430212,1.819164861762987,0.787365117274882,26818.5515625,27123.9541015625,1.6948990220641003,-59.17571018230331,-1.4296592330370284,9.545751753733622,51.671816570954206
2023-10-10,27391.01953125,27715.84765625,27301.654296875,27589.201171875,9973350678,-0.6984500217130485,-0.09079609690055834,0.9546352799982172,1.2080252752405112,1.4376840057035913,1.8208517309608596,0.8000683807030603,26785.106640625,27136.9046875,0.9364179396150973,-59.46084744339921,-2.1181237995265056,9.545751753733622,-16.941822456870458
2023-10-11,26873.3203125,27474.115234375,26561.099609375,27392.076171875,13648094333,-1.8900326735168282,-3.8404579940340966,1.15060119265189,0.8125338365301211,1.4233684682349055,1.8352651393769497,0.7761302561111585,26742.729231770834,27152.1890625,-1.0270580738742319,-60.2270506722858,-3.9681232411667433,9.545751753733622,36.845627649552505
2023-10-12,26756.798828125,26921.439453125,26558.3203125,26873.29296875,9392909295,-0.43359541366684295,-4.33354054868259,0.6667921252659692,0.7021108813309878,1.4277696298707039,1.835211701484173,0.7821626580122696,26700.627311197917,27161.0505859375,-1.4883509624690316,-60.399504356450805,-4.3845130544512445,9.545751753733622,-31.177869482564336
2023-10-13,26862.375,27092.697265625,26686.322265625,26752.87890625,15165312851,0.39457699163931714,-3.840026467607738,1.0646759325393607,0.861227780882652,1.4298698046408798,1.8350398971189927,0.7821626437203701,26658.192838541665,27175.1998046875,-1.1511407714968946,-60.24324991206622,-4.0072363425202155,9.545751753733622,61.45490576676542
2023-10-14,26861.70703125,26969.0,26814.5859375,26866.203125,5388116782,-0.0024866332556272575,-2.617383766143966,2.3037089685383094,0.8689636060635098,1.398275338106473,1.8329615618618316,0.7335794752841721,26619.715494791668,27205.44384765625,-1.2634854197971945,-60.24423851663527,-4.009623330504308,9.545751753733622,-64.47078385432248
2023-10-15,27159.65234375,27289.169921875,26817.89453125,26858.01171875,7098201980,1.1091823470242623,-0.844682642192407,3.2746069721530713,1.1192584017501852,1.4155926552161044,1.8291786675095059,0.7335794752841721,26594.01337890625,27248.50244140625,-0.32607332401958233,-59.80327462833671,-2.9449150176441674,9.213033403214222,31.738087112604084
2023-10-16,28519.466796875,29448.138671875,27130.47265625,27162.62890625,27833876539,5.006744695824206,6.125579069622078,8.781305426293763,2.1944110599395406,1.7743649292194743,1.7048244219145616,0.7303208448737025,26624.928645833334,27363.61328125,4.2240529558170925,-57.79072721289593,0.0,12.778577717073802,292.1257329310317
2023-10-17,28415.748046875,28618.751953125,28110.185546875,28522.09765625,14872527508,-0.36367703063566736,6.200103492971731,7.828533452173869,2.181464667285147,1.7831676499359073,1.676043700271464,0.7348343933075244,26664.365169270834,27466.76484375,3.455023584042305,-57.94423264282098,-0.36367703063566736,11.853907415129639,-46.566812254264846
2023-10-18,28328.341796875,28889.009765625,28174.251953125,28413.53125,12724128586,-0.30759792019486865,5.457323847481832,4.836121810198923,2.269428815719405,1.7151917122554217,1.6771206221899695,0.7380463465210351,26701.567447916666,27532.10458984375,2.8920317530864326,-58.07359530853367,-0.6701562878480671,10.88102833828264,-14.445419050960684
2023-10-19,28719.806640625,28892.474609375,28177.98828125,28332.416015625,14448058195,1.3818840741083749,6.917280451362795,6.718581682107172,2.1859745984356014,1.7257428929655458,1.6844602743123274,0.7324293593948719,26743.737825520835,27622.50888671875,3.9724767884275813,-57.494220999256065,0.0,10.88102833828264,13.548508232593548
2023-10-20,29682.94921875,30104.0859375,28601.669921875,28732.8125,21536125230,3.3535830870205396,9.290608153092439,10.067641865807996,2.344894121124527,1.8518598593445346,1.7328651359200213,0.7324293593948719,26803.051302083335,27758.260546875,6.9337510130535795,-56.06875438368078,0.0,13.35086550383664,49.058959614745646
2023-10-21,29918.412109375,30287.482421875,29481.751953125,29683.380859375,11541146996,0.7932597562652743,4.905229548868317,6.913519844105953,1.5242451983162357,1.6875871764589527,1.7326672044399978,0.7324293593948719,26867.83056640625,27854.99365234375,7.40771469124939,-55.720265491780474,0.0,14.04140798625666,-46.410290278573015
2023-10-22,29993.896484375,30199.43359375,29720.3125,29918.654296875,10446520040,0.2523007395046406,5.553781075538344,8.946752931838663,1.409961850890885,1.6234616689455736,1.7243775022869707,0.6367479701352127,26927.201497395832,27978.14921875,7.204719832840523,-55.60854739416554,0.0,14.04140798625666,-9.484559518905556
2023-10-23,33086.234375,34370.4375,30097.828125,30140.685546875,38363572311,10.309890521346299,16.79552093885657,20.620708310628146,4.1339857528249855,2.725195654784123,2.1528261901613006,0.6314620583516016,27042.599186197916,28260.96201171875,17.07398481792797,-51.03183722966869,0.0,29.41495205863276,267.2378185664209
2023-10-24,33901.52734375,35150.43359375,32880.76171875,33077.3046875,44934999645,2.464145540134477,18.04232447650016,21.950596102517416,4.041091195823341,2.744592703703239,2.1659135266781964,0.6314620583516016,27173.496842447916,28566.06865234375,18.67760928652846,-49.82519043067778,0.0,32.35187007367335,17.12934155538943
2023-10-25,34502.8203125,35133.7578125,33709.109375,33916.04296875,25254318008,1.7736456610143003,16.237844353772644,25.84961672933581,4.110193148275222,2.6888160160236567,2.170920775916314,0.5509976342055527,27315.069466145833,28920.4140625,19.302649809701357,-48.9352670978293,0.0,32.35187007367335,-43.79811236782752
2023-10-26,34156.6484375,34832.91015625,33762.32421875,34504.2890625,19427195376,-1.0033147199696724,14.165980175120785,22.22113352628876,4.430360105838292,2.7259158297957975,2.179421419287117,0.5949205108798209,27449.518717447918,29230.9166015625,16.851102902719784,-49.44760707974998,-1.0033147199696724,32.35187007367335,-23.07376754404573
2023-10-27,33909.80078125,34238.2109375,33416.88671875,34156.5,16418032871,-0.7226928505637331,13.055670505880922,21.241356347598316,4.586979793603122,2.7466489473185702,2.1842802713347944,0.6164776249616071,27579.579557291665,29527.9646484375,14.839614531455236,-49.81294560917351,-1.718756686783529,32.35187007367335,-15.489433481054416
2023-10-28,34089.57421875,34399.390625,33874.8046875,33907.72265625,10160330825,0.5301518539129857,3.032499354197049,22.0313749102796,1.5146900877047669,2.7364853068574373,2.0497714853664695,0.6158868399242362,27685.61591796875,29835.6888671875,14.257707842773538,-49.546878009896226,-1.1977168533097715,32.35187007367335,-38.11481006992802
2023-10-29,34538.48046875,34743.26171875,33947.56640625,34089.37109375,11160323986,1.3168432293093613,1.8788331231850197,25.213471536857,1.2218791286993935,2.683003671626809,2.0377336626471205,0.5478991673918632,27806.30283203125,30183.42900390625,14.428617319391158,-48.88248948899434,0.0,32.35187007367335,9.842131897314466
2023-10-30,34502.36328125,34843.93359375,34110.97265625,34531.7421875,17184860315,-0.10457086417764438,-0.001324619975584529,25.96231856899951,0.9427279070222816,2.66453818870631,1.9112589624420864,0.5256887189857625,27949.151009114583,30538.99619140625,12.978052929451067,-48.9359435114818,-0.10457086417764438,32.35187007367335,53.981733295175324
2023-10-31,34667.78125,34719.25390625,34083.30859375,34500.078125,15758270810,0.4794395311462418,1.4964372556495853,29.004458127470166,0.7630066656727543,2.5712917755698426,1.9067612300991994,0.31262989927521884,28096.935286458334,30928.71923828125,12.089288220802953,-48.691122238469,0.0,32.35187007367335,-8.301432067823011
2023-11-01,35437.25390625,35527.9296875,34170.69140625,34657.2734375,22446272005,2.2195613001625203,4.50445915283757,32.44205382671066,0.899602061753389,2.544831177173581,1.9191435495947042,0.2972157546012449,28256.409537760417,31362.7419921875,12.99156787718838,-47.55229024412636,0.0,33.13160702276308,42.441212463209354
2023-11-02,34938.2421875,35919.84375,34401.57421875,35441.578125,20998158544,-1.4081557224217889,2.489523522072079,30.063861395353175,1.3812230908020933,2.6149199117434625,1.9355492620017332,0.4329922998306655,28405.887467447916,31766.5353515625,9.984427954877662,-48.29083567033287,-1.4081557224217889,33.95636178653933,-6.451465351027674
2023-11-03,34732.32421875,34942.47265625,34133.44140625,34942.47265625,17158456701,-0.5893770145759425,0.5612399485130481,29.300510121503407,1.3625582774758154,2.6341646394715004,1.935395992198838,0.45260389504612536,28554.552604166667,32160.0662109375,7.998298234030643,-48.59559759932123,-1.9892333908403503,33.93983524002528,-18.2858979512618
2023-11-04,35082.1953125,35256.03125,34616.69140625,34736.32421875,9561294264,1.0073356782761111,1.6805574346413055,29.17026649854426,1.4068853484906967,2.6347013131359933,1.9345790443528066,0.45260389504612536,28709.589485677083,32556.193359375,7.758898361492883,-48.07778271373457,-1.0019359702343578,32.39667515237781,-44.27649041744667
2023-11-05,35049.35546875,35340.33984375,34594.2421875,35090.01171875,12412743996,-0.0936082917772807,1.1006594739892739,22.896250895512903,1.4161761485296624,2.5025406510591943,1.934522958473923,0.4530876421018312,28864.5248046875,32882.68779296875,6.589083256887984,-48.126386214389136,-1.0946063668652029,27.78230755575073,29.822842528089776
2023-11-06,35037.37109375,35286.02734375,34765.36328125,35044.7890625,12693436420,-0.03419285416157436,-1.1284249438681115,23.302652585291384,0.8810420873982485,2.4937134038903324,1.9275682070056022,0.44579571538832,29011.144401041667,33213.7689453125,5.49050049526183,-48.144123283499184,-1.1284249438681115,27.491738945764222,2.261324523332253
2023-11-07,35443.5625,35892.41796875,34545.81640625,35047.79296875,18834737789,1.1593090279608864,1.4463243736995812,25.116968561534048,0.757599641380903,2.4722041850805394,1.915139866753768,0.44045771174219844,29170.109537760418,33569.52998046875,5.582540239978306,-47.54295342319652,0.0,27.474833872017502,48.381708197818355
2023-11-08,35655.27734375,35994.41796875,35147.80078125,35419.4765625,17295394918,0.5973294692089626,2.6573318825054315,24.148737454640724,0.5778354223068933,2.474625738528493,1.9136359726930823,0.44045771174219844,29332.76953125,33916.303515625,5.127250460309951,-47.229612025316605,0.0,25.8472602021776,-8.172892493884454
2023-11-09,36693.125,37926.2578125,35592.1015625,35633.6328125,37762672382,2.9107827327892632,4.591872524368545,23.616843897781692,1.2310318432841825,2.4554503847871776,1.9346163686046824,0.44045771174219844,29513.784505208332,34266.8123046875,7.080648978196891,-45.69358068412362,0.0,28.643161616723066,118.33946296709823
2023-11-10,37313.96875,37493.80078125,36362.75390625,36702.25,22711265155,1.6919893031732691,6.4612123417479905,24.71908139238308,1.1220268769794433,2.4579005353721413,1.8932584258752823,0.44045771174219844,29716.306412760416,34636.59013671875,7.729913951439826,-44.774721878362556,0.0,27.610562010409545,-39.857897435708026
2023-11-11,37138.05078125,37407.09375,36773.66796875,37310.0703125,13924272142,-0.47145338500075296,5.995540252946441,23.818693581864792,1.2574720926561374,2.476879202560197,1.8806560568267845,0.45289779260293045,29904.718196614584,34993.7978515625,6.1275227649854935,-45.0350833214431,-0.47145338500075296,26.009948807560356,-38.6900199219659
2023-11-12,37054.51953125,37227.69140625,36779.1171875,37133.9921875,11545715999,-0.2249209321512735,4.545132931403262,11.99376487294801,1.4060967620926657,1.2135794527357697,1.8799752642051943,0.4556817769349537,30085.15478515625,35192.212109375,5.291816882914535,-45.15871092439268,-0.6953139198038305,15.34482727896429,-17.082086005957354
2023-11-13,36502.35546875,37405.1171875,36399.60546875,37070.3046875,19057712790,-1.4901395821212304,2.3757440359624127,7.671713721415796,1.7791287851843807,1.2117005328857373,1.8973593317253836,0.5645101243917762,30251.199479166666,35322.253515625,3.3409588451172034,-45.97592268025383,-2.1750923539860634,13.494288476669558,65.06306574361113
2023-11-14,35537.640625,36753.3515625,34948.5,36491.7890625,23857403554,-2.6428838121854925,-3.1490486978146492,2.9992339847218163,1.6103082031743101,1.3395145937965516,1.9413726356723424,0.8172597033846859,30400.015266927083,35373.99453125,0.462616947615091,-47.403716274419985,-4.760491002447975,13.494288476669558,25.185030422530573
2023-11-15,37880.58203125,37964.89453125,35383.78125,35548.11328125,27365821679,6.592844558740318,1.5185017842681336,10.90251463214862,3.6166925138149226,1.9370340528732772,2.092311702315569,0.7858634750457828,30588.55361328125,35560.1912109375,6.525248434543851,-43.93612504471845,0.0,13.60990881878934,14.705783540354167
2023-11-16,36154.76953125,37934.625,35545.47265625,37879.98046875,26007385366,-4.5559292055657234,-2.647638282880571,6.62041267798108,4.254426972211149,2.234891313402534,2.194509700841576,1.2764371116136404,30748.896647135418,35672.4396484375,1.3521079229960264,-46.49035549757797,-4.5559292055657234,12.074135575043666,-4.963988762823945
2023-11-17,36596.68359375,36704.484375,35901.234375,36164.82421875,22445028430,1.2222842746045792,-1.2355738066280542,7.354475473680266,4.323444991372947,2.2432601528871046,2.1959735021680418,1.2764371116136404,30912.936686197918,35797.7951171875,2.2316695035190293,-45.83631552742805,-3.3893313372028833,11.833920808710396,-13.697482026229146
2023-11-18,36585.703125,36839.28125,36233.3125,36625.37109375,11886022717,-0.030003999465888498,0.22833500791847872,5.927367470906253,4.261251339845323,2.2338246132604787,2.1918560652870114,1.276454743382534,31069.17978515625,35900.15625,1.9095930118688598,-45.852566799027905,-3.41831840171245,11.388524464469917,-47.04385091750137
2023-11-19,37386.546875,37509.35546875,36414.59765625,36585.765625,12915986553,2.1889527372586093,5.2026702321350315,8.359379820562562,4.019863714525981,2.2699047435198505,2.1997210125662985,1.2762405567219794,31240.08876953125,36044.3654296875,3.723692813876056,-44.66730507781994,-1.304191038676339,11.388524464469917,8.6653362569036
2023-11-20,37476.95703125,37756.8203125,36882.53125,37374.07421875,20888209068,0.24182537251242753,-1.0655195310014687,8.103131149329034,2.5945767485850637,2.270234657232818,2.1727668458249747,1.2762405567219794,31421.91083984375,36184.82421875,3.570924663578867,-44.53349658220323,-1.0655195310014687,11.224924786805834,61.723682370575794
2023-11-21,35813.8125,37631.140625,35813.8125,37469.16015625,25172163756,-4.437779006078834,-0.9430485539544065,1.0626065855616096,2.5448969160535237,2.4708482508431153,2.2671136200675472,1.6166273794420685,31575.814908854165,36203.6521484375,-1.0767964702542376,-46.994977426284215,-5.456013135027849,11.224924786805834,20.508961175435903
2023-11-22,37432.33984375,37856.98046875,35670.97265625,35756.5546875,24397247860,4.5192824521265385,2.2834207035708376,7.138589408319818,3.306673171492202,2.632912617585648,2.3238092243882518,1.5856667231900492,31756.697395833333,36328.35703125,3.0389010203526245,-44.59953074236456,-1.1833033270983506,11.224924786805834,-3.078463589826652
2023-11-23,37289.62109375,37643.91796875,36923.86328125,37420.43359375,14214948217,-0.3812712499291715,1.9240247108138542,7.362872864176073,3.324338910478928,2.629296714465201,2.315279110884695,1.5824787777622402,31940.577311197918,36456.221875,2.286027393643608,-44.810756803969774,-1.5600629816418299,9.897227741826997,-41.73544369196731
2023-11-24,37720.28125,38415.33984375,37261.60546875,37296.31640625,22922957823,1.1549062275727495,0.8926589987457989,7.519728779800827,3.2177160434909586,2.63133104938402,2.315544632544033,1.5824787777622402,32130.940657552084,36588.126171875,3.0943237508437305,-44.173372797348556,-0.423174018598127,11.201134724955963,61.25952393963616
2023-11-25,37796.79296875,37892.4296875,37617.41796875,37721.4140625,9099571165,0.20283973558654633,0.853420242292624,7.838767541530434,3.2176953301483127,2.6292628405438507,2.3129738780928455,1.5823403415363588,32323.933040364584,36725.498046875,2.9170330665295285,-44.060134214343805,-0.22119264807197725,11.201134724955963,-60.30367793169411
2023-11-26,37479.12109375,37820.30078125,37162.75,37796.828125,13744796068,-0.8404730932136117,4.649905937129706,6.9689874661731155,2.1398770445335806,2.642590637601557,2.320795200921016,1.5934435195231795,32509.373111979166,36847.585546875,1.7139129674361042,-44.53029373465206,-1.059806676594388,11.201134724955963,51.04883316773312
2023-11-27,37254.16796875,37559.35546875,36750.12890625,37454.19140625,19002925720,-0.6002091789647501,-0.4759838036941466,5.108418401084824,0.79747546454649,2.6442314607198676,2.3120589039067863,1.5990856146048262,32679.916796875,36938.1158203125,0.8556260692206274,-44.86322800320146,-1.6536547986069294,9.91985305163312,38.25542136810407
2023-11-28,37831.0859375,38368.48046875,36891.08984375,37247.9921875,21696137014,1.548599794884531,1.4520524153053271,6.102346569269912,1.050014983905647,2.658710396298206,2.311951630209301,1.5990856146048262,32861.90621744792,37046.90625,2.116721116220055,-44.009380065153096,-0.13066349854172765,9.91985305163312,14.172613910527886
2023-11-29,37858.4921875,38366.11328125,37612.6328125,37826.10546875,20728546658,0.07244373065387055,0.36641014573559616,3.1759823877088644,0.9329832335717725,2.5885268225365845,2.312404560410566,1.5990856146048262,33043.4158203125,37105.174609375,2.0302224313874184,-43.96881837125605,-0.05831442540079612,9.91985305163312,-4.459735644993568
2023-11-30,37712.74609375,38141.75390625,37531.140625,37861.1171875,18115982627,-0.38497596002547985,-0.2223650960796797,1.0687079319323223,0.9499853356655105,2.566584535835182,2.2776668477286908,1.6014009889237522,33205.565755208336,37125.1134765625,1.5828439623719381,-44.184524950644935,-0.44306588890725696,9.91985305163312,-12.603700944907803
2023-12-01,38688.75,38954.109375,37629.359375,37718.0078125,23512784002,2.5879947957747618,3.2274740467479024,4.175499753295897,1.3721277420361853,2.6222932156168666,2.2753560507481594,1.597927317688304,33391.5318359375,37202.6484375,3.994612278737719,-42.74002336113066,0.0,11.46146293832353,29.790276829679808
2023-12-02,39476.33203125,39678.9375,38652.59375,38689.27734375,15534035612,2.0356874575942596,5.9648736870570485,6.535808669594423,1.277304075838217,2.649902031510121,2.279311079928295,1.5971356364844373,33592.30439453125,37323.7390625,5.7673561728245115,-41.57438919847179,0.0,13.535452165328987,-33.93366089409627
2023-12-03,39978.390625,40135.60546875,39298.1640625,39472.20703125,15769696322,1.2717964611113297,5.6760323799520895,9.522769453127111,1.262814616170002,2.6207543266327833,2.2789340135557388,1.561991178790177,33795.28766276042,37497.5408203125,6.616033346228467,-40.83133434791527,0.0,14.842140488862189,1.517060446404228
2023-12-04,41980.09765625,42371.75,39978.62890625,39978.62890625,39856129827,5.006972516793251,10.886871691395195,18.1285446021362,1.9719108615703664,2.6968484303977744,2.331908077106015,1.445881980101668,34038.024088541664,37819.663671875,11.000716506817977,-37.8687755201621,0.0,19.74907288915031,152.7387275771283
2023-12-05,44080.6484375,44408.6640625,41421.1484375,41986.265625,36312154535,5.003682455553493,16.885278860149967,16.36740006036652,1.7295086624351637,2.538124625748239,2.3914757577568384,1.445881980101668,34306.92493489583,38129.6669921875,15.60722113448254,-34.7599263414439,0.0,24.934796878250467,-8.891920282734478
2023-12-06,43746.4453125,44265.76953125,43478.08203125,44080.0234375,29909761586,-0.7581629055975703,13.072780362508475,20.997715874493995,2.4946098494465536,2.2417807948972803,2.398129225866352,1.0399474523492,34569.885026041666,38509.25078125,13.599834909797748,-35.25455237950761,-0.7581629055975703,24.495242926096793,-17.631542471072493
2023-12-07,43292.6640625,44042.58984375,42880.6484375,43769.1328125,27635760671,-1.0372985662227885,9.667392675259045,18.296686506024116,2.973814122423483,2.285504197904567,2.4068413624673863,1.0654999387245332,34825.84459635417,38844.0498046875,11.452498594200812,-35.9261559793695,-1.78759705887096,24.495242926096793,-7.602872087300094
2023-12-08,44166.6015625,44705.515625,43125.296875,43293.13671875,24421116687,2.018673414826888,10.476186940053944,20.72093137474722,2.9532205790604875,2.289034019808234,2.397418701833908,1.065478816036615,35102.22666015625,39223.0947265625,12.603561423187948,-34.63271432426739,0.0,25.327436556925598,-11.632189257498293
2023-12-09,43725.984375,44361.2578125,43627.59765625,44180.01953125,17368210171,-0.9976252913108663,4.158843871793794,16.9564670446714,2.6542697943225178,2.3105723313171134,2.400928816430045,1.0885806899426158,35374.47607421875,39540.0666015625,10.58652180740658,-35.28483489841192,-0.9976252913108663,25.327436556925598,-28.880360412652408
2023-12-10,43779.69921875,44034.625,43593.28515625,43728.3828125,13000481418,0.12284421841561866,-0.6827241191261102,16.817646593464055,1.28950379219077,2.312268406271018,2.376497244680229,1.0885806899426158,35656.24905598958,39855.2037109375,9.846883574541842,-35.205336059646505,-0.8760065978870801,25.327436556925598,-25.147834520639734
2023-12-11,41243.83203125,43808.375,40234.578125,43792.01953125,40632672038,-5.792335792051162,-5.7207237373750885,15.161802534287583,2.8830105388150686,2.4871518164806186,2.521582846358509,1.3703545123690026,35897.699609375,40126.7046875,2.783999714030827,-38.95846057040286,-6.617601146228102,25.327436556925598,212.54744137198998
2023-12-12,41450.22265625,42048.3046875,40667.5625,41238.734375,24779520132,0.5004157345118276,-4.255782004059938,10.73372070586942,2.9768159301896855,2.3224383715701857,2.521363822587622,1.3703545123690026,36140.830403645836,40327.598828125,2.7837606521270652,-38.65299910250892,-6.1503009290992505,21.647234868330067,-39.01577501763607
2023-12-13,42890.7421875,43429.78125,40676.8671875,41468.46484375,26797884674,3.475299863154757,-2.8887424657170757,15.02058999116187,3.370493203584076,2.4009814456121275,2.543503875968043,1.3676999310042242,36407.98098958333,40607.6548828125,5.622307693650708,-36.52100686426887,-2.8887424657170757,21.647234868330067,8.145293093846107
2023-12-14,43023.97265625,43390.859375,41767.08984375,42884.26171875,25578530178,0.31062756659134827,-1.6054795078584205,14.060582876088713,3.376693621603813,2.4005313039941782,2.544023406594592,1.3676999310042242,36672.386328125,40872.839453125,5.26298938832479,-36.323823612594666,-2.587088129552073,21.647234868330067,-4.550189355740642
2023-12-15,41929.7578125,43087.82421875,41692.96875,43028.25,19639442462,-2.543267802098337,-4.225569017746256,10.934697150541561,3.5058764084949954,2.505924457913912,2.5190643059111473,1.481220326936025,36895.89117838542,41079.4876953125,2.069816750135667,-37.94327930426289,-5.0645593522396055,21.647234868330067,-23.219034380279545
2023-12-16,42240.1171875,42664.9453125,41723.11328125,41937.7421875,14386729590,0.7401888090740938,2.4155979383659654,12.703062277903676,2.1335056203792395,2.4845968980508815,2.5153777070298355,1.4692494362454804,37126.29733072917,41317.5375,2.2329009503531116,-37.48394240239467,-4.3618578447196965,21.647234868330067,-26.745733144733506
2023-12-17,41364.6640625,42359.49609375,41274.54296875,42236.109375,16678702876,-2.072563201266564,-0.20641286889950816,11.033654267082316,2.423024849526291,2.544038535574273,2.5375058194269444,1.5347499027998668,37343.56936848958,41523.0623046875,-0.3814705211894198,-38.779627207045245,-6.344018785405048,21.182420509525567,15.931162615255623
2023-12-18,42623.5390625,42720.296875,40530.2578125,41348.203125,25224642008,3.0433584522719714,-0.6229855473983248,12.668029495419496,2.270225976119036,2.596172653840105,2.5544811362966633,1.5347499027998668,37575.2982421875,41762.6849609375,2.0612997041921544,-36.91647181713845,-3.493731565052427,19.11579259390015,51.238631658204504
2023-12-19,42270.52734375,43354.296875,41826.3359375,42641.51171875,23171001281,-0.8282083715112631,-1.751222088485005,11.654017107703908,2.27530886767877,2.614105651172245,2.537616540435605,1.5458828285081203,37785.0912109375,41983.28671875,0.6841785087581487,-37.43893487859358,-4.293004559263791,19.11579259390015,-8.141406828880616
2023-12-20,43652.25,44275.5859375,42223.81640625,42261.30078125,27868908174,3.2687613405284255,4.108042300655734,15.749327538983792,2.3467587345379526,2.6698168323120974,2.5604689475707594,1.5434841738697518,38013.988509114584,42280.2619140625,3.244984831754727,-35.39396296768223,-1.1645712921157014,18.804880995931118,20.274941233774978
2023-12-21,43869.15234375,44240.66796875,43330.05078125,43648.125,22452766169,0.49688697318006625,3.8566066211863648,13.389944993699721,2.3516119418003916,2.635509942825522,2.5599981853770744,1.5434841738697518,38245.2427734375,42539.28203125,3.1262171080439494,-35.072943985780746,-0.6734709219795465,15.659807758696665,-19.43435304743274
2023-12-22,43997.90234375,44367.95703125,43441.96875,43868.98828125,21028503216,0.2934864092908329,6.365912405988117,11.453876487107939,1.8091753268966002,2.616484640351692,2.225245340196193,1.5434841738697518,38427.10390625,42765.360546875,2.8821031346713655,-34.882391900426356,-0.38196105831523885,13.759807083863063,-6.343374096000898
2023-12-23,43739.54296875,44015.69921875,43351.35546875,44012.19921875,13507796558,-0.5872083923035065,2.6182807218649184,9.407963364583294,1.6317724650650518,2.623483304598667,2.2144475122367435,1.5490590949947562,38591.07083333333,42953.4181640625,1.8301798513097545,-35.264767960054364,-0.9669265432289853,11.823533843130441,-35.76434604379119
2023-12-24,43016.1171875,43945.5234375,42786.91796875,43728.3671875,18830554085,-1.653939964043194,1.7638527139412163,2.4678826136455,1.8328357709211012,2.4350017977592584,2.2239020777575647,1.5925953503696202,38732.95911458333,43005.219140625,0.025341219258456782,-36.33544983357911,-2.6048741227507666,11.11217690939812,39.40507620280669
2023-12-25,43613.140625,43765.09375,42765.76953125,43010.57421875,21115795370,1.3879063861056418,-0.08959303357788384,-1.060573809758858,1.155298195481661,2.176153480513253,2.219887671002394,1.5925953503696202,38890.56731770833,42981.84375,1.468752431077358,-35.451845476133926,-1.2531209509447971,11.11217690939812,12.13581541299611
2023-12-26,42520.40234375,43603.17578125,41676.48828125,43599.84765625,30026850982,-2.5055253200995553,-3.074483841017628,-2.8026116407672386,1.540390962012276,2.2410107104079944,2.2473713936121187,1.6797327933128903,39034.07734375,42920.5416015625,-0.9322791439284495,-37.06911583138638,-3.7272490083269605,11.11217690939812,42.200899638667025
2023-12-27,43442.85546875,43683.16015625,42167.58203125,42518.46875,25260941032,2.1694364920222586,-1.2615303126578437,0.3469211458855259,1.9816549592610717,2.2860376735537407,2.2588834395357265,1.6636414400814656,39189.96536458333,42928.051171875,1.1992258740417316,-35.70387026548022,-1.638672816439879,11.11217690939812,-15.872160396896062
2023-12-28,42627.85546875,43804.78125,42318.55078125,43468.19921875,22992093014,-1.8760276947869081,-2.541607489575859,-3.483958555363431,2.117613497018328,2.274681735276532,2.275184814690501,1.7157146722974383,39324.78828125,42851.1138671875,-0.5210095567864781,-36.91008346597593,-3.1138913494011544,10.273200562482598,-8.9816448845903
2023-12-29,42099.40234375,43124.32421875,41424.0625,42614.64453125,26000021055,-1.2396896798793966,-2.131096211576222,-3.7199437691332715,2.0685000533329796,2.2800535380492635,2.283956928618999,1.7235879875316855,39451.405598958336,42769.784765625,-1.567420611416781,-37.69220265029275,-4.3149784395793755,10.273200562482598,13.082445513631402
2023-12-30,42156.90234375,42584.125,41556.2265625,42091.75390625,16013925945,0.13658151137276864,-3.3389897181934525,-3.7067337235267894,1.8615137519622889,2.2801467164163447,2.284076274291839,1.7235879875316855,39576.224283854164,42688.644921875,-1.2456300243264828,-37.60710171896944,-4.1842903909747875,10.273200562482598,-38.408027012268896
2023-12-31,42265.1875,42860.9375,41998.25390625,42152.09765625,16397498810,0.2568622223877659,-0.6002173772645669,2.4763835425770653,1.564150890645363,1.8559875047420307,2.2708938117594117,1.1371885746742612,39690.023177083334,42739.7126953125,-1.1102676302373493,-37.44683793383263,-3.938176029876428,9.468726393263683,2.3952456525488275
2024-01-01,44167.33203125,44175.4375,42214.9765625,42280.234375,18426978443,4.50049945064126,1.667654104876104,6.555114064243295,2.488122837787879,2.0969121771762307,2.322244806960697,1.1371885746742612,39843.84134114583,42875.5681640625,3.012820406821426,-34.63163321868604,0.0,9.468726393263683,12.376763410785085
2024-01-02,44957.96875,45899.70703125,44176.94921875,44187.140625,39335274536,1.7900939051301412,5.466175240643234,4.8197500371128355,2.188161954926261,1.995652806494017,2.3250687167895,1.1371885746742612,40014.26875,42978.9294921875,4.604673222892264,-33.46147806905062,0.0,13.248001637665375,113.4656783675926
2024-01-03,42848.17578125,45503.2421875,40813.53515625,44961.6015625,46342323118,-4.692812036242189,1.7785844829485198,-0.4086021446800592,3.3456334814902857,2.281390699967175,2.416863148291903,1.547359717307083,40143.7017578125,42970.1396484375,-0.2838340023685104,-36.58400583496386,-4.692812036242189,13.248001637665375,17.813651143039788
2024-01-04,44179.921875,44770.0234375,42675.17578125,42855.81640625,30448091210,3.108057856532498,4.798786008407774,5.366508608426024,3.545480824539707,2.299166109444152,2.441837815121622,1.4390662038576092,40295.87786458333,43082.6478515625,2.5469047938234013,-34.61300004601925,-1.7306094928944082,13.248001637665375,-34.29744311162178
2024-01-05,44162.69140625,44353.28515625,42784.71875,44192.98046875,32336029347,-0.03900067727314882,4.4895196697045225,4.551536185886684,3.563252891654348,2.2976804132092368,2.441852912482741,1.4390926279175147,40447.966536458334,43178.7765625,2.278700144099277,-34.6385014188499,-1.768935220744372,13.248001637665375,6.200513930344331
2024-01-06,43989.1953125,44227.6328125,43475.15625,44178.953125,16092503468,-0.3928567037593367,-0.4033223438172806,6.344862963312026,2.959414639294942,2.2383322592228607,2.4420640949172183,1.3652576680058444,40590.39375,43310.003125,1.5682108946973194,-34.89527844770352,-2.1548425439038565,13.248001637665375,-50.23352033946309
2024-01-07,43943.09765625,44495.5703125,43662.23046875,43998.46484375,19330573863,-0.10479313368322307,-2.2573775505593807,3.095844743945597,2.7816036703190967,2.146419596648154,2.442735390277272,1.3654587434602752,40728.524088541664,43375.9810546875,1.3074438612638906,-34.963503725593895,-2.2573775505593807,12.461973351556455,20.121607563664124
2024-01-08,46970.50390625,47218.0,43244.08203125,43948.70703125,42746192015,6.889378335779228,9.620778597542756,11.118802763635083,3.1380369424594177,2.602048624562368,2.5636577669417124,1.352841869828121,40899.813736979166,43610.9798828125,7.70339036743708,-30.482893440915092,0.0,15.692012023048797,121.1325557014065
2024-01-09,46139.73046875,47893.69921875,45244.71484375,46987.640625,39821290992,-1.7687130611972357,4.435971161956709,5.6984014999226895,3.4116008165523732,2.5696842366006565,2.5740247935792837,1.4094674240302723,41046.909765625,43735.35390625,5.4975582629420705,-31.71245158439203,-1.7687130611972357,17.34758833165124,-6.842483236807684
2024-01-10,46627.77734375,47647.22265625,44483.15234375,46121.5390625,50114613298,1.0577584004972662,5.581829048469489,6.2883024918830355,3.3697853155600628,2.574904304208207,2.572953043858829,1.4094674240302723,41205.071875,43873.28515625,6.278290257249197,-30.99013430453229,-0.7296633716854739,17.34758833165124,25.84879106020923
2024-01-11,46368.5859375,48969.37109375,45678.64453125,46656.07421875,45833734549,-0.5558733892443213,5.409034214190034,5.38817413436703,3.3890109400785904,2.582643259211616,2.57469644443833,1.4149375182834152,41360.306315104164,43991.8193359375,5.402746777560274,-31.373741783886643,-1.2814807564155317,19.98316466896657,-8.54217655745304
2024-01-12,42853.16796875,46498.13671875,41903.76953125,46354.79296875,43332698900,-7.581464687080208,-2.4803205637119685,-2.026484365950687,5.213704668472542,3.124869738017008,2.7639021957986363,2.2042544852894492,41466.15319010417,43947.5005859375,-2.490090682284829,-36.57661731660576,-8.765790432476361,19.98316466896657,-5.456757285021563
2024-01-13,42842.3828125,43234.66015625,42464.14453125,42799.4453125,20601860469,-0.025167698821859652,-8.788751983562825,-0.40388204784435056,3.4017559489454996,3.102166838911213,2.7371069856049184,2.1730148725535443,41587.89889322917,43938.8138671875,-2.4953587914358533,-36.592579522542145,-8.788751983562825,19.98316466896657,-52.45654899884392
2024-01-14,41796.26953125,43065.59765625,41724.61328125,42842.26171875,17521429522,-2.44177193838242,-9.413711119187795,-4.165879979550313,3.4147522704237203,3.1317145267961597,2.634369129444219,2.24055933782002,41653.1603515625,43847.9703125,-4.679123723692891,-38.14084412261287,-11.015922642276577,19.98316466896657,-14.952197893171737
2024-01-15,42511.96875,43319.72265625,41705.41796875,41715.06640625,22320220558,1.712351907901466,-8.826945713940804,-0.019834228476534044,3.5661381699391437,3.1077855309994824,2.5660384411763144,2.169383158828677,41759.113671875,43847.5486328125,-3.045962486972509,-37.08159768673468,-9.492202095913083,19.98316466896657,27.388125095470173
2024-01-16,43154.9453125,43566.2734375,42085.99609375,42499.3359375,24062872740,1.5124600939588229,-6.930641855957509,-0.6627330389391783,3.8519116218237213,3.087556538959134,2.568073435978447,2.169383158828677,41868.41803385417,43833.153125,-1.5472485188686713,-36.129981959990076,-8.123307770692856,19.98316466896657,7.807504309698232
2024-01-17,42742.65234375,43189.890625,42189.30859375,43132.1015625,20851232595,-0.9553782672285682,-0.25789371063672517,0.2693001412753526,1.7383551220644042,3.0647001563250367,2.57290969393995,2.1391322249696834,41971.033854166664,43838.89296875,-2.5006120154116074,-36.7401822316193,-9.001077720900142,19.98316466896657,-13.346869177682397
2024-01-18,41262.05859375,42876.34765625,40631.171875,42742.3125,25218357242,-3.4639725632667706,-3.6886935669901977,-1.988968259366064,2.3156660567251444,3.153358486957516,2.6055698486081136,2.2580966424706057,42035.625716145834,43797.02578125,-5.787989349233957,-38.93148496268856,-12.153255421516606,20.521680360099136,20.94420378796795
2024-01-19,41618.40625,42134.16015625,40297.45703125,41278.4609375,25752407154,0.863620644230223,-0.4255482205583361,-1.2773616271875676,2.17114470919468,3.159841646070268,2.6069833033042324,2.2580966424706057,42104.64986979167,43770.1009765625,-4.91590076000662,-38.404084659701496,-11.394592800052628,21.51975509465791,2.1177030163985755
2024-01-20,41665.5859375,41877.89453125,41446.82421875,41624.58984375,11586690904,0.11336255217606617,-1.9909282900477332,-1.4186653318407738,1.9502033324157466,3.1593510555794597,2.534716875055291,2.2580966424706057,42202.179427083334,43740.1208984375,-4.742865173497046,-38.334257958035536,-11.294147449084779,21.51975509465791,-55.00734811036764
2024-01-21,41545.78515625,41855.3671875,41497.0078125,41671.48828125,9344043642,-0.28752933279206916,-3.72879665261423,-5.935488412895662,1.6561093018306754,2.9744821858216364,2.473824097058134,2.259011753532463,42270.73684895833,43609.0435546875,-4.731262669978287,-38.51156505469007,-11.549202795071945,21.51975509465791,-19.355373165480614
2024-01-22,39507.3671875,41651.20703125,39450.1171875,41553.65234375,31338708143,-4.906437466721814,-7.5692194537456565,-12.12377185635194,2.505702586628955,3.105224586540145,2.559469423525646,2.5113324219108057,42307.69928385417,43336.5134765625,-8.835842992153486,-41.52845666454762,-15.88898584874866,24.129849503377976,235.38700528042762
2024-01-23,39845.55078125,40127.3515625,38521.89453125,39518.71484375,29244553045,0.8560013431039293,-3.432954779223152,-7.007591210718289,2.418056624979446,2.964815308109967,2.5577284168567975,2.281592928847172,42343.120442708336,43186.3822265625,-7.735844664612046,-41.02793946826255,-15.168994437915618,27.120879410603038,-6.682327454100124
2024-01-24,40077.07421875,40483.78515625,39508.796875,39877.59375,22359526178,0.5810521700930993,-3.703486438167003,-9.28667929259438,2.376127118528043,2.8631136345850083,2.5583927451610293,2.281592928847172,42381.12513020833,42981.23984375,-6.75682143083246,-40.685281030794286,-14.676082039185335,27.120879410603038,-23.542937573385647
2024-01-25,39933.80859375,40254.48046875,39545.6640625,40075.55078125,18491782013,-0.35747525934159974,-4.156373430935867,-9.575690878073429,2.343518273661711,2.8616111612212207,2.556046208887372,2.2829760551473366,42422.03658854167,42769.795703125,-6.630817526135113,-40.89731647625718,-14.981093936196165,27.120879410603038,-17.29797015468759
2024-01-26,41816.87109375,42209.38671875,39825.69140625,39936.81640625,25598119893,4.715459322091098,0.652499252283878,-4.938313154668483,3.440527273803092,3.0872573527669243,2.6213132195956326,2.2812853501681154,42498.081640625,42661.1794921875,-1.97910233258346,-38.11035347643086,-10.972062004670647,27.120879410603038,38.42970826177887
2024-01-27,42120.0546875,42195.6328125,41431.28125,41815.625,11422941934,0.7250269707417489,6.613165305600632,-4.1486446472457805,1.9657772554901622,3.094276474161641,2.6164253255073007,2.2811650025476684,42569.564453125,42570.02734375,-1.0570175410424376,-37.66163684703825,-10.326585442709268,27.120879410603038,-55.375855798207695
2024-01-28,42035.59375,42797.17578125,41696.91015625,42126.125,16858971687,-0.2005242826170095,5.496330018809936,-10.506402413948447,2.0794704489210925,2.6119944930294046,2.6169109945624163,2.2816056338123505,42639.1828125,42323.2818359375,-0.6797395510411919,-37.7866404025459,-9.848600674004759,27.120879410603038,47.58870161827438
2024-01-29,43288.24609375,43305.8671875,41818.33203125,42030.9140625,20668476578,2.9799801358818767,8.012490775830283,-6.180106268568874,2.2048709586244923,2.7066612532171224,2.6399352772491893,2.2470663037840635,42732.1078125,42180.7076171875,2.625699138606219,-35.93269464467702,-7.162106881870556,27.120879410603038,22.596306356795882
2024-01-30,42952.609375,43838.9453125,42711.37109375,43300.2265625,23842814518,-0.7753530092744043,7.559511320246237,-7.881928279908934,2.3020916103914084,2.6898573845274925,2.6254298312490185,2.2537447921296048,42803.172135416666,41996.94921875,2.275546614760615,-36.42944242471054,-7.367006117254427,27.120879410603038,15.358354680958142
2024-01-31,42582.60546875,43717.40625,42298.9453125,42946.25,24673628793,-0.861423582021903,1.8311613350584954,-8.164968571293297,1.5883728520711173,2.6918082610060146,2.6178838734335796,2.2585434147235226,42854.943359375,41807.6501953125,1.8536207364373558,-36.9770541988869,-1.6300975176305021,20.705737047874063,3.484547826234108
2024-02-01,43075.7734375,43243.16796875,41879.19140625,42569.76171875,21423953779,1.1581441842771323,2.269034921940949,0.5194609390660077,1.6237498822355876,2.1092389308536337,2.617106865031461,1.4923431294842282,42906.56640625,41818.78046875,3.0058097215180934,-36.24715761733117,-0.49083221295186386,13.802672080254673,-13.170640773042452
2024-02-02,43185.859375,43422.48828125,42584.3359375,43077.640625,18603843039,0.25556346111748063,2.7364086536781684,0.8017214261943018,1.589811565819265,2.109666603982843,2.538611671375378,1.49233251839715,42926.662434895836,41835.954296875,3.2266625700607676,-36.08422864677725,-0.23652313962607696,13.802672080254673,-13.163353361807118
2024-02-03,42992.25,43359.94140625,42890.80859375,43184.96484375,11169245236,-0.44831659668692625,-0.6837793638230449,2.861452665903097,0.8456757020858165,2.030807253011619,2.455567258131621,1.3924773693152919,42908.5224609375,41895.7533203125,2.6172024436564634,-36.37077365765422,-0.6837793638230449,13.802672080254673,-39.962699037045994
2024-02-04,42583.58203125,43097.64453125,42374.83203125,42994.94140625,14802225490,-0.9505619472114146,-0.8591500007093522,0.16845439850394772,0.8817415388532155,2.0109280851241955,2.4566837435008995,1.4086062703358784,42889.14140625,41899.333984375,1.633076189540783,-36.97560887056957,-1.6278415645990751,13.802672080254673,32.52664058526005
2024-02-05,42658.66796875,43494.25,42264.81640625,42577.62109375,18715487317,0.17632602500394778,0.17862340540861776,-1.1499895090963053,0.7960761947202398,1.9809763366163868,2.453118007297033,1.4086062703358784,42878.5748046875,41874.5201171875,1.8726133442676485,-36.86448046690811,-1.4543858479193483,13.802672080254673,26.436982936408437
2024-02-06,43084.671875,43344.1484375,42529.01953125,42657.390625,16798476726,0.9986338686479135,0.020657638365828568,0.8001832186252056,0.7412875051056832,1.9815939931909459,2.4424388266194783,1.3923125522507223,42860.542643229164,41891.62109375,2.847946081103059,-36.233987785703825,-0.4702759689295677,13.802672080254673,-10.242910368989989
2024-02-07,44318.22265625,44341.94921875,42775.95703125,43090.01953125,21126587775,2.8630850081180936,2.6220695793436333,7.406717373434479,1.4947518362475958,1.8926851436766507,2.466761450172563,1.1569697261387926,42870.41328125,42044.429296875,5.408072834857114,-34.40831264972156,0.0,15.108433160727897,25.764901899117596
2024-02-08,45301.56640625,45575.83984375,44332.125,44332.125,26154524080,2.2188248784866804,5.371471384377413,8.849834696036684,1.5346813616745978,1.9348899087969695,2.4825646768824448,1.1569697261387926,42895.777734375,42228.5873046875,7.277011374759845,-32.95294797257438,0.0,18.311522313051466,23.799093154786565
2024-02-09,47147.19921875,48152.49609375,45260.82421875,45297.3828125,39316770844,4.0741037427910465,10.716846657359614,13.156213114277659,1.5330784875576535,2.095439919422856,2.412269132193123,1.1569697261387926,42994.1671875,42502.66796875,10.927622833970997,-30.221381516493974,0.0,25.0003320960432,50.3249331692676
2024-02-10,47771.27734375,48146.171875,46905.3203125,47153.52734375,16398681570,1.3236801662479536,11.98492503034856,14.984654072817438,1.2367051492258017,2.088835733153996,2.4160451060732444,1.1551819299750494,43099.51809895833,42813.942578125,11.578785944740023,-29.297735783345978,0.0,25.0003320960432,-58.290873797682316
2024-02-11,48293.91796875,48535.9375,47617.40625,47768.96875,19315867136,1.0940478338881565,12.09071780530997,22.240284298241054,1.2121810607380201,1.6152041906715886,2.3817415990188295,0.36164742581456516,43189.571028645834,43253.2701171875,11.653795974051695,-28.524219193173796,0.0,25.995717735601854,17.789146972258706
2024-02-12,49958.22265625,50280.4765625,47745.76171875,48296.38671875,34511985805,3.4461993507690414,12.7261421193402,25.379676467563584,1.3027888867090642,1.7027237130932742,2.4177591253734865,0.36164742581456516,43305.141861979166,43758.9037109375,14.166988703062477,-26.061021299051845,0.0,27.26400330938956,78.67168769595744
2024-02-13,49742.44140625,50358.390625,48406.49609375,49941.359375,35593051468,-0.4319233922406296,9.802917100427933,24.116948095422774,1.8396346245959347,1.7353178906222515,2.391217469134615,0.3743217218336842,43435.353255208334,44242.1720703125,12.432186483059905,-26.380381044045052,-0.4319233922406296,27.342382076100712,3.132435406957601
2024-02-14,51826.6953125,52021.37109375,49296.83203125,49733.4453125,39105608050,4.190091694992915,9.92528966999382,29.78149877898535,1.874289271042586,1.8296398770111135,2.442580315239174,0.36568746681348935,43595.129557291664,44836.81640625,15.589596823550679,-23.295651504286152,0.0,30.622643968928266,9.8686581709859
2024-02-15,51938.5546875,52820.06640625,51371.62890625,51836.78515625,38564360533,0.21583350882306007,8.72339526063608,24.204784645551356,2.0226686435777945,1.659894425827484,2.4215560203896596,0.36568746681348935,43771.361067708334,45342.9005859375,14.546167131637034,-23.130097817507988,0.0,27.48837306654619,-1.3840662349706156
2024-02-16,52160.203125,52537.96875,51641.3671875,51937.7265625,28180567298,0.4267512618200353,8.005739270836942,23.836978636401483,2.093650189742209,1.6647978466660316,2.396743993932789,0.36568746681348935,43930.30546875,45844.9080078125,13.775346906817454,-22.802054539984372,0.0,26.676212238073326,-26.925879468724656
2024-02-17,51662.99609375,52191.9140625,50669.66796875,52161.67578125,20009091006,-0.9532306269177337,3.412398093563329,22.902976941416455,2.0312369012814497,1.7035098467443757,2.397853388017843,0.42089102555556146,44086.84661458333,46326.278125,11.519850470936156,-23.53792899946049,-0.9532306269177337,26.308400743431438,-28.996848096027993
2024-02-18,52122.546875,52356.96484375,51233.70703125,51661.96875,17595377311,0.8895163192163213,4.784858566372963,20.408082050997002,1.9324115149812409,1.6418778597074897,2.3684841349664727,0.42089102555556146,44228.018229166664,46767.9931640625,11.449184257604728,-22.857786399899915,-0.07219344968760755,26.12484776477131,-12.063085196005229
2024-02-19,51779.14453125,52483.32421875,51711.8203125,52134.8125,21362184346,-0.6588364620277343,-0.09174959152475903,20.54947367502047,0.7683383409568733,1.635645324245487,2.3717488286970125,0.4108453664440305,44359.85143229167,47209.319921875,9.679920441424361,-23.3660274307127,-0.7305542749456051,26.12484776477131,21.40793555273821
2024-02-20,52284.875,52945.05078125,50792.3125,51777.7265625,33353758256,0.9767068832988945,0.6667885053477374,22.784584044229472,0.891249039062587,1.579090776817261,2.3733350883320963,0.3628930775660475,44497.96764322917,47694.4333984375,9.624690502587852,-22.61753814568308,0.0,26.423288042157722,56.13458678089436
2024-02-21,51839.1796875,52368.81640625,50671.7578125,52273.53515625,28624907020,-0.8524364120598982,-0.6154566475339074,20.34416459803119,0.9673378033707043,1.6344201930319624,2.3752916793479053,0.4099070352843862,44632.961588541664,48132.6037109375,7.700759341469454,-23.27717442707764,-0.8524364120598982,25.26979952389108,-14.177866253345917
2024-02-22,51304.97265625,52009.61328125,50926.29296875,51854.64453125,25413900611,-1.0305082651198116,-0.6929978215942323,18.800397627261532,0.9844516897305354,1.6873205280415526,2.3679009370546455,0.4702351983844332,44771.1091796875,48538.559375,5.699413655599472,-24.067809485840066,-1.8741602494985354,25.26979952389108,-11.217526075303908
2024-02-23,50731.94921875,51497.93359375,50561.77734375,51283.90625,21427078270,-1.1168964874795462,-2.6679388088708067,18.00254515348696,0.8639272670099085,1.7212700487583865,2.3708642825414787,0.5229193450653812,44889.75598958333,48925.5443359375,3.6921508126903646,-24.91589345455899,-2.970124306981703,25.26979952389108,-15.687565643797186
2024-02-24,51571.1015625,51684.1953125,50585.4453125,50736.37109375,15174077879,1.6540904827679226,-0.4017891192166001,21.10559775045344,1.2941006414534657,1.6762139276301395,2.348744027154295,0.47777216397493205,45040.6009765625,49374.9203125,4.447969204000923,-23.673934394119524,-1.3651623677019442,25.26979952389108,-29.18270196340679
2024-02-25,51733.23828125,51950.02734375,51306.171875,51565.21484375,15413239245,0.3143945229742817,-1.0550598404414302,21.272512116758225,1.1893457256809883,1.673031911760977,2.3365570845601336,0.47777216397493205,45178.7740234375,49828.648828125,3.822277942343044,-23.433969424252886,-1.0550598404414302,24.491585662694092,1.576117955286005
2024-02-26,54522.40234375,54938.17578125,50931.03125,51730.5390625,34074411896,5.391435284481116,5.176051535585935,26.547098935635095,2.6822460303930917,1.9420384389933427,2.408142858073954,0.47777216397493205,45377.01647135417,50400.5353515625,8.178220654673485,-19.30596143586546,0.0,28.432370878610346,121.0723609383642
2024-02-27,57085.37109375,57537.83984375,54484.19921875,54519.36328125,49756832031,4.700762695380023,11.266741093947008,28.807898133747713,2.7970416857246314,2.0643970514521714,2.4595021613369936,0.47777216397493205,45626.7826171875,51038.8927734375,11.846805429641494,-15.512726173647062,0.0,29.78813860998091,46.02403757653983
2024-02-28,62504.7890625,63913.1328125,56738.42578125,57071.09765625,83239156760,9.493531994124748,23.205967886207056,37.97489583909084,3.5780552200632565,2.75976069162936,2.716773595005041,0.47777216397493205,45965.9140625,51899.05390625,20.435315016354828,-7.491899801978463,0.0,41.21071349386296,67.29191422022107
2024-02-29,61198.3828125,63585.64453125,60498.73046875,62499.18359375,65496611844,-2.090089846865484,18.66797675115106,29.802795980640084,4.536511509547472,2.819221977994338,2.739978076375021,0.6683487256423838,46281.46731770833,52601.6130859375,16.343167485220643,-9.42540221174546,-2.090089846865484,36.25987923478164,-21.315142544219114
2024-03-01,62440.6328125,63155.1015625,60802.52734375,61168.0625,40186368423,2.029873900109447,20.69732127155617,30.707480068395565,4.287528952709847,2.8233055560079143,2.699478682647574,0.6683487256423838,46586.02233072917,53335.080859375,17.072350517538347,-7.586852091112572,-0.10264213504640463,34.222205377891626,-38.643591948365206
2024-03-02,62029.84765625,62458.69921875,61657.2890625,62431.65234375,23888473685,-0.6578811548619723,13.769469043508842,28.44235933888868,4.605008430731485,2.8597332081183215,2.6999045231109697,0.6843466955892492,46870.55364583333,54021.87734375,14.823569091359001,-8.194820775819867,-0.7598480266449603,33.8613743121015,-40.55577893092766
2024-03-03,63167.37109375,63230.2109375,61435.0234375,62031.578125,26253811450,1.833832389535761,10.654218205942234,26.440389059452407,4.46935263031056,2.8183807372454144,2.6142540810438395,0.6843466955892492,47209.20690104167,54682.334765625,15.516960576926486,-6.511267663935493,0.0,32.0342060882034,9.90158599578188
2024-03-04,68330.4140625,68537.03125,62386.51953125,63137.00390625,70670471105,8.173591649219114,9.32028583309803,37.36843655187876,3.931726526741467,3.1863813555639715,2.77101744186671,0.6774972390539256,47611.715104166666,55611.7333984375,22.870498520407303,0.0,0.0,39.02928124580774,169.18175762628175
2024-03-05,63801.19921875,69170.625,59323.91015625,68341.0546875,102802940877,-6.628402455760396,4.253080370153772,23.104895718407658,5.341933850008384,3.6205570584759608,2.9295321337563145,1.6296590025837352,47939.02356770833,56210.45859375,13.504142849750744,-6.628402455760396,-6.628402455760396,36.804180220437324,45.46802825788239
2024-03-06,66106.8046875,67637.9296875,62848.671875,63776.05078125,68750229073,3.613733749494208,5.871452145606804,27.27886843453089,5.467449447720328,3.6561554854431026,2.9507871136261006,1.6296590025837352,48307.650390625,56918.87109375,16.14215710395368,-3.25420152286231,-3.25420152286231,36.804180220437324,-33.12425842441885
2024-03-07,66925.484375,68029.921875,65655.53125,66099.7421875,46989543159,1.2384196927533564,7.892388751105894,28.30756087091062,5.365365022182198,3.650739297187066,2.949491030937267,1.6296590025837352,48690.690169270834,57657.13515625,16.07493884951603,-2.0560825026099683,-2.0560825026099683,36.804180220437324,-31.65180132111878
2024-03-08,68300.09375,70083.0546875,66230.453125,66938.09375,59202881172,2.0539401213709896,8.12559168978595,32.2031219909499,5.368191233681768,3.614099302403112,2.8429211892477237,1.6156596279221422,49046.183333333334,58488.9900390625,16.774274447866254,-0.04437308468856482,-0.04437308468856482,38.60876410857232,25.991608327991923
2024-03-09,68498.8828125,68673.0546875,68053.125,68299.2578125,21609650379,0.2910524006418447,0.24655016702503918,31.4189097028847,3.961286462425059,3.621597113709037,2.825412846745647,1.6156596279221422,49418.83587239583,59307.8068359375,15.497244742142735,0.0,0.0,38.60876410857232,-63.49898864513324
2024-03-10,69019.7890625,70005.203125,68239.9765625,68500.2578125,35683977532,0.7604594828588107,8.179454160191323,33.296503229876336,1.3047737547555465,3.5921638296843383,2.82503492757399,1.608929072119916,49792.03606770833,60169.8390625,14.708282651059301,0.0,0.0,38.60876410857232,65.12982351013537
2024-03-11,72123.90625,72850.7109375,67194.8828125,69020.546875,65716656765,4.497430707429584,9.102091064519048,37.94411146627012,1.6589545508521413,3.650576632059851,2.8622005529866605,1.608929072119916,50221.29140625,61161.790625,17.923143702923582,0.0,0.0,44.0825753458312,84.16292495999882
2024-03-12,71481.2890625,72825.65625,68728.8515625,72125.125,62554434520,-0.8909905479502545,6.807279364573149,37.89047105569132,2.055026033086873,3.6519961394467018,2.6536999400946994,1.6099731597480784,50698.4267578125,62143.89609375,15.025438628218058,-0.8909905479502545,-0.8909905479502545,44.0825753458312,-4.811903710056297
2024-03-13,73083.5,73637.4765625,71334.09375,71482.1171875,48212536929,2.2414410239567806,7.00351344686112,42.44915495749111,2.0728899015091353,3.596980606965134,2.6565760399800116,1.5933976938872476,51202.44537760417,63232.8224609375,15.578424551818504,0.0,0.0,45.638623543368006,-22.92706776274124
2024-03-14,71396.59375,73750.0703125,68563.0234375,73079.375,59594605698,-2.30819028918976,4.230303938579283,40.7329993218801,2.6576581501192083,3.6579600605413156,2.6537583842545045,1.6561794719333671,51695.78411458333,64266.0546875,11.095342785818962,-2.30819028918976,-2.30819028918976,45.79306331474731,23.60811003528347
2024-03-15,69403.7734375,72357.1328125,65630.6953125,71387.875,78320453976,-2.7911980219644583,0.5563395371322999,34.57880738379855,3.12455138705946,3.798716638542022,2.694643334510612,1.7698784599922115,52143.980859375,65157.68828125,6.51662953099561,-5.034962149459177,-5.034962149459177,44.80380330508231,31.42205248054597
2024-03-16,65315.1171875,70046.2734375,64801.39453125,69392.484375,46842198371,-5.891115205258901,-9.440405292107979,26.2536801435308,2.9603869960954285,4.1438511801920495,2.8301508415696333,2.206293652537221,52513.317057291664,65836.7822265625,-0.7923610805693815,-10.629461933952255,-10.629461933952255,44.80380330508231,-40.191615353309864
2024-03-17,68390.625,68845.71875,64545.31640625,65316.34375,44716864318,4.708722796395115,-4.323738565763224,25.435824652065687,4.235416934488708,4.110645549837218,2.86713581872873,2.206293652537221,52940.78326822917,66530.193359375,2.7963719127878317,-6.421251034775288,-6.421251034775288,35.360473990631604,-4.537220982172762
2024-03-18,67548.59375,68897.1328125,66594.2265625,68371.3046875,49261579492,-1.23120859035869,-7.573400630785332,18.329078809116428,3.880164637655798,4.0598906438183,2.8246819620156596,2.223404014315591,53378.8921875,67053.3544921875,0.7385749177846179,-7.573400630785332,-7.573400630785332,29.982581111497343,10.163313647577477
2024-03-19,61912.7734375,68106.9296875,61536.1796875,67556.1328125,74215844794,-8.343356981432349,-13.283295202721067,-0.9471524244454743,4.977074171415102,4.03701218995076,3.064578346916531,2.9024309977767744,53717.131640625,67023.7537109375,-7.625625230541877,-15.284881761957214,-15.284881761957214,24.317615137393545,50.6566487703719
2024-03-20,67913.671875,68115.2578125,60807.78515625,61930.15625,66792634382,9.692504638897837,-2.147003669536607,10.97298450364994,7.4451800354191136,4.539694867685695,3.2752365294019468,2.864556146850149,54154.59973958333,67359.5181640625,0.8226806337714443,-7.073864996887124,-7.073864996887124,24.317615137393545,-10.002190815996926
2024-03-21,65491.390625,68199.9921875,64580.91796875,67911.5859375,44480350565,-3.5667063539995048,0.26988152986693326,4.885853450045863,7.064844186169496,4.619969994304177,3.3219034357110253,2.9735083032068355,54553.6931640625,67512.0560546875,-2.9930438321278285,-10.388267358569303,-10.388267358569303,24.317615137393545,-33.40530587458451
2024-03-22,63778.76171875,66623.75,62355.37109375,65489.9296875,41401116964,-2.615044343853401,-6.743414439113549,2.8194718004015407,6.657289525869199,4.662744621555721,3.267740366578389,3.026885213310847,54958.21640625,67599.5017578125,-5.652023964246055,-12.731653904438078,-12.731653904438078,24.317615137393545,-6.92268285183647
2024-03-23,64062.203125,65976.3984375,63038.4921875,63802.72265625,24738964812,0.4444134671348854,-5.16130748465804,1.4166048321402114,6.698178200344157,4.648106160392069,3.2681667472009415,3.026885213310847,55361.82727864583,67644.243359375,-5.295410306158088,-12.34382162184351,-12.34382162184351,24.317615137393545,-40.245658508412795
2024-03-24,67234.171875,67622.7578125,63825.8515625,64070.75390625,27206630673,4.951388799118828,8.594992829503711,-1.6043253982001238,5.530662324398696,4.405701722027148,3.3105765135697025,3.026885213310847,55814.445572916666,67589.43125,-0.525613795573987,-8.003623423891849,-8.003623423891849,24.317615137393545,9.974814547628208
2024-03-25,69958.8125,71162.59375,66414.8359375,67234.09375,42700139523,4.052464020923141,3.0113827872011223,9.651250065281513,3.826292112725056,4.201089306820621,3.3306411080802683,2.6391756551588847,56314.8623046875,67897.3119140625,3.0362035371101825,-4.2755033625921035,-4.2755033625921035,21.283927909878408,56.947547221919834
2024-03-26,69987.8359375,71535.7421875,69335.609375,69931.328125,36010437368,0.041486463910467286,6.86570443777319,5.870849859324467,3.103388225826572,4.139254589596139,3.2965833734965075,2.6391756551588847,56784.37838541667,68091.3634765625,2.7851879652700307,-4.235790653841153,-4.235790653841153,21.283927909878408,-15.666698586304761
2024-03-27,69455.34375,71727.6875,68381.9296875,69991.8984375,40827113309,-0.7608353371227561,8.900426847862697,3.7801136571900873,2.5728394189895925,4.141237513912622,3.3036078327862715,2.6446534100509393,57239.966536458334,68217.8564453125,1.8140225582718772,-4.964398598862941,-4.964398598862941,21.283927909878408,13.375777394140309
2024-03-28,70744.953125,71546.0234375,68895.5078125,69452.7734375,34374900617,1.8567460837021654,10.431658097927766,3.5795842154316304,2.4697076143143764,4.136991293120078,3.3027715371504223,2.6446534100509393,57718.455859375,68340.0994140625,3.5189496818944566,-3.199828791724535,-3.199828791724535,21.283927909878408,-15.803744543892751
2024-03-29,69892.828125,70913.09375,69076.65625,70744.796875,25230851763,-1.204502883045766,3.954322892446571,2.0349898498572605,2.163606546914671,4.149839305251066,3.3028116715447045,2.6583327517557582,58161.865559895836,68409.7966796875,2.1678641324669456,-4.365789644721452,-4.365789644721452,21.283927909878408,-26.6009463005628
2024-03-30,69645.3046875,70355.4921875,69601.0625,69893.4453125,17130241883,-0.35414711944022903,-0.44813198122823916,0.906284463479845,1.1799209879020025,4.149149028714342,3.2997344059852605,2.659511990604241,58606.743815104164,68441.0724609375,1.759516885492718,-4.704475445894085,-4.704475445894085,21.283927909878408,-32.1059707222378
2024-03-31,71333.6484375,71377.78125,69624.8671875,69647.78125,20050941373,2.424203264779501,1.922923436583801,-1.0956946920772204,1.6363004816031268,4.059120091234562,3.2979154851579104,2.659511990604241,59085.92786458333,68401.5595703125,4.28658189317086,-2.394318228464698,-2.394318228464698,21.283927909878408,17.04996058986472
2024-04-01,69702.1484375,71342.09375,68110.6953125,71333.484375,34873527352,-2.2871394296192005,0.35534297891945954,-2.488959905919441,2.005844510782132,4.087567918375397,3.32353127341529,2.7009000645834416,59529.70078125,68312.6025390625,2.0340989023847067,-4.626696261810126,-4.626696261810126,21.283927909878408,73.92463876513875
2024-04-02,65446.97265625,69708.3828125,64586.59375,69705.0234375,50705240709,-6.104798598949213,-7.488845825353707,-10.44904437219072,3.1073818569934923,4.2638809369994215,3.4424151162762877,3.0262665869935272,59900.7193359375,67930.776171875,-3.6563744087666605,-10.44904437219072,-8.333200200814906,21.283927909878408,45.39751083164247
2024-04-03,65980.8125,66914.3203125,64559.8984375,65446.671875,34488018367,0.8156830210526378,-5.597163156716944,-7.585489678910628,3.282660809628888,4.249975393963726,3.4388039895630023,2.981929297451225,60283.862044270834,67659.987109375,-2.4817838150937632,-9.718592431944284,-7.5039424657915355,18.993205601179387,-31.983325816499875
2024-04-04,68508.84375,69291.2578125,65113.796875,65975.6953125,34439527442,3.8314642609167615,-1.6317839983604476,-1.289453934815099,3.9803580582438576,4.303982558639778,3.4535374772546117,2.9158811730087772,60715.94973958333,67615.240625,1.3216001551425327,-6.259492566721625,-3.9599890786113257,17.958066250383098,-0.14060223606932043
2024-04-05,67837.640625,68725.7578125,66011.4765625,68515.7578125,33748230056,-0.9797320875087778,-4.9009238824551,3.8620820816390733,3.685806615893611,4.083236404646626,3.4605992227477,2.6105736620884934,61135.599283854164,67741.366796875,0.14211970126567497,-7.177898397039007,-4.9009238824551,17.958066250383098,-2.0072789534183455
2024-04-06,68896.109375,69629.6015625,67491.71875,67840.5703125,19967785809,1.5602971156545964,-1.1564049036777546,0.7391135480923072,3.736795722542602,3.9619347256277004,3.4618099387430954,2.610573662088493,61565.78990885417,67766.641015625,1.6667025876560215,-5.729597823038035,-3.417095740778886,17.958066250383098,-40.83308731786369
2024-04-07,69362.5546875,70284.4296875,68851.6328125,68897.109375,21204930369,0.6770270726916605,5.982831401256683,2.6854162859607955,1.7482159082414528,3.950867969298568,3.451688034892747,2.596016393542513,61983.19544270833,67857.3390625,2.218206086173846,-5.091361678764706,-2.7632033313521043,17.958066250383098,6.195702276826243
2024-04-08,71631.359375,72715.359375,69064.2421875,69362.5546875,37261432669,3.270935878474601,8.563924360585883,15.697222718201708,1.9528193440516735,3.449807591248981,3.461637366948831,1.8051927402802945,62422.02532552083,68343.268359375,4.8111410158714785,-1.9869609761437257,0.0,19.582318593174584,75.72060846506427
2024-04-09,69139.015625,71742.5078125,68212.921875,71632.5,36426900409,-3.4794031158228322,0.9198401848666382,1.8042666758695258,2.57089005391245,2.8686051931769345,3.478783457226625,1.965714407456119,62788.55559895833,68404.535546875,1.073730085663227,-5.397229709852425,-3.4794031158228322,16.614428074967226,-2.239667667674783
2024-04-10,70587.8828125,71093.4296875,67503.5625,69140.2421875,38318601774,2.09558550176423,4.054153655937243,7.781926966068298,2.5829940861209275,2.7621374778037517,3.482557444309765,1.7966533947585825,63168.832356770836,68659.36015625,2.8088270147889727,-3.414747771384785,-1.4567314813017207,16.614428074967226,5.193143923199717
2024-04-11,70060.609375,71256.234375,69571.8125,70575.734375,30153382941,-0.7469744331340511,1.6902260672829073,9.849434963870163,2.624531415355819,2.6849006208418063,3.487241691882952,1.707026395539727,63531.610546875,68973.4525390625,1.5761960521285978,-4.136214911710578,-2.1928245027110327,15.350727550267829,-21.308759858091374
2024-04-12,67195.8671875,71222.7421875,65254.8359375,70061.3828125,44129299406,-4.088948430588779,-3.1237135220316015,4.891595839102658,3.2686054563638636,2.874938399731848,3.5214965405572136,1.9364694881329978,63818.904622395836,69130.1357421875,-2.798010641699189,-8.056035647581194,-6.192109470210649,13.927754342290521,46.349414566007916
2024-04-13,63821.47265625,67931.4296875,60919.10546875,67188.375,52869738185,-5.0217292706919885,-10.902887767163783,-5.075840340674976,2.9033959063624417,2.886669265608142,3.5924521969266054,2.2384821468745977,64053.55514322917,68959.50078125,-7.45079077834192,-12.673212618101214,-10.902887767163783,19.363800265092834,19.80642996070683
2024-04-14,65738.7265625,65824.4296875,62205.8515625,63836.23046875,49084320047,3.004089104268326,-4.918046679956623,-6.03224352543148,3.5841175639676393,2.8135941965972995,3.5749080766452255,2.2384821468745977,64285.42233072917,68748.496484375,-4.377942901717214,-10.049838113254017,-8.22633112635942,19.363800265092834,-7.159895751240897
2024-04-15,63426.2109375,66878.6484375,62332.0703125,65739.6484375,43595917654,-3.517737178558533,-10.145752485626014,-9.37537918140463,3.255053284505298,2.9038020478216833,3.6115275716194892,2.3726622314916543,64476.88326822917,68420.415234375,-7.299289663424712,-13.214048400117672,-11.454687596454683,19.363800265092834,-11.181579754480975
2024-04-16,63811.86328125,64355.66796875,61716.40234375,63419.296875,42847528078,0.6080330797783695,-8.91905758384649,-8.125336603420097,3.444099583737385,2.912222366520419,3.6116284848465656,2.3665549949739644,64671.07760416667,68138.2412109375,-6.349412389871068,-12.686361105789956,-10.91630280644803,19.363800265092834,-1.7166505862764692
2024-04-17,61276.69140625,64486.36328125,59768.5859375,63831.84765625,41915247049,-3.9728848910527192,-8.808839038766214,-13.383656784704389,3.425182252406631,2.9675647689157385,3.6516270086111464,2.5278000834943355,64831.305859375,67664.828125,-9.44085264939849,-16.155231473246356,-14.455495552641818,21.661501998789866,-2.1758105328803734
2024-04-18,63512.75390625,64125.6875,60833.48046875,61275.31640625,36006307335,3.649124077498622,-0.4837223855093331,-9.128367516248648,3.5657442655135694,3.1165764976231407,3.675836929501196,2.5134104126367207,65021.14264322917,67345.8244140625,-5.691623112734689,-13.095631837213595,-11.333870443876382,21.661501998789866,-14.097351512904833
2024-04-19,63843.5703125,65481.59765625,59651.390625,63510.75,49920425401,0.5208661031110617,-2.8828612130145426,-8.330402747223964,3.1876230568977015,3.1238432352753933,3.673253484787594,2.512162592914778,65222.21640625,67055.7376953125,-4.790294601496948,-12.642976441330811,-10.872038630077995,21.900526732271807,38.64355746492991
2024-04-20,64994.44140625,65442.45703125,63172.40234375,63851.1015625,23097485495,1.8026421268684478,2.472527438688288,-8.88669957320939,2.812042915226176,3.0973822548013343,3.676937584522513,2.512162592914778,65434.04251302083,66738.77734375,-2.613676796198239,-11.068241933883849,-9.265380451604754,21.900526732271807,-53.73139289286322
2024-04-21,64926.64453125,65723.2421875,64277.72265625,64992.81640625,20506644853,-0.10431180502996629,1.74698119233192,-6.85130087565674,2.824583453659394,3.066362725373231,3.6737843031362227,2.459665546847333,65652.16692708334,66500.0021484375,-2.365951227603791,-11.161008255967486,-9.360027371042756,21.900526732271807,-11.216981357389955
2024-04-22,66837.6796875,67233.9609375,64548.1796875,64935.6328125,28282686673,2.9433758205850147,9.07520976350038,2.1249371434710618,1.579720736705795,2.824171233008432,3.6826008234619816,2.0461002677437823,65911.04537760417,66569.5375,0.4028001358729494,-8.546142853722117,-6.69215233289715,21.900526732271807,37.919620082865045
2024-04-23,66407.2734375,67199.2421875,65864.8671875,66839.890625,24310975583,-0.6439574982440521,4.557383128942183,0.6463408396190973,1.4599886747388482,2.824742861770094,3.6795686334037043,2.051160736909327,66172.30078125,66590.860546875,-0.2756941536230406,-9.135066824248971,-7.29301521439959,21.900526732271807,-14.042905951334472
2024-04-24,64276.8984375,67075.3671875,63589.87109375,66408.71875,30276655120,-3.208044676017341,0.6787341667750635,-6.177224838216599,2.371991054095479,2.7694666534012455,3.7075122630062753,2.1729790382800687,66384.0640625,66379.26328125,-3.1672012309661213,-12.050054475360373,-10.267096704110257,21.900526732271807,24.539038002126247
2024-04-25,64481.70703125,65275.20703125,62783.6328125,64275.01953125,32155786816,0.31863484195515657,-0.7888895787181771,-4.947008125328656,2.201459221750358,2.7674569190622775,3.7075099669071974,2.1619075263849417,66596.53854166667,66211.4666015625,-2.612477353388931,-11.769815305438303,-9.981176409511638,21.900526732271807,6.206536648623029
2024-04-26,63755.3203125,64789.65625,63322.3984375,64485.37109375,24139372950,-1.1265004482557628,-1.8040732386627956,-7.461653653791678,2.244490789509271,2.741751060277618,3.654938901344609,2.17653263601442,66750.4205078125,65954.4271484375,-3.3342823689275325,-12.76372873151943,-10.99523886077305,21.900526732271807,-24.92992602504508
2024-04-27,63419.140625,63898.36328125,62424.71875,63750.98828125,19530783039,-0.5272966802647994,-5.114688418992697,-8.568620474371135,1.3203664345156014,2.73118904385745,3.6109390492500686,2.179723928640229,66855.98333333334,65657.2564453125,-3.4087866924148336,-13.223722693904916,-11.464558011537807,21.900526732271807,-19.091589166569467
2024-04-28,63113.23046875,64321.484375,62793.59765625,63423.515625,17334827993,-0.4823625063903991,-4.960364728496536,-11.891619788557172,1.33430953538208,2.590172387408486,3.4011811000880234,2.1823909100950165,66866.1240234375,65231.35,-3.24708829611835,-13.642298920070884,-10.589143697091252,20.26963170651146,-11.24355865105363
2024-04-29,63841.12109375,64174.87890625,61795.45703125,63106.36328125,26635912073,1.1533090916022948,-0.6779688415951335,-7.6626698881352535,0.8836192845628695,2.525351583533101,3.391981925600418,2.038999210972254,66910.16966145833,64966.4552734375,-1.7321772828009174,-12.64632770221733,-9.557960162470348,19.454439583737692,53.6554737304338
2024-04-30,60636.85546875,64703.33203125,59120.06640625,63839.41796875,37840840057,-5.0191249309274655,-5.962701267565162,-14.097359131995146,2.2965579489136516,2.6577986099102517,3.446592020650609,2.3274661191859174,66880.10670572917,64468.90390625,-5.9440260424972085,-17.030717646596017,-13.450859177957298,20.528001246404216,42.066995690971986
2024-05-01,58254.01171875,60780.5,56555.29296875,60609.49609375,48439780271,-3.929695449375714,-8.628783553725484,-16.851976826314896,2.596572414474877,2.752892019743066,3.483020571958612,2.482201706552626,66817.17610677083,63878.5740234375,-8.805084319233247,-20.291157759617427,-13.307150935040536,25.934706459490187,28.009262474180584
2024-05-02,59123.43359375,59602.296875,56937.203125,58253.703125,32711813559,1.4924669552331737,-6.77351819800065,-12.013288810195844,2.9671545823157808,2.6929464046022042,3.4801771912005734,2.3076720626232934,66749.7771484375,63474.95234375,-6.855489589711317,-19.101529628780778,-11.541762266161848,20.115069910496185,-32.4691124196037
2024-05-03,62889.8359375,63320.50390625,58848.3125,59122.30078125,33172023048,6.370405294167747,-0.3539583215608211,-1.459754342817987,4.60360882847611,2.9055543976757776,3.415130501171335,2.0160511167145074,66659.10084635417,63428.3705078125,-0.8490436787212841,-13.947969189351905,-5.9066140064379375,18.881818850537236,1.4068602102110583
2024-05-04,63891.47265625,64494.95703125,62599.3515625,62891.03125,20620477992,1.5926845790239064,0.07887011010672129,-2.80999344350511,4.634892944400526,2.8443920062271584,3.311320544062246,2.0160511167145074,66660.60540364584,63336.0078125,0.8770127182540444,-12.577431764693813,-4.408003157837026,18.881818850537236,-37.83774368490545
2024-05-05,64031.1328125,64610.890625,62955.3046875,63892.453125,18296164805,0.2185896653241981,5.597713333764953,0.9537411522124284,3.6822788324309004,2.7287296759542117,3.278343330928069,1.8562700133157257,66626.01087239584,63366.25390625,1.0492633937831952,-12.386335065370435,-4.199048931863025,18.881818850537236,-11.271868614790348
2024-05-06,63161.94921875,65494.90234375,62746.23828125,64038.3125,28697928697,-1.3574390387488533,8.425063536732003,-1.0184846971722394,2.8897691516788657,2.7441670447994286,3.278847596769609,1.880922752143515,66563.28528645834,63333.758203125,-0.27127552390617815,-13.575637156471709,-5.499488441154599,18.881818850537236,56.85215455185117
2024-05-07,62334.81640625,64390.45703125,62285.98046875,63162.76171875,25930730982,-1.309542885757653,5.431658172233544,1.726798519497219,3.1875403754609,2.6030089562435723,3.2711224247413617,1.6835750087641805,66463.86399739583,63386.664453125,-1.6594153611803497,-14.70740125165051,-6.73701316727805,18.881818850537236,-9.642499792290849
2024-05-08,61187.94140625,62986.0859375,60877.12890625,62332.640625,26088172222,-1.8398626419713127,-2.7061519653849064,-3.6603868625057823,1.420725483038296,2.4983363545252923,3.278368752666282,1.7331126729677426,66342.01497395833,63270.423828125,-3.291399513194493,-16.276667912387886,-8.452924020799923,18.881818850537236,0.6071608243874316
2024-05-09,63049.9609375,63404.9140625,60648.07421875,61191.19921875,25453338161,3.043115176709965,-1.3170955117555616,-1.2430529356604936,1.9963025001682073,2.596089510649895,3.3020968108937283,1.7331126729677426,66242.51783854167,63230.743359375,-0.28590905668706146,-13.728870487182466,-5.667041057842681,18.881818850537236,-2.433417165441154
2024-05-10,60792.77734375,63446.7421875,60208.78125,63055.19140625,27804954694,-3.5799920573900024,-5.057470212549198,-6.464651394166698,2.446002133956233,2.6738717387057203,3.276160069809734,1.909056493074568,66053.66569010417,63020.66015625,-3.5351626069551,-16.817370071561978,-9.044153495472884,18.881818850537236,9.238931719389099
2024-05-11,60793.7109375,61451.15234375,60492.625,60793.35546875,13842272968,0.0015356984674586016,-3.7494699111454532,-6.36554318121394,2.4729244284724503,2.6743836873721305,3.2751420036193126,1.9089139965217756,65875.53938802083,62814.0134765625,-3.2163245544186148,-16.816092637188973,-9.042756687932041,18.881818850537236,-50.21652392410836
2024-05-12,61448.39453125,61818.15625,60632.6015625,60793.50390625,13800459405,1.076893618853214,-1.4220333452544254,-8.063243938819598,2.563423882128321,2.586574472715576,3.263757702187633,1.9089139965217756,65681.62096354166,62544.54921875,-1.7525982698607168,-15.9202904468861,-7.4673731498961615,18.82042981305283,-0.3020715101967886
2024-05-13,62901.44921875,63422.66015625,60769.83984375,61451.21875,27889181179,2.3646747788683697,2.8004011462378964,-5.279277460547371,2.6047577055542983,2.657412128734622,3.2692265871403463,1.903475395990056,65540.03522135416,62369.2580078125,0.853290912761584,-13.932078760937827,-2.4507071621633014,18.601396379580137,102.08878821016323
2024-05-14,61552.7890625,63092.125,61123.765625,62900.7734375,28186271527,-2.144084393922019,-2.374580178541452,-4.238084663728447,2.404384696589825,2.604944817309845,3.2614518079964885,1.8271551508797326,65409.18548177083,62233.0525390625,-1.0930903254914415,-15.777447628397656,-4.542246326280641,15.806848317344313,1.0652530316082043
2024-05-15,66267.4921875,66454.453125,61330.41015625,61553.98828125,39815167074,7.659609250545496,9.00553500425465,2.7694446044744803,3.6731013548151976,3.141460588384531,3.325532421840361,1.8271551508797326,65425.0583984375,62322.341796875,6.330234514427091,-9.32632921589689,0.0,17.503507870995993,41.2573033501807
2024-05-16,65231.58203125,66712.4296875,64613.0546875,66256.109375,31573077994,-1.563225228621834,7.299885177781684,2.3155114138146082,3.9219865717032563,3.1525393135820843,3.2757156156118947,1.8431574642879283,65372.40768229167,62396.1548828125,4.544233781332796,-10.743762913311484,-1.563225228621834,17.95965715244794,-20.70087779534203
2024-05-17,67051.875,67459.4609375,65119.31640625,65231.296875,28031279310,2.790508695432159,9.11900223186517,5.728135605747964,3.952839510151434,3.2013281123379564,3.2917494929625537,1.8393823280409627,65364.12903645833,62577.7916015625,7.149634533165261,-8.253059856191891,0.0,19.280543688059694,-11.2177808089318
2024-05-18,66940.8046875,67387.328125,66663.5,67066.2109375,16712277406,-0.16564833198177142,6.421720833016886,6.06461464628274,4.027187489838334,3.1978956892785004,3.1025848557230025,1.836590764929751,65447.92955729167,62769.1703125,6.645992537787704,-8.405037132184423,-0.16564833198177142,19.280543688059694,-40.379897680809776
2024-05-19,66278.3671875,67694.296875,65937.1796875,66937.9296875,19249094538,-0.9895869986810912,7.677277012097217,3.8176743327720253,3.8062856689471865,3.205199342806782,2.8429256388116473,1.8498729035323427,65420.674479166664,62891.0326171875,5.386037451365966,-9.31144897617109,-1.153596096306031,19.695776153798604,15.179362275839425
2024-05-20,71448.1953125,71483.5625,66086.171875,66278.7421875,43850655717,7.800174241430358,7.817865070767271,17.829651224776597,3.86282522439198,3.376281981207093,2.976864444527409,1.470526778270392,65519.95455729167,63431.599609375,12.638173642936422,-2.2375839792839747,0.0,26.395884005938598,127.80632943764493
2024-05-21,70136.53125,71946.4609375,69191.125,71443.0625,46932005990,-1.8358253231772315,7.519286005358916,20.39777035205528,3.919686901466111,3.2494855353620853,2.9661067359520126,1.2485337080868213,65625.9173828125,64025.7255859375,9.544297402550118,-4.032331169142145,-1.8358253231772315,26.361073232818732,7.026919489838823
2024-05-22,69122.3359375,70623.6953125,68977.6953125,70135.3203125,32802561717,-1.446030042296964,3.087849426283751,16.911910787277073,4.032636585053274,3.2913179937705364,2.9735134818109015,1.2897234449254211,65710.2529296875,64525.670703125,7.123777535802334,-5.420052491328409,-3.2553087797769553,22.257474991317714,-30.106201460919056
2024-05-23,67929.5625,70041.2734375,66356.953125,69121.3046875,41895680979,-1.7255976976508713,1.477062932117157,8.013578803907983,4.171650961108471,3.0646613289548146,2.91592062832965,1.3462061265263932,65721.8427734375,64777.65703125,4.8657293474345,-7.052121887977448,-4.924732944072563,19.49496309975549,27.720759556676544
2024-05-24,68526.1015625,69220.296875,66622.671875,67928.1328125,29197308153,0.8781729788116976,3.391354480174824,7.25390840681559,4.103588615755116,3.0545365989569655,2.870676397644836,1.3462061265263932,65697.9642578125,65009.3884765625,5.409546479898619,-6.23587873801884,-4.089807639254362,19.49496309975549,-30.309503340845556
2024-05-25,69265.9453125,69579.3203125,68515.8203125,68526.921875,15473071741,1.0796524727518797,-3.054310875810473,8.175417597762813,1.4590867386294224,3.058003033520909,2.8740221895434384,1.3462061265263932,65685.93274739584,65271.1291015625,6.120341820227315,-5.2235520842597865,-3.054310875810473,19.49496309975549,-47.00514287167204
2024-05-26,68518.09375,69506.2265625,68183.890625,69264.2890625,15628433737,-1.0796814497022966,-2.307552813285163,8.480017791566198,1.3340938911350653,3.050045656050948,2.8757904174585174,1.333575831943121,65670.3119140625,65538.936328125,4.545629802350848,-6.246835811092788,-4.101015497570415,19.49496309975549,1.004079853054174
2024-05-27,69394.5546875,70597.8828125,68232.5,68512.1796875,25870990717,1.2791671360530277,0.3938216877481304,11.325513875327875,1.38557117758896,3.0262474351328215,2.8704920788155692,1.3010301191981926,65647.8052734375,65891.9232421875,5.315721977697452,-5.047576145778454,-2.874307204006754,19.49496309975549,65.53796210397562
2024-05-28,68296.21875,69514.640625,67227.15625,69392.1953125,32722265965,-1.5827408107827234,0.5397594751180623,11.617121250338268,1.339576434864487,3.0159540882549933,2.8736139181068214,1.284008593312614,65621.1951171875,66247.337109375,3.0927758458310084,-6.550426908946616,-4.411555181644388,19.49496309975549,26.482461854458393
2024-05-29,67578.09375,68852.4609375,67101.4921875,68296.3515625,26707072906,-1.051485738366742,-1.383425863844534,7.181816999044033,1.3426715793378787,2.979641715761674,2.87648675847263,1.3053578745309926,65586.7416015625,66473.74375,1.661332637068469,-7.53303584256364,-5.416654046435965,19.49496309975549,-18.38256881547843
2024-05-30,68364.9921875,69500.5390625,67118.078125,67576.0859375,29509712534,1.1644282841286824,-1.3007158437458144,12.45578039794637,1.3643520207656084,2.8322982533081937,2.862985162494517,1.0310877867821417,65537.26399739583,66852.3544921875,2.2626543325250825,-6.456324358439325,-4.315298814077373,18.93426833023033,10.493997743086103
2024-05-31,67491.4140625,68999.5625,66633.421875,68362.515625,27387283769,-1.2778150001159894,-1.4984066708656818,11.017098679640869,1.3968175337763549,2.861430546850385,2.8524487436391444,1.0699451307321168,65500.41842447917,67187.2396484375,0.4527264636173589,-7.651639477447025,-5.537972278647263,18.65969640662324,-7.192305796115828
2024-06-01,67706.9375,67839.765625,67386.1953125,67489.609375,11641495604,0.31933460054698326,-2.4319158687590603,10.18503903396073,1.1749534318466028,2.8592633173618154,2.73823088145709,1.0699451307321168,65538.08450520833,67500.166796875,0.3063262106406839,-7.356739209260644,-5.236322339754684,18.391723793393354,-57.493062465810674
2024-06-02,67751.6015625,68409.1640625,67315.5234375,67710.2734375,17110588415,0.06596674454519835,-0.7974338806275405,7.7107163729770445,1.0098399176357635,2.8273893168781923,2.7365876804267835,1.0699451307321168,65567.59765625,67742.6744140625,0.013178027756821642,-7.295625466076472,-5.173809826590925,17.706198565870835,46.97929713705194
2024-06-03,68804.78125,70230.8203125,67589.8359375,67753.8984375,32401285324,1.5544720172089965,1.8152147122380224,11.781744252297678,1.1004858265570732,2.7720419762599415,2.699223625285097,0.9565185248411915,65572.52994791667,68105.2740234375,1.0270970003318336,-5.854561905218003,-3.6997632353598875,17.30960343197403,89.36394551805951
2024-06-04,70567.765625,71047.40625,68564.640625,68804.5703125,33149696545,2.5622992224831664,3.222078094382863,6.4892653932528965,1.4698410234086063,2.2786101716079106,2.7151708365466245,0.9565185248411915,65618.03203125,68320.2876953125,3.289620119444714,-3.442274076912022,-1.232263017490054,11.349728449564722,2.309819544243963
2024-06-05,71082.8203125,71735.4140625,70390.7109375,70568.3515625,32810771409,0.7298724608017615,5.3212787135771045,8.969946916888949,1.0181049520244116,2.235143007818177,2.7097206340196953,0.8903617425487126,65654.47721354167,68612.849609375,3.5998660851239705,-2.7375258266229774,-0.5113845050976118,10.48405436055031,-1.0224079594210345
2024-06-06,70757.1640625,71625.734375,70119.125,71082.84375,25223152007,-0.4581363662391591,4.505042873191534,5.526003653887379,1.2000257335342104,2.173562316755226,2.7095000178335433,0.8962357274165771,65677.720703125,68798.1140625,2.8475344516279755,-3.1831205915151872,-0.9671780329476021,9.113646168186351,-23.12539168133888
2024-06-07,69342.5859375,71907.8515625,68507.2578125,70759.1875,36188381096,-1.999201273457618,2.3482609094226836,3.587918103482979,1.773373362993091,2.231728974156291,2.6892860290719804,1.000853034762463,65639.57447916667,68918.203125,0.6157775351894657,-5.118684877571544,-2.9470434708539384,9.113646168186351,43.47287399273849
2024-06-08,69305.7734375,69533.3203125,69210.7421875,69324.1796875,14262185861,-0.05308786729295578,0.7281357173125169,4.567713989446265,1.672227457708996,2.215233515923089,2.650659856843652,0.9761575650877193,65642.35377604167,69069.5734375,0.3419740245156344,-5.169055344229545,-2.9985668156200185,8.867647945450008,-60.58904701162098
2024-06-09,69647.9921875,69817.5234375,69160.84375,69297.4921875,13534028500,0.49378101278765296,-1.3033903360178845,-2.5195921564236445,1.078759707715012,1.3291763698193553,2.637621465077928,0.9761575650877193,65626.68893229167,68979.56328125,0.9690245551781995,-4.70079814527219,-2.018530101495819,8.423394308009824,-5.105510249948075
2024-06-10,69512.28125,70146.0703125,69232.421875,69644.3125,20597699541,-0.194852619921404,-2.209449562630561,-0.8900497199881174,0.9371707846550519,1.2668135383542645,2.6358930633939526,0.8867182405880447,65617.55013020833,68948.35078125,0.8179027668684391,-4.886491136850313,-2.209449562630561,8.365209938201179,52.19193266070039
2024-06-11,67332.03125,69549.4140625,66123.6015625,69508.078125,37116136345,-3.136496113771259,-4.840686957824614,-2.5900523517011664,1.5278153628412123,1.4136531712708678,2.6134968372667813,1.083327968629722,65619.81953125,68858.835546875,-2.2172961316425988,-7.869722646014488,-5.276646376734185,8.747633013505363,80.19554208526942
2024-06-12,68241.1875,69977.890625,66902.453125,67321.375,34497940694,1.3502581655740586,-1.5883434726427947,0.45874725013870243,1.693431847994638,1.397184911714473,2.5326823793713706,1.012282133058023,65693.4814453125,68874.416796875,-0.919396963813901,-6.625726053076275,-3.997636559730444,8.747633013505363,-7.05406302709819
2024-06-13,66756.3984375,68365.78125,66304.5625,68243.1015625,28955204146,-2.1757960505889518,-3.6784453495768643,-2.582524154516397,1.8703617387564235,1.4650956438935248,2.521755116177207,1.1231293512309366,65710.44264322917,68785.931640625,-2.9505062368398005,-8.65735981787955,-6.0864521919358765,8.747633013505363,-16.066862069143774
2024-06-14,66011.09375,67294.6484375,65056.89453125,66747.5703125,27403884779,-1.1164543099157487,-5.221828114885307,-4.699064667081954,1.7405247986513488,1.452656387352071,2.4828242211505245,1.1505403299767014,65753.5240234375,68623.1890625,-3.8064324147351614,-9.677158660983665,-7.134954044033803,10.53071635314402,-5.3576530117965255
2024-06-15,66191.0,66402.1875,65871.7734375,66006.7421875,14121265576,0.27253941690672523,-4.777977632549646,-3.396320041375933,1.8094344730431786,1.442475892244722,2.482030224849736,1.1249255305402819,65793.17630208333,68506.834375,-3.3804428362918415,-9.430993315864733,-6.881860189275257,10.53071635314402,-48.46984035335993
2024-06-16,66639.046875,66894.84375,66018.25,66189.359375,13281140541,0.6768999939568809,-1.0292046179729675,-3.970783910796316,1.4264637152187245,1.4168499439057298,2.4249306014463374,1.1249255305402819,65882.54889322916,68369.058984375,-2.5304021074363248,-8.817931715093009,-6.251543506523694,10.53071635314402,-5.949360774206003
2024-06-17,66490.296875,67188.3203125,65094.96484375,66636.515625,30006354476,-0.22321747830370553,-2.565738799606909,-2.6442486978827118,1.1452025671787214,1.378756404071036,2.381869054205866,1.0689692828545123,65932.174609375,68278.762890625,-2.6193591387851156,-9.021466028583747,-6.460806447057077,10.53071635314402,125.93206045345168
2024-06-18,65140.74609375,66556.703125,64066.95703125,66490.9765625,39481285950,-2.029695827328193,-2.420220954943575,-3.6067126505029634,1.0928428812785762,1.4297659826092122,2.397011748337778,1.1372763394886625,65953.79420572917,68156.8955078125,-4.425303399737112,-10.86805353636594,-8.359367555517604,12.238593644186091,31.576416527300367
2024-06-19,64960.296875,65695.3515625,64693.30078125,65146.66015625,21103423504,-0.27701435671353414,-1.5918489079723819,-4.980173629161211,1.0343005922955444,1.394659991962346,2.386417789536045,1.1389619484653568,65953.22513020833,67986.6607421875,-4.451408311791905,-11.114961824488423,-8.613225263971902,12.238593644186091,-46.54828738170824
2024-06-20,64828.65625,66438.9609375,64547.84765625,64960.296875,25641109124,-0.202647819256907,-2.0582008883382907,-3.9453282309867888,0.9874623469133537,1.3733458613560356,2.386543019657992,1.1034704655125165,65951.5919921875,67853.5228515625,-4.457935969190219,-11.295085415996775,-8.798418570063681,12.238593644186091,21.50213030193853
2024-06-21,64096.19921875,65007.546875,63378.89453125,64837.98828125,26188171739,-1.1298352821403679,-3.8158523800915334,-5.332892631940411,0.8031467284629656,1.3831389744677027,2.3599050891409434,1.1320218445316637,65905.90065104167,67672.9859375,-5.2853981085648645,-12.297304837959322,-9.828846214929088,13.457093397305409,2.1335372520526086
2024-06-22,64252.578125,64475.46875,63929.7578125,64113.86328125,9858198793,0.24397531859308152,-3.3654816645003915,-5.164488154973279,0.9038831445936232,1.385947438128971,2.3588557019402008,1.1320218445316637,65869.9890625,67498.034765625,-4.808223901472497,-12.083331908023009,-9.608850855202899,13.457093397305409,-62.35629240845799
2024-06-23,63180.796875,64491.703125,63180.796875,64248.96484375,11170471802,-1.668075089399379,-3.0087914804188154,-8.17382785444144,0.7739164825326853,1.3513255005088245,2.331892684779491,1.191888074313443,65851.720703125,67216.835546875,-6.004505625767498,-13.549847947895211,-11.116643097109103,13.812827819766248,13.311488605117239
2024-06-24,60277.4140625,63292.52734375,58601.69921875,63173.3515625,43152133651,-4.595356431233677,-7.208838379404348,-14.582226702746048,1.9017551622890347,1.4639533657267685,2.4055561171820123,1.5736779270850318,65781.64915364583,66702.31796875,-9.632204849702608,-17.52254057003291,-15.201150154842491,22.70608620763783,286.3053809712307
2024-06-25,61804.640625,62258.26171875,60239.75,60266.28125,29201215431,2.5336630415439876,-4.664627959182788,-13.052633036661355,2.6169863478244717,1.6098154703853023,2.425009725184559,1.5736779270850318,65749.13782552084,66238.408984375,-6.693651655221489,-15.432839662851395,-12.65246220098959,22.70608620763783,-32.329613948710744
2024-06-26,60811.27734375,62434.13671875,60695.1875,61789.67578125,22506003064,-1.6072632592061153,-5.124986996169756,-14.056367083854248,2.635061576304447,1.6217758570611556,2.4328093883170387,1.6109415044969184,65705.6734375,65741.1146484375,-7.498864798765126,-16.792056560304314,-12.687680672776036,22.70608620763783,-22.92785511897688
2024-06-27,61604.80078125,62293.86328125,60585.33203125,60811.2265625,21231745045,1.3048951973404943,-4.120888874838435,-11.158777901972439,2.7997162930151225,1.6549074134819381,2.4382531324852845,1.5476731710283884,65680.53294270833,65354.225390625,-5.737080635512893,-15.706280102553926,-11.548346411188493,19.69972073788655,-5.661858373414463
2024-06-28,60320.13671875,62126.09765625,59985.40234375,61612.8046875,24952866877,-2.0853310881755127,-4.527736745564748,-12.965206609884028,2.837780063332597,1.6832142575961475,2.4478585535094743,1.6163482346338442,65621.84986979167,64904.9435546875,-7.063879243765836,-17.464083248954964,-13.392856241481299,19.69972073788655,17.526217577091295
2024-06-29,60887.37890625,61097.62109375,60300.96484375,60319.875,12652903396,0.9403861104374522,1.0119293490552517,-12.578414690929595,1.9813124177672068,1.7024346895813487,2.362884321439609,1.6163482346338442,65626.02526041666,64466.912890625,-5.552513411721849,-16.687926951705922,-12.407738875279684,19.69972073788655,-49.29278684341213
2024-06-30,62678.29296875,62892.828125,60632.94921875,60888.4453125,17333226409,2.9413551620566913,1.4135707851630208,-9.831339381125549,2.1050009656218758,1.8821002894371968,2.3338607381548737,1.6157608852888579,65699.76328125,64125.2134765625,-2.2563987382924533,-14.237422990483484,-8.151813787311369,19.41273300588886,36.99011101657192
2024-07-01,62851.98046875,63777.2265625,62495.51171875,62673.60546875,25468379421,0.2771094932125795,3.3557971714102353,-6.653669432035736,1.8290233532744118,1.7824901199993484,2.3272619809932578,1.4556108150341294,65761.90572916667,63901.2109375,-1.6419570980841347,-13.999766747966369,-7.897293743972433,19.41273300588886,46.93386459070281
2024-07-02,62029.015625,63203.359375,61752.74609375,62844.41015625,20151616992,-1.3093697885290578,0.6886067942274865,-9.103258754106525,1.9722421173084648,1.7495631045843087,2.1849623182458076,1.484764394441069,65747.55872395834,63590.60234375,-2.4556878865662712,-15.125827820233017,-7.081542628345905,16.661772886145123,-20.87593537504806
2024-07-03,60173.921875,62187.703125,59419.38671875,62034.33203125,29756701685,-2.990687070088416,-0.24239806423473897,-9.860442918685575,2.250964041219986,1.8003404136823042,2.2083349909428693,1.5540371108412216,65685.59954427084,63261.478515625,-4.880626746436856,-17.664148713457895,-9.701706886845384,14.833954193547738,47.664089173653544
2024-07-04,56977.703125,60399.67578125,56777.8046875,60147.13671875,41149609230,-5.311634426354228,-6.421159608906535,-13.684655278113766,3.1394987333321662,2.0958180011290817,2.308936041685617,1.9399435158083416,65568.0423828125,62809.808984375,-9.2853424547523,-22.037528135625685,-14.498022110253961,18.335537420473646,38.286862790115705
2024-07-05,56662.375,57497.15234375,53717.375,57022.80859375,55417544033,-0.5534237213954074,-9.598088403188331,-14.395650466075448,2.219271026403438,2.08349887995403,2.3042470546591574,1.9438865026788437,65459.716145833336,62333.377734375,-9.09785886871266,-22.468990948709354,-14.97121033815807,25.07744526328772,34.673317851577565
2024-07-06,58303.5390625,58472.546875,56038.9609375,56659.07421875,20610320577,2.896391234041995,-7.236751129125496,-12.508443927980473,3.041406320023021,2.218423912649015,2.332335183520855,1.9438865026788437,65392.52819010417,61916.60234375,-5.835370715581112,-20.223389598883468,-12.312710571725805,25.07744526328772,-62.809032885457746
2024-07-07,55849.109375,58371.12109375,55793.32421875,58239.4296875,20553359505,-4.20974391429122,-9.96292813569859,-16.00412090203951,3.2746321487382155,2.3537560577037957,2.3820941410505676,2.1592361205670794,65303.54765625,61384.54296875,-9.01763428713318,-23.581780600272296,-14.263939662861025,23.90162982647608,-0.27637159639120057
2024-07-08,56705.09765625,58131.3359375,54321.01953125,55849.57421875,39766159899,1.5326802715911692,-5.7646636793191375,-12.949879980434197,3.5568602098970565,2.3935703425713566,2.355888834901303,2.1109991394569296,65197.79993489583,60962.760546875,-6.984038866401443,-22.410533627631413,-12.708068798754235,23.68244155173256,93.47766426858888
2024-07-09,58009.2265625,58239.1953125,56316.875,56704.59765625,27849512607,2.299844211812685,1.8103984206541357,-10.700490371642868,2.884565085471974,2.483147509364132,2.3329582488973553,2.11009016847542,65151.407421875,60615.20703125,-4.299218952442896,-20.626096776290137,-10.519159399513233,23.68244155173256,-29.96680424327235
2024-07-10,57742.49609375,59359.43359375,57178.4140625,58033.8828125,26175260526,-0.4598069730556098,1.9062404174728043,-10.930598544143045,2.8771793465937017,2.482003406167337,2.33354019649359,2.112107557580266,65100.55384114583,60260.8990234375,-4.1791658778738245,-20.99106351809916,-10.132016832982139,21.01772820246708,-6.011782341135752
2024-07-11,57344.9140625,59299.43359375,57120.37890625,57729.890625,28707803842,-0.6885432015347748,-1.6441969311200455,-10.533050693394397,2.5288523931847084,2.4785132336971434,2.3300983377840727,2.102588056079508,65032.1625,59923.334765625,-4.302865842179582,-21.535074178850223,-10.750796721435062,20.05743602512222,9.67533184047744
2024-07-12,57899.46484375,58532.5546875,56590.17578125,57341.1953125,25604805221,0.9670444019596935,3.671241120396118,-9.887717297336074,1.283822579931243,2.4955424176878314,2.3120721391451893,2.102588056079508,64948.79609375,59605.6791015625,-2.8625028412230136,-20.77628350619497,-8.359077904159463,20.05743602512222,-10.808902826834355
2024-07-13,59231.953125,59787.078125,57796.44140625,57908.73828125,17080061806,2.3013827240820017,4.456134586114224,-6.250069554856341,1.4404161110274512,2.554020808811687,2.317074016280101,2.069239669147696,64910.115494791666,59408.2369140625,-0.296732908127717,-18.953042581430836,-5.759607440770909,18.727369985037434,-33.29352963797733
2024-07-14,60787.79296875,61329.52734375,59225.25,59225.25,22223416061,2.6266900915231206,4.789869768831223,0.8467166586157759,1.5256304332772865,2.420443225926722,2.11606738955554,1.7960756587266669,64818.78717447917,59433.755859375,2.2782290800849925,-16.824190181436304,-3.2842043872051363,18.727369985037434,30.113206342105904
2024-07-15,64870.15234375,64870.15234375,60704.9296875,60815.45703125,38094526099,6.715755212726138,12.343865839169176,4.960002497789784,2.7512774816818273,2.7959739545521534,2.283765395464223,1.7960756587266669,64812.763346354164,59587.0314453125,8.866226039949998,-11.238306397818931,0.0,20.7619552216578,71.41615849892808
2024-07-16,65097.1484375,65354.33984375,62487.96875,64784.41796875,41617346768,0.3499237870556282,13.5186084097203,7.047822839706375,2.487890932670646,2.760491334447413,2.255067784218215,1.759750838229872,64780.1845703125,59801.325,8.85569581861272,-10.927708118111479,0.0,21.6633162803469,9.247577092427651
2024-07-17,64118.79296875,66066.734375,63896.0859375,65091.83203125,32525071311,-1.502916014346345,10.741598634432536,4.080838109398055,3.0686685793237225,2.7821443933045003,2.26308028654855,1.7915526338792485,64733.151041666664,59927.024609375,6.9947880554697806,-12.266389857149695,-1.502916014346345,22.989506421339456,-21.84732128092112
2024-07-18,63974.06640625,65104.66015625,63246.1640625,64104.73828125,27239305337,-0.22571629283560934,8.006005257403025,6.0575620120638884,3.230665537028837,2.731056624930397,2.2598330551429524,1.7305426735092901,64694.74602864583,60109.72109375,6.428819236198047,-12.46441890953498,-1.7252399808699415,22.989506421339456,-16.25135860105663
2024-07-19,66710.15625,67442.640625,63329.34375,63972.32421875,37003855410,4.2768734230136385,9.742685154393737,9.56319264903076,3.4401916154350003,2.868746844069494,2.092382067793489,1.7305426735092901,64615.7787109375,60400.8599609375,10.445706059719772,-8.720632906196336,0.0,25.550886700997587,35.84728006898366
2024-07-20,67163.6484375,67610.734375,66299.6171875,66709.921875,19029581250,0.6797948213470129,3.535518279033245,7.156154477573762,2.1578669540624955,2.811309245172332,2.082042059566765,1.7305426735092901,64566.2306640625,60625.127734375,10.785166064759654,-8.10012049573433,0.0,25.863809195814213,-48.57405792138781
2024-07-21,68154.5234375,68372.90625,65842.296875,67164.9140625,26652190004,1.4753144342986024,4.696634297177238,8.436556699094666,2.1688547325325715,2.8216688915407304,2.0830211972278274,1.7305426735092901,64550.10045572917,60890.2548828125,11.930100421928081,-6.7443083083048805,0.0,27.282664594090832,40.056628960240516
2024-07-22,67585.25,68480.0625,66611.296875,68152.9765625,42649109453,-0.835268752223095,5.406304253012784,8.957476302043133,1.994330625355532,2.80812689708075,2.073686411927756,1.7157911228069302,64544.3619140625,61168.0666015625,10.491067896976114,-7.523243960675119,-0.835268752223095,27.48214613986628,60.0210318424083
2024-07-23,65927.671875,67779.015625,65484.4609375,67584.8046875,35605668666,-2.452573786440093,3.053745960658749,9.561866371203687,2.5330805641573675,2.775641953942861,2.0946000142902106,1.6725682731775167,64501.05475260417,61455.7541015625,7.2766461640795255,-9.791304637845755,-3.2673569561998295,27.48214613986628,-16.514860163169377
2024-07-24,65372.1328125,67113.984375,65146.99609375,65927.859375,27470942309,-0.8426492953570563,-2.0057267329515516,14.732832717184042,1.5232445892182134,2.443695451543613,2.0918389122887517,1.192608278617391,64436.157877604164,61875.4755859375,5.651119758596557,-10.55144757366574,-4.082473891188664,27.48214613986628,-22.846717002587525
2024-07-25,65777.2265625,66112.421875,63473.47265625,65375.875,38315761670,0.619673448871394,-2.064244434681284,16.08625046602794,1.5128402508064103,2.4255948085549046,2.0895070873645003,1.1861705676067753,64390.4767578125,62331.2181640625,5.528543320567292,-9.997158643879944,-3.488098449078092,26.065495623852453,39.477420319313296
2024-07-26,67912.0625,68207.6015625,65743.765625,65771.8125,30488630457,3.2455548053117234,-0.3557517905944163,16.480171859207204,2.140467129244223,2.4428531056998226,2.1257599677782704,1.1861705676067753,64365.7685546875,62811.6443359375,8.12017933614948,-7.076067101329297,-0.3557517905944163,26.065495623852453,-20.42796716508546
2024-07-27,67813.3359375,69398.5078125,66705.21875,67911.8125,34691905492,-0.14537411892032726,0.3374788692799058,21.422412454540595,2.0992777638128124,2.1570548609329396,2.1158554234049283,0.7224680657188761,64357.7205078125,63409.8556640625,6.944472948758285,-7.211154450046864,-0.5006087384836322,27.756268956947984,13.786368793862813
2024-07-28,68255.8671875,68301.8515625,67085.828125,67808.65625,18043166945,0.6525726007755361,3.5314386907432382,20.369896197466254,1.5478047268688757,2.154524874834398,2.1127982218808565,0.7224680657188761,64369.01673177083,63987.394140625,6.670803060825037,-6.605639867411927,0.0,23.228619863051712,-47.99026836631739
2024-07-29,66819.9140625,69987.5390625,66532.59375,68259.0546875,40780682628,-2.1037797689324123,2.2146764801945773,15.188424362988595,1.9210116680509008,2.2332042315885983,2.1253713175637032,0.8621221327584857,64343.2654296875,64427.928515625,3.712653195570148,-8.570451521205191,-2.1037797689324123,23.674362371726264,126.01732141762878
2024-07-30,66201.015625,66987.671875,65323.19140625,66819.0546875,31380492109,-0.9262185475442442,0.6442793116206103,14.648690485282877,2.009969265465885,2.248694127225953,2.1223156452252527,0.8806687737505289,64321.7587890625,64850.8544921875,2.081948099812858,-9.417288957151747,-3.0105127180573232,23.674362371726264,-23.050596295182746
2024-07-31,64619.25,66810.2109375,64532.046875,66201.2734375,31292785994,-2.3893373992326827,-4.848641579689916,12.685232956442704,1.2858722248194145,2.3348514577678805,2.1438890402492263,1.0184888621918615,64270.29733072917,65214.5712890625,-0.9128654490784704,-11.581615549337398,-5.327918811008803,23.674362371726264,-0.27949247798713106
2024-08-01,65357.5,65593.2421875,62248.94140625,64625.83984375,40975554494,1.1424614182306447,-3.621464574111821,12.881008790627991,1.5887620853230342,2.3365354599739567,2.149417617187502,1.0184888621918615,64230.39563802083,65587.473046875,-0.3506356262736987,-10.571469620365747,-4.246326809588597,21.09316310767133,30.942494228083596
2024-08-02,61415.06640625,65523.22265625,61184.89453125,65353.5,43060875727,-6.032105869640059,-10.022289750503365,3.6857020004774643,2.6186450799429934,2.7328233641261153,2.273744596079383,1.690158165242583,64107.233723958336,65696.6287109375,-6.51717202038814,-15.965893250528506,-10.022289750503365,18.17179169779781,5.089183682200926
2024-08-03,60680.09375,62148.37109375,59836.52734375,61414.80859375,31753030589,-1.1967302150066583,-9.188608513858787,-0.17717244448299807,2.646282140869033,2.688718307083953,2.2490127849558106,1.7112109115803549,63942.439192708334,65691.24375,-7.62833783307687,-16.971554796910382,-11.099080195830236,16.964573596382483,-26.260137414970785
2024-08-04,58116.9765625,61062.98828125,57210.8046875,60676.09375,31758917219,-4.223983565450573,-12.211352025613277,-10.410297397583722,2.7576348138512463,2.3470521934625093,2.303582494095726,1.9545701936670108,63726.341796875,65353.5849609375,-11.073009082459507,-20.47866267693802,-14.854240437892763,22.332729708644685,0.018538797370859506
2024-08-05,53991.45703125,58268.828125,49121.23828125,58110.296875,108991085584,-7.098647891315101,-16.44679096205852,-17.06018108752123,3.418399579074785,2.7566810645646047,2.464755559853452,2.5179127737503366,63446.913346354166,64798.300390625,-16.677664837237817,-26.123602411967127,-20.89843810359251,42.47918316264199,243.1826243710705
2024-08-06,56034.31640625,57059.91796875,53973.2734375,53991.34765625,49300484106,3.783671505322772,-14.26490241173546,-12.60859131649622,4.380351400961104,2.9424351429772577,2.5145042713710377,2.495385122362113,63225.10885416667,64394.0765625,-12.982188118088988,-23.32836220726977,-17.905494845852875,42.47918316264199,-54.76649870781968
2024-08-07,55027.4609375,57726.8828125,54620.5078125,56040.6328125,41637562185,-1.7968550940289485,-10.400714095946917,-13.984737834135796,4.031840727567949,2.952035900881776,2.521396995473847,2.5270207613137043,62987.136979166666,63946.7462890625,-13.947989333568433,-24.706040436623866,-19.380614143633025,42.47918316264199,-15.543299543517875
2024-08-08,61710.13671875,62673.765625,54766.7265625,55030.02734375,45298472567,12.144256099404904,1.6974973258837567,-7.495139889212899,7.610571353591796,3.9922195839202606,2.9922910489343297,2.5270207613137043,62854.83938802083,63696.7453125,-3.118854164374618,-15.56214915986509,-9.589989459468395,42.47918316264199,8.792326423276652
2024-08-09,60880.11328125,61751.86328125,59587.859375,61728.20703125,33425553115,-1.3450358103773374,4.754439893786411,-9.355559595749519,7.258761247970802,3.9913382626105216,2.996212122971183,2.544855594070195,62710.969921875,63382.5685546875,-3.948175863649872,-16.697868491177903,-10.806036477404469,42.47918316264199,-26.210418981432582
2024-08-10,60945.8125,61464.51171875,60287.56640625,60881.23046875,15745822278,0.1079157301276501,12.880473784444924,-10.577010261264064,5.7792252892868925,3.968879455525347,2.9710719922356525,2.544855594070195,62604.532942708334,63022.1330078125,-3.2945893906115686,-16.60797238774826,-10.709782160439275,42.47918316264199,-52.89285947243181
2024-08-11,58719.484375,61778.66015625,58348.82421875,60944.890625,22759754812,-3.6529632368097475,4.792006293576367,-13.117900170525376,6.322975737580344,4.0314979413264345,2.9990952578725603,2.6661982898356467,62445.837890625,62578.8447265625,-6.167196547692644,-19.654252498854053,-13.97152099218577,42.47918316264199,44.54472056248113
2024-08-12,59354.515625,60680.33203125,57688.8984375,58719.39453125,37078637820,1.0814659848586317,7.8634460209142665,-9.970253860113276,6.12210865834572,4.024645472575937,2.992318581458344,2.6091871170588496,62322.47317708333,62250.1869140625,-4.651666818382449,-18.78534056934876,-13.041152254425015,42.47918316264199,62.91316899622495
2024-08-13,60609.56640625,61572.3984375,58506.25390625,59356.20703125,30327698167,2.1144992390795814,-1.7834514247083266,-7.28531593104047,2.2489762132621864,4.06354676597053,3.0037238973657696,2.6023747847067655,62232.44772135417,62012.05859375,-2.2616442983902973,-17.068057213666556,-11.202408080532456,42.47918316264199,-18.207086478669353
2024-08-14,58737.26953125,61687.7578125,58472.875,60611.05078125,29961696180,-3.08911115194338,-3.5197762200287475,-10.702727067035578,2.558067376603031,4.1037491815744,3.027940873678801,2.6924867512265744,62108.21888020833,61660.0607421875,-4.740169204760036,-19.6299171068025,-13.9454643951739,42.47918316264199,-1.2068241545553637
2024-08-15,57560.09765625,59838.6484375,56161.59375,58733.26171875,35682112440,-2.0041310813293967,-5.55528707366072,-15.243190182524646,2.5682159109090548,4.019508900009816,3.0352375222156462,2.7295259616072824,61956.903059895834,61142.4625,-5.859045738875823,-21.240638918155263,-15.67011009012389,42.47918316264199,19.09243130173146
2024-08-16,58894.10546875,59847.359375,57110.01953125,57560.2734375,29350938673,2.3175912946963972,0.29738185818324325,-13.152620123231195,2.4766772800590537,4.076300305860422,3.0525711036023164,2.7293323896816903,61830.29986979167,60696.5009765625,-2.9695212719238695,-19.415318821963922,-13.715687902745543,42.47918316264199,-17.743270602731165
2024-08-17,59478.97265625,59694.66796875,58814.83203125,58893.53125,13589684021,0.993082725079053,0.20968418314843973,-12.858813304854399,2.4680793746977665,4.082626571081096,3.0460742852944196,2.7293323896816903,61735.93697916667,60257.65625,-1.2922566893729837,-18.6150462741248,-10.98615810757202,42.47918316264199,-53.69932058254348
2024-08-18,58483.96484375,60262.71875,58445.40234375,59468.1328125,17740625837,-1.6728732324455264,-3.5070397109470353,-12.475246841761834,2.2542782405284165,4.075451992229293,3.05272229898969,2.71438502614289,61627.99811197917,59840.8587890625,-2.267504131408804,-19.976513380243144,-11.656997567777116,36.37211564466967,30.544800082073962
2024-08-19,59493.453125,59612.66015625,57864.7109375,58480.7109375,25911207712,1.726094125025579,1.2873999758325372,-10.132114192923304,1.9863344597713783,4.106870211045832,3.062081802580624,2.706472248196532,61539.07805989583,59505.4806640625,-0.02021248955269561,-18.59523267905888,-8.97226312970968,36.01084434184965,46.055770242103655
2024-08-20,59012.79296875,61396.328125,58610.8828125,59493.453125,31613400008,-0.8079210921579816,2.5237888253343943,-8.67614067209075,1.694216968516028,4.082811589081367,3.060524062133532,2.65935747774666,61454.35462239583,59225.1578125,-0.3585720183681418,-19.252918964266897,-9.707695415598828,33.53336455391742,22.00666352328764
2024-08-21,61175.19140625,61834.3515625,58823.4453125,59014.98828125,32731154072,3.664287570061453,3.873199056755139,-6.399125721990595,2.109365555767435,4.170164605482361,3.0985092042244142,2.65935747774666,61403.06484375,59016.0423828125,3.6585798306026707,-16.294113710687085,-0.8668678128814777,33.390820241721755,3.535697089579548
2024-08-22,60381.9140625,61408.109375,59815.25390625,61168.31640625,27625734377,-1.2967304646127387,1.5180850743142793,-1.6822457488132936,2.2923183726106435,3.953352802168485,3.0955617979938186,2.310182379859329,61356.416796875,58964.384765625,2.404043224582897,-17.379553438874705,-2.1523573384766626,27.589954606097788,-15.598043636864766
2024-08-23,64094.35546875,64947.0625,60372.05078125,60380.953125,42530509233,6.148267182135592,9.593040827497124,5.626658608697355,3.1121447173946746,4.172641010231846,3.1373930566269257,2.294631662780983,61420.032486979166,59135.0978515625,8.3863184426209,-12.29982763722317,0.0,32.21788532312071,53.95250186872524
2024-08-24,64178.9921875,64513.7890625,63619.91796875,64103.87109375,21430585163,0.13205019089592707,7.8757221448473524,10.430714024637533,3.2127442537889523,4.032399661876082,3.1217485372070852,2.0912275365863926,61459.60501302083,59438.1986328125,7.976004764165867,-12.184019392202073,0.0,32.21788532312071,-49.61126600766934
2024-08-25,64333.54296875,64996.421875,63833.51953125,64176.3671875,18827683555,0.24081210374646833,9.016265342359887,19.155041382776638,3.0489088428363407,3.6093126256729535,3.1136239296584134,1.3615037699299897,61518.30944010417,59955.3029296875,7.302506742726456,-11.97254788187484,0.0,20.42334610344616,-12.145732784254172
2024-08-26,62880.66015625,64489.70703125,62849.55859375,64342.2265625,27682040631,-2.2583597070127692,2.7878437497226294,12.218126657178896,3.2748602144719086,3.6115772890024513,3.12500599711118,1.4521370265393396,61539.57376302083,60297.6201171875,4.283817560365399,-13.960524391620543,-2.2583597070127692,18.996370553928553,47.02839332376914
2024-08-27,59504.1328125,63210.796875,58116.75,62879.70703125,39103882198,-5.369739018896724,-1.4537155100638688,8.135341516274197,4.229829387184798,3.8206335484491487,3.1916597261143886,1.8409161819465663,61525.97369791667,60521.4537109375,-1.6809260783728464,-18.58061968501782,-7.506830703534984,18.678668517509145,41.260836653093925
2024-08-28,59027.625,60236.44921875,57890.67578125,59507.92578125,40289564698,-0.800797843742207,-7.90511181787349,-4.346954749064668,2.327608910344731,2.655701548418287,3.1911271358857327,1.849604349118976,61494.977799479166,60387.328125,-2.251636505899801,-19.232624326968473,-8.247514008869917,15.731085133245525,3.032135003876024
2024-08-29,59388.1796875,61184.08203125,58786.2265625,59027.46875,32224990582,0.6108236397788236,-7.464767421095619,-2.4506090960403792,2.425060955247141,2.646871536797376,3.1687951400929366,1.824987720977859,61440.142578125,60312.7314453125,-1.5329296744764798,-18.73927810312861,-7.6870681343513265,15.731085133245525,-20.016533254826484
2024-08-30,59119.4765625,59896.88671875,57768.53125,59388.6015625,32292756405,-0.4524521990973862,-8.10474002462872,-2.99665532804243,2.316951888444073,2.647623246075236,3.168952940551588,1.8277898761464249,61377.9341796875,60221.4146484375,-1.8298110271411483,-19.106944026353425,-8.10474002462872,15.731085133245525,0.21028965959684065
2024-08-31,58969.8984375,59432.59375,58768.78515625,59117.48046875,12403470760,-0.2530098940268344,-6.219339474223529,0.42645821087390345,2.3593814066115266,2.5145683136350243,3.1647879971655475,1.6360958135735693,61326.948893229164,60233.9353515625,-2.098546121359657,-19.311611461547407,-8.337244124508093,15.731085133245525,-61.59054803361559
2024-09-01,57325.48828125,59062.0703125,57217.82421875,58969.80078125,24592449997,-2.7885585694078285,-3.6613331348177125,-3.418488589089552,1.2594448146051849,2.5791868345632056,3.161695275986456,1.7508890472967873,61279.475,60132.483984375,-4.6680188762107,-21.56165443465351,-10.893313758429501,15.731085133245525,98.27071368046664
2024-09-02,59112.48046875,59403.0703125,57136.02734375,57326.96875,27036454524,3.1172733823612075,0.1437555191319273,-2.4700489151587512,2.1286337405027282,2.634520884452971,3.1099829952298506,1.7508890472967873,61315.05462239583,60057.6296875,-1.5737371315983073,-19.116516766780467,-8.115614746316913,15.731085133245525,9.938027839024333
2024-09-03,57431.0234375,59815.05859375,57425.16796875,59106.19140625,26666961053,-2.844504270361159,-3.2955316365959275,-2.223879496228609,2.4381392222390246,2.6204057702351022,3.1322289654020707,1.7300411260128896,61327.8654296875,59992.3173828125,-4.26936990776472,-21.41725090136625,-10.729270008653025,15.731085133245525,-1.3666491317195661
2024-09-04,57971.5390625,58511.5703125,55673.1640625,57430.34765625,35627680312,0.941156177702851,-1.9417247356485312,0.7148031761640361,2.5429505413350424,2.5891513588530937,3.112433222607198,1.670992288473654,61322.33209635417,60012.889453125,-3.401519922181817,-20.677664503615723,-9.88909301845904,16.74641269181951,33.602326268789184
2024-09-05,56160.48828125,58300.58203125,55712.453125,57971.703125,31030280656,-3.1240343288065575,-4.764142775703761,-4.641580283362135,2.8202183762447266,2.625892305685681,3.0904007794445754,1.8111307938734056,61327.521744791666,59876.20859375,-6.205670665807417,-23.15572149493388,-12.704188686561313,16.74641269181951,-12.90401063369685
2024-09-06,53948.75390625,56976.109375,52598.69921875,56160.19140625,49361693566,-3.938239218868078,-5.890458984724356,-9.297771133272747,3.0464346373505777,2.736681369831198,3.126574814887454,2.013872180593407,61281.582682291664,59599.69765625,-9.481497343480916,-26.1820330084766,-16.14210656413624,23.57039782426891,59.075884982224444
2024-09-07,54139.6875,54838.14453125,53740.0703125,53949.0859375,19061486526,0.3539165966313096,-8.412424803217123,-7.428151212655443,2.210161890730618,2.726573949580398,3.1119959366366943,1.9788269042987077,61217.09036458333,59382.4837890625,-8.828859883473172,-25.920778971997784,-15.845319561681315,23.57039782426891,-61.38405077104279
2024-09-08,54841.56640625,55300.859375,53653.7578125,54147.93359375,18268287531,1.2964221602682846,-4.508812269501005,-7.81915736001414,2.4476258229663124,2.7110031851564527,3.1165056657716046,1.9788269042987077,61168.741536458336,59149.889453125,-7.283738121419903,-24.96039953443664,-14.754319635575996,23.57039782426891,-4.161265145391846
2024-09-09,57019.53515625,58041.125,54598.43359375,54851.88671875,34618096173,3.9713831911113884,-1.6421918783691924,-3.3776706917693633,3.2569975696944398,2.8761175779302413,3.1578313690516047,1.9705631409875501,61163.3185546875,59050.2265625,-3.438922294566771,-21.980289454870118,-11.368887014434726,23.57039782426891,89.49831019604615
2024-09-10,57648.7109375,58029.9765625,56419.4140625,57020.09765625,28857630507,1.1034389872275785,2.6499460773863337,-5.764559763011567,2.8614581526984257,2.7525398571758357,3.158559931400447,1.9705631409875501,61159.139322916664,58873.9025390625,-2.0810436351651695,-21.11938955099304,-10.390896758938261,23.57039782426891,-16.640041778186554
2024-09-11,57343.171875,57991.3203125,55567.33984375,57650.2890625,37049062672,-0.5300015516934153,6.2919302541235345,-5.032537034772799,1.6882188181241435,2.7426703191254176,3.1453409381450115,1.9527131586502542,61127.65963541667,58721.9654296875,-2.348003076188654,-21.537458010358012,-10.865826396574441,23.57039782426891,28.385671384256582
2024-09-12,58127.01171875,58534.359375,57330.1015625,57343.171875,33835707949,1.3669279499548104,7.364882220182745,-9.310248470958493,1.6146223287201011,2.3364605624644907,3.1316430744825596,1.9527131586502542,61083.31328125,58423.5982421875,-0.5076485056740965,-20.464931593656566,-9.647426464627983,23.57039782426891,-8.673241618683402
2024-09-13,60571.30078125,60648.0234375,57650.11328125,58130.32421875,32490528356,4.205082955798245,10.447794894397866,-5.62129644496453,2.0218507813695883,2.5579112579301255,3.0558757430708576,1.9527131586502542,61011.665755208334,58243.213671875,3.997181753209489,-17.12041598821895,-5.848025794766986,23.57039782426891,-3.975621243177674
2024-09-14,60005.12109375,60656.72265625,59517.8828125,60569.1171875,16428405496,-0.934732588201681,5.236075547299057,-6.728094980098531,2.0305853348480327,2.55936088552664,3.057391131221839,1.9638673403614013,60926.7986328125,58026.792578125,3.4093363215991213,-17.89511846894306,-4.573010294985247,22.607037795834284,-49.436323977273275
2024-09-15,59182.8359375,60381.91796875,58696.30859375,60000.7265625,18120960867,-1.3703582981947293,2.661160978366417,-5.880701967125345,2.2959517997695675,2.531448808581824,3.0564008531297833,1.9224098406679002,60844.53268229167,57841.9013671875,2.3182754000427463,-19.020249526226852,-2.292281700808052,20.175589537140247,10.302615012833138
2024-09-16,58192.5078125,59205.51171875,57501.33984375,59185.2265625,32032822113,-1.6733367188517922,1.4811457227225544,-2.20425865902959,2.479666095965258,2.260065920656586,3.063211163997874,1.547241909875947,60748.17337239583,57776.3201171875,0.7203430306193859,-20.37531342573905,-3.9272608282607036,16.3224242044365,76.7722051170853
2024-09-17,60308.5390625,61316.08984375,57628.0703125,58192.5078125,38075570118,3.63626062794542,3.753035429217344,2.1700247341816636,2.8927647977170206,2.399785591659969,3.0487355659048796,1.5368453625363416,60641.479752604166,57840.3658203125,4.267215822692316,-17.479952297714263,-0.4338056395700507,16.57339583388877,18.864238635245467
2024-09-18,61649.6796875,61664.06640625,59218.25390625,60309.0,40990702891,2.223798894564699,1.7803462899773415,3.807996830177296,2.3985009795149557,2.4433377759827213,3.0621131878288623,1.5368453625363416,60549.5802734375,57953.4408203125,6.377945493603865,-15.64487238911656,0.0,17.234964594463676,7.65617629352815
2024-09-19,62940.45703125,63872.44140625,61609.8671875,61651.15625,42710252573,2.0937291974474137,4.891809038955075,6.46315003264708,2.3668284916673232,2.472867834445496,3.0685300879100987,1.5335116624030143,60462.67916666667,58144.48984375,8.248360593390803,-13.878704452783463,0.0,21.433499981842164,4.19497486191569
2024-09-20,63192.9765625,64119.53125,62364.60546875,62941.42578125,35177164222,0.40120384115518437,6.775850736917888,7.161413258114879,2.036141582011719,2.4688978414249036,3.0675710199292965,1.5324677218141605,60389.474609375,58355.64375,8.289400136212176,-13.533182506995423,0.0,21.90326415361834,-17.637658166793813
2024-09-21,63394.83984375,63543.359375,62783.10546875,63184.33984375,14408616220,0.3194394254405042,8.939865674825786,10.587527022399845,1.393307830387205,2.3544309155309837,3.0518571353711135,1.3998765565761113,60347.2607421875,58659.111328125,8.073304229132393,-13.256973401999083,0.0,21.90326415361834,-59.03985855975063
2024-09-22,63648.7109375,63993.421875,62440.7265625,63396.8046875,20183348802,0.4004601863112578,5.538472539582595,7.673896329131535,0.9793639886346425,2.2743573430595165,3.050397793282148,1.3998765565761113,60318.53704427083,58885.9228515625,8.088160727213811,-12.909602116072715,0.0,21.90326415361834,40.07832878485815
2024-09-23,63329.80078125,64733.55859375,62628.078125,63643.1015625,31400285425,-0.5010473135318549,2.7252714081670293,10.271064297103138,0.946731036418858,2.155967411307294,3.049973955403967,1.2520569343948071,60277.74661458333,59180.86171875,7.01060941325482,-13.345966215014338,-0.5010473135318549,23.07064538712824,55.57520079070572
2024-09-24,64301.96875,64695.21484375,62737.41796875,63326.83984375,29938335243,1.535087678718594,2.1631741855226982,10.919892398708031,0.7249117266815719,2.166254619062985,3.0268582112960196,1.2520569343948071,60217.578385416666,59497.383203125,8.075288841648831,-12.015750819268368,0.0,23.07064538712824,-4.655849977835036
2024-09-25,63143.14453125,64804.50390625,62945.375,64302.58984375,25078377700,-1.8021597802944433,-0.07885691410771667,12.433396616908077,1.2366555040634215,2.0663856064717465,3.0353199860095024,1.114475677739795,60139.741861979164,59846.516015625,5.508471896282652,-13.601367570997558,-1.8021597802944433,23.205525742638457,-16.23322574068752
2024-09-26,65181.01953125,65790.796875,62669.26953125,63138.546875,36873129847,3.2273891570151925,2.8175474406157086,20.820250351878357,1.9232862855430568,1.8461423334976377,3.0638369187992414,0.683059023088081,60088.494401041666,60408.129296875,7.901072736284709,-10.812947476174518,0.0,22.62104194996826,47.03155956934169
2024-09-27,65790.6640625,66480.6953125,64852.9921875,65180.6640625,32058813449,0.935309904070647,3.3652733785972444,21.520213914238063,1.9262355553226365,1.8405636265484484,3.0540994431830004,0.683059023088081,60071.340234375,60990.678125,7.870032085333545,-9.978772140770486,0.0,23.906876280363054,-13.056435453069337
2024-09-28,65887.6484375,66255.53125,65458.03515625,65792.1796875,15243637984,0.14741358273548943,4.038932105731963,20.141806215788783,1.8471339178348392,1.8485818891599697,3.051609603678425,0.683059023088081,60066.117447916666,61542.9822265625,7.059563988860962,-9.846068623560722,0.0,21.763008453982803,-52.451022530044725
2024-09-29,65635.3046875,66069.34375,65450.015625,65888.8984375,14788214575,-0.3829909793174213,2.0735538326732694,15.110206541741,1.8576830672862312,1.7247634266100258,3.03551888861621,0.6884066629064316,60083.05169270833,61973.770703125,5.908199457339736,-10.191350048232506,-0.3829909793174213,19.63987388893782,-2.9876293931804243
2024-09-30,63329.5,65635.0546875,62873.6171875,65634.65625,37112957475,-3.5130555094979754,0.29513175204280984,9.85414759518013,2.437546261035645,1.9631865018199792,3.066996136659294,1.0445006865362383,60049.251692708334,62257.81015625,1.7213741393414805,-13.346377773368822,-3.882591803115598,19.63987388893782,150.9630712130778
2024-10-01,60837.0078125,64110.98046875,60189.27734375,63335.60546875,50220923500,-3.9357521968434894,-6.664534783269738,6.092854342128251,2.2228876844706384,2.1907645879080504,3.008578070972688,1.360677724401601,60039.6173828125,62432.501953125,-2.5555505397219402,-16.756849613797918,-7.665534807773511,15.961237640621007,35.3191093267891
2024-10-02,60632.78515625,62357.6875,59996.94921875,60836.32421875,40762722398,-0.335688199655404,-7.839834085502018,4.310858864763745,1.9524656612874527,2.1809562392226636,3.004688026759561,1.3627465641314653,60038.82890625,62557.790625,-3.0771634508152013,-17.036287046665798,-7.975490711638744,15.615906504352516,-18.83318832637556
2024-10-03,60759.40234375,61469.0390625,59878.8046875,60632.484375,36106447279,0.20882627636797935,-7.783319355545936,0.31054568760100487,1.9663815564013838,1.9709186444357727,2.9520435699254324,1.3627465641314653,60082.8693359375,62567.195703125,-2.889362930620698,-16.863037014168725,-7.783319355545936,15.615906504352516,-11.422875718498272
2024-10-04,62067.4765625,62465.9921875,60459.94140625,60754.625,29585472513,2.1528753876634443,-5.435836920369286,3.436965764185107,2.585610774339916,2.011551800916819,2.806847883757687,1.346622422017324,60217.46966145833,62670.3134765625,-0.9619178214066992,-15.073201799995894,-5.798009134631288,15.615906504352516,-18.06041651124365
2024-10-05,62089.94921875,62371.0234375,61689.58203125,62067.609375,13305410749,0.03620681473552878,-1.9573039124736513,4.9120885053903995,2.2124985499959378,1.9785038211783441,2.7687832807086767,1.3112962495974148,60318.396875,62815.669140625,-1.155316709673726,-15.042452511510806,-5.763901594321485,15.615906504352516,-55.02721566081617
2024-10-06,62818.953125,62959.5703125,61833.1484375,62084.98828125,14776233667,1.1741093613744757,3.2577955158616057,7.9502421985433225,1.0094856652548032,1.9341105593301766,2.7588694341847195,1.2567796407785103,60448.255078125,63046.99140625,-0.36169573862868676,-14.044957993254293,-4.657466741146354,15.361654402090563,11.054321777405796
2024-10-07,62236.66015625,64443.70703125,62152.55078125,62819.109375,34253562610,-0.9269383518558882,2.6452273235788804,3.197094679663537,1.1745478047615874,1.7966475426732182,2.278607771191096,1.273756570496273,60457.03046875,63143.3974609375,-1.4359970181339055,-14.841708242968654,-5.5412332475536346,12.26385603626099,131.8152472541026
2024-10-08,62131.96875,63174.3046875,61843.5625,62221.64453125,28134475157,-0.1682150134457161,2.2590189391340942,0.7823058691378559,1.2117577837229043,1.731367638692666,2.2715404990175734,1.2743118203249368,60477.8947265625,63167.5119140625,-1.6393603811264978,-14.984957274897893,-5.700127074746919,11.02542153179984,-17.864090584299074
2024-10-09,60582.1015625,62508.8359375,60314.61328125,62131.7265625,27670982363,-2.4944762232405493,-2.393161575538316,-3.7469627326968347,1.3562392755508854,1.7506445187009352,2.2953169644874722,1.3910396100886113,60471.83287760417,63049.594140625,-3.913574086807814,-17.10563730185336,-8.052414983413403,11.02542153179984,-1.6474193721885744
2024-10-10,60274.5,61236.72265625,58895.20703125,60581.9296875,30452813570,-0.5077433013489285,-2.9239019222804696,-4.61835590164601,1.3263827453174488,1.7466624793375092,2.2454814750369065,1.3956652033488228,60497.7498046875,62903.6703125,-4.179677114925894,-17.52652787564909,-8.519272687087243,12.879635990115656,10.053243395939937
2024-10-11,62445.08984375,63400.87109375,60046.125,60275.4609375,30327141594,3.6011743668549645,-0.5951440809688013,-1.4981503263370666,2.2520512934271677,1.9432448802427484,2.2879113841196066,1.3956652033488228,60549.259375,62856.1828125,-0.6540215303501573,-14.556514338051684,-5.224892184482133,12.879635990115656,-0.41267771764709194
2024-10-12,63193.0234375,63448.78515625,62443.26953125,62444.6171875,16744110886,1.1977460447594401,1.5366558533973063,-0.7159414437276856,2.257275478273904,1.961227889230058,2.2773368795492885,1.3956652033488228,60592.3169921875,62833.3984375,0.5723468870742598,-13.533118368031083,-4.089727079205263,12.879635990115656,-44.78836446190927
2024-10-13,62851.375,63272.65234375,62035.63671875,63192.9453125,18177529690,-0.5406426515387475,1.1578681063442176,-0.7554512651990697,2.2836388350111267,1.9617615075974493,2.2404090784805324,1.3964038324037855,60660.885416666664,62809.4771484375,0.06670625750231363,-14.00059520958903,-4.608258921822294,12.879635990115656,8.560734062018804
2024-10-14,66046.125,66482.4921875,62442.15234375,62848.3984375,43706958056,5.0830232433260125,9.019204181721886,2.7124461099801156,2.5091795024495283,2.2491145026611923,2.311286796499978,1.3964038324037855,60802.31920572917,62896.6849609375,5.007322788185875,-9.629225474970415,0.0,12.882686959949318,140.44498235667575
2024-10-15,67041.109375,67881.6796875,64809.1953125,66050.3671875,48863870879,1.5064992457922477,11.226321869115473,6.1732193933117685,2.1947128573788466,2.2188410283063074,2.301373176455964,1.3369946407770052,60938.10260416667,63091.583203125,6.259989005442135,-8.267790438334233,0.0,15.258410843995751,11.798837192907929
2024-10-16,67612.71875,68375.2890625,66758.7265625,67042.4609375,38195189534,0.8526251733136592,8.275476773562884,3.7306860743167025,2.0881182610088986,2.116428348741152,2.300667678151163,1.3369946407770052,61073.6650390625,63213.1681640625,6.959864081671996,-7.485658527574623,0.0,16.096525522390692,-21.83347563973903
2024-10-17,67399.8359375,67912.2109375,66647.390625,67617.078125,32790898511,-0.31485616380424464,6.657083758875193,2.4458969945512443,2.2665102707416946,2.112165893576373,2.288178456158224,1.3388470374395685,61222.262890625,63293.6267578125,6.487555524981303,-7.776945634103461,-0.31485616380424464,16.096525522390692,-14.149140477989498
2024-10-18,68418.7890625,68969.75,67177.8203125,67419.109375,36857165014,1.5118035686984221,8.85806247277805,3.8416010967533554,2.01813816881357,2.134267848835492,2.2860213648567163,1.3388470374395685,61371.01848958333,63420.1837890625,7.8817262499002005,-6.3827142070371545,0.0,17.10587919897184,12.400594944465858
2024-10-19,68362.734375,68668.0078125,68024.640625,68418.9765625,14443497908,-0.08192879217548965,3.5075628963849192,4.155430831753915,0.862260468743079,2.130922725129235,2.2821974427103,1.3362308563635816,61526.850846354166,63556.5552734375,7.562050965293854,-6.459413718554807,-0.08192879217548965,17.10587919897184,-60.812238536214835
2024-10-20,69001.703125,69359.0078125,68105.71875,68364.1796875,18975847518,0.9346740674458287,2.92446495631995,8.956652310534574,0.7594886890538101,1.9441515165789038,2.2402279206444073,1.0809416963266087,61657.292708333334,63840.1654296875,8.085094486475498,-5.585114116045342,0.0,17.76681212054807,31.379861297238886
2024-10-21,67367.8515625,69462.734375,66829.8515625,69002.0,37498611780,-2.3678423698328066,-0.362161427652985,10.734985142806664,1.4875689914190886,1.7830280583927394,2.256770050934915,0.8211343115034841,61773.725,64166.7076171875,4.988792575131362,-7.820709787434921,-2.3678423698328066,17.94293267046814,97.61231610039964
2024-10-22,67361.40625,67801.578125,66581.3671875,67360.703125,31808472566,-0.009567341618454961,-0.057017479294219076,11.097331380061837,1.4809299368716995,1.7762106319608564,2.1177668693981313,0.8176990924907455,61828.17584635417,64503.138671875,4.431206972214019,-7.829528895031023,-2.3771831718827574,17.94293267046814,-15.174266309866047
2024-10-23,66432.1953125,67402.7421875,65188.03515625,67362.375,32263980353,-1.379441121005398,-2.903579231993225,9.336485794668992,1.2945258736897645,1.8266957437588984,2.126411420350497,0.873942043945833,61865.729231770834,64786.7783203125,2.5397419579229474,-9.100966274877365,-3.723832450693587,17.94293267046814,1.432032883864065
2024-10-24,68161.0546875,68798.9609375,66454.1015625,66653.703125,31414428647,2.602442034118191,-0.29501407359410203,9.817666936827951,1.945911760051756,1.8511873635022267,2.1511560679018307,0.873942043945833,61929.52109375,65091.4572265625,4.715822308683637,-6.7353716126075,-1.2183009975523684,17.94293267046814,-2.63312739688365
2024-10-25,66642.4140625,68722.15625,65521.79296875,68165.296875,41469984306,-2.2280180844656217,-3.4191751154692973,7.332047941787079,2.059018797320094,1.9468689257356,2.1505911859780418,1.0059711354763183,61992.2169921875,65319.08046875,2.025952576572343,-8.813324399488254,-3.4191751154692973,17.94293267046814,32.009353956403345
2024-10-26,67014.6953125,67317.921875,66360.59375,66628.734375,19588098156,0.558625096700216,-0.5242207400251719,6.679102370826073,1.8648190707682437,1.9383722775138337,2.0267330855216525,1.0059711354763183,62117.39303385417,65528.867578125,2.267439968504825,-8.303932744737185,-2.8796503890642144,17.94293267046814,-52.765600267743686
2024-10-27,67929.296875,68221.3125,66847.2265625,67023.4765625,16721307878,1.364777618155344,0.8430504299336894,9.14675804334324,1.9777272610467656,1.9271503355724549,2.0275568886199085,0.9843867075516854,62265.754231770836,65813.4994140625,3.2148381103792367,-7.0524853421086835,-1.5541735948999436,17.94293267046814,-14.635368146355132
2024-10-28,69907.7578125,70212.265625,67535.1328125,67922.671875,38799856657,2.912529686772203,5.231744162075036,12.51495682325372,2.059412269689852,1.9965022187809025,2.055987155749209,0.9836678176432432,62441.08053385417,66202.2888671875,5.5971915906809055,-4.345361384580649,0.0,19.215585043694873,132.0384083594828
2024-10-29,72720.4921875,73577.2109375,69729.9140625,69910.046875,58541874402,4.023493905417541,6.689212074114437,20.036265352197024,2.398695578369068,1.9950393372711628,2.109003223568656,0.8102356410646219,62667.76412760417,66809.2083984375,8.848007528855483,-0.4967028296400722,0.0,24.92903013051584,50.8816770111399
2024-10-30,72339.5390625,72905.296875,71411.734375,72715.3671875,40646637831,-0.5238593875544262,8.548797459013112,20.016821479232515,1.818248182524162,1.9956563081412264,2.110643116218205,0.810748459107144,62890.591471354164,67412.4603515625,7.308854602312831,-1.017960192793177,-0.5238593875544262,22.534486509329277,-30.568267165679675
2024-10-31,70215.1875,72662.3125,69590.5,72335.046875,40627912076,-2.9366396164960396,4.775806519115844,12.443088280747649,2.7724775082825452,2.0700409987887687,2.114473841418475,1.0433147539469134,63105.41979166667,67800.965234375,3.5607491092191523,-3.9247059869874867,-3.4451151417408066,18.604748543286263,-0.046069628385647654
2024-11-01,69482.46875,71559.015625,68779.703125,70216.8984375,49989795365,-1.0435331387529279,2.2864536311307138,9.952752646374762,2.892907629361097,2.09694188203707,2.0906251417368305,1.0690901488588722,63278.2529296875,68115.4375,2.006933083267648,-4.92728351816758,-4.452697362321468,18.604748543286263,23.04298402410474
2024-11-02,69289.2734375,69867.3515625,69033.71875,69486.0234375,18184612091,-0.27804900426771084,-0.8847149363005458,10.243051066901888,2.5562651389207067,2.0909215622415926,2.051266124833788,1.0640510255587634,63475.8904296875,68437.332421875,1.2448483678079159,-5.191632259675572,-4.718365685910186,17.832598934851628,-63.62335160961305
2024-11-03,68741.1171875,69361.65625,67482.5234375,69296.3828125,34868307655,-0.791112711687536,-5.472150806872589,4.080469804246656,1.0581014744207682,1.8080872051386099,2.054762584021838,1.0786554366999392,63655.3833984375,68572.08203125,0.2465072537435331,-5.941673308612749,-5.472150806872589,13.528968509363493,91.74622741750515
2024-11-04,67811.5078125,69433.1796875,66803.6484375,68742.1328125,41184819348,-1.3523338185854272,-6.259414019887332,1.1491433311324073,1.0060466687246565,1.8136606594916977,2.0170325951897192,1.1202401032666296,63849.567057291664,68610.601953125,-1.164680264969764,-7.213655869655944,-6.750482879492681,12.86919564478648,18.11533773160978
2024-11-05,69359.5625,70522.7890625,67458.8671875,67811.171875,46046889204,2.282879023690776,-1.2185753972386637,2.5836022900646904,1.4622738985848114,1.8732506449516704,1.9525315083565706,1.1202401032666296,64106.4138671875,68697.944140625,0.9630832008897805,-5.095455882654775,-4.621709213455672,12.86919564478648,11.805490306797006
2024-11-06,75639.078125,76460.15625,69322.03125,69358.5,118592653963,9.053568676993894,8.86066584241798,12.224424693170267,4.295792864221436,2.7285045002721624,2.2469751000843394,1.1180255671372425,64464.737044270834,69109.90625,9.447519508102364,0.0,0.0,17.291702483027315,157.54759119036885
2024-11-07,75904.859375,76943.1171875,74480.421875,75637.0859375,63467654989,0.3513808689745934,9.547777901679622,10.94154166578647,4.228999033981489,2.7207041757610617,2.2452029945331846,1.1180255671372425,64815.79192708333,69484.209765625,9.240444168584915,0.0,0.0,18.032576074848848,-46.48264216365254
2024-11-08,76545.4765625,77252.75,75648.7421875,75902.8359375,55176858003,0.8439738809541852,11.35326234764651,11.969594637063551,4.026385035942818,2.7171782224484584,2.200702710434987,1.1178754637360933,65141.224283854164,69893.346875,9.51754349294065,0.0,0.0,18.50756019081099,-13.063027123716687
2024-11-09,76778.8671875,76932.765625,75773.7890625,76556.1875,29009480361,0.30490452928257916,13.223949244418677,11.270974063366634,3.713191363473663,2.7167556774417303,2.1995005434042287,1.1178754637360933,65460.060221354164,70282.205078125,9.243679964442464,0.0,0.0,18.50756019081099,-47.42455186661274
2024-11-10,80474.1875,81474.421875,76565.4296875,76775.546875,82570594495,4.8129393514959595,16.024646925937567,19.454881866524577,3.8351242056551413,2.7818622184807484,2.2642119456171383,0.9845362756162993,65845.5771484375,70937.521875,13.443753563600215,0.0,0.0,24.983705490912488,184.633138779028
2024-11-11,88701.484375,89604.5,80283.25,80471.4140625,117966845037,10.223522760015435,17.26938848780424,31.67997717535773,4.298863197219877,3.4589253392894292,2.5820310661680033,0.9845339513206903,66355.15169270833,72004.52578125,23.188762668162568,0.0,0.0,37.45543915417282,42.86786447219222
2024-11-12,87955.8125,89956.8828125,85155.109375,88705.5625,133673285375,-0.8406532091926988,15.876392136455353,32.39937666706925,4.530586981384091,3.4378438107623146,2.549180607056767,0.9536766233338213,66811.56022135417,73080.706640625,20.354354169731103,-0.8406532091926988,-0.8406532091926988,37.293072635243796,13.314283630348612
2024-11-13,90584.1640625,93434.3515625,86256.9296875,87929.96875,123559027869,2.9882636380625716,18.340322812592724,32.897245322572964,4.365813875950184,3.445624001657946,2.558018324608441,0.9536766233338213,67321.2109375,74201.862109375,22.07801999493917,0.0,0.0,42.600419385749454,-7.566401527145827
2024-11-14,87250.4296875,91765.21875,86682.8125,90574.8828125,87616705248,-3.6802617869276077,13.638599895499404,30.923272985989,5.3477791199180675,3.5419740079718007,2.606926870780158,1.1569408859894639,67789.00416666667,75232.262890625,15.974751170714319,-3.6802617869276077,-3.6802617869276077,40.797943904020606,-29.08919181454458
2024-11-15,91066.0078125,91868.7421875,87124.8984375,87284.1796875,78243109518,4.373133907381366,13.161761108181436,35.88960956674499,5.307820057730084,3.5957974802196313,2.631107914017135,1.1569408859894639,68336.89583333333,76434.828515625,19.142031951944595,0.0,0.0,39.86414477034901,-10.698411568282484
2024-11-16,90558.4765625,91763.9453125,90094.2265625,91064.3671875,44333192814,-0.5573223886622736,2.0935300018760206,33.31284251203284,3.223859820229448,3.6280813405690373,2.6096222749137588,1.1636333726390358,68841.06145833334,77566.2875,16.74978844707502,-0.5573223886622736,-0.5573223886622736,39.86414477034901,-43.33917313983917
2024-11-17,89845.8515625,91433.0390625,88741.6640625,90558.4609375,46350159305,-0.7869224693816235,2.148850665781743,28.520573930401373,3.218539651936696,3.6469793065554494,2.6090140830401496,1.176862343080184,69310.99765625,78563.1921875,14.361253738357082,-1.3398591629406154,-1.3398591629406154,39.86414477034901,4.549562896275461
2024-11-18,90542.640625,92596.7890625,89393.59375,89843.71875,75535775084,0.7755383808848215,-0.04583962100853656,24.507739017425777,2.9239040070067643,3.592321372655209,2.602297078186601,1.176862343080184,69771.03404947916,79454.299609375,13.955621118226635,-0.5747119041142001,-0.5747119041142001,39.86414477034901,62.967670913380466
2024-11-19,92343.7890625,94002.8671875,90426.984375,90536.8125,74521048295,1.9892819836786257,5.837632425699901,27.653272690494624,2.1153867392205012,3.574193588469586,2.607894374961457,1.1710181645319322,70256.88092447916,80454.512109375,14.777638495852097,0.0,0.0,40.71516958455792,-1.343372445535329
2024-11-20,94339.4921875,94902.0234375,91619.5,92341.890625,71730956426,2.161166598491282,3.594628175355985,34.357673241989126,1.3778083659936964,3.4362754004051195,2.614567414007372,0.9695828638156901,70772.62513020834,81660.72734375,15.526147336869611,0.0,0.0,42.061138361759106,-3.7440319652443765
2024-11-21,98504.7265625,99014.21875,94132.6015625,94334.640625,106024505582,4.415154542830901,8.77471695818095,41.76918053519796,1.9175014734185336,3.436929590433409,2.657851661362626,0.9410859999071596,71353.55872395834,83111.840234375,18.52069005416932,0.0,0.0,48.21678316362539,47.80857647057633
2024-11-22,98997.6640625,99655.5,97222.6640625,98496.4296875,78473580551,0.5004201495724558,10.186126950595686,42.87588706179382,1.5493616795950491,3.4163310015384307,2.6529103145945623,0.9390299765090276,71948.02311197917,84597.259765625,17.022305848642173,0.0,0.0,49.17673260500952,-25.985431273425696
2024-11-23,97777.28125,99014.6796875,97232.890625,99006.7421875,44414644677,-1.232738998497518,7.9903132657282105,42.2398780387875,2.09877766620568,3.435695488945771,2.66361906507124,0.9625313514757313,72505.94498697917,86049.06796875,13.629680783421483,-1.232738998497518,-1.232738998497518,49.17673260500952,-43.401786480056295
2024-11-24,98013.8203125,98647.1796875,95788.078125,97778.09375,51712020623,0.2419161787646784,6.1401327664412975,44.53862400982133,2.155524250504515,3.3759179491678335,2.6436165033836043,0.9137977154322535,73087.12291666666,87559.18359375,11.940080171666034,-0.9938050148121436,-0.9938050148121436,47.72779940554053,16.43011218274797
2024-11-25,93102.296875,98935.03125,92642.9140625,98033.4453125,80909462490,-5.01105193312582,-1.311428844710194,34.23137851395761,3.398411789033168,3.7109805890960903,2.7264170206471476,1.4458763220114665,73552.4775390625,88746.3203125,4.908346111885442,-5.955056862531716,-5.955056862531716,43.75732823033802,56.461614756577184
2024-11-26,91985.3203125,94991.75,90770.8125,93087.28125,91656519855,-1.1997304040733403,-6.618368963100996,21.61084269230047,2.2021244072731823,3.3053503254770726,2.7363018449188954,1.4705529540537823,73989.05514322917,89563.632421875,2.70387413411064,-7.083342638845414,-7.083342638845414,33.80093384440164,13.282818887010016
2024-11-27,95962.53125,97361.1796875,91778.6640625,91978.140625,71133452438,4.323745271515378,-3.0658630597423353,26.424753355917808,3.3603021093288836,3.380686321040649,2.7775031756569475,1.4705529540537823,74490.30319010417,90566.516015625,5.95806869002673,-3.0658630597423353,-3.0658630597423353,31.734510209036635,-22.39127936503301
2024-11-28,95652.46875,96650.203125,94677.3515625,95954.9453125,52260008261,-0.32310787967048116,-2.1731147285300456,24.961621568714108,3.3403931256597983,3.3977706971506896,2.7771306931678366,1.4723267048354327,74990.5892578125,91521.865625,4.5132418322028744,-3.3790648942868873,-3.3790648942868873,31.517113282802576,-26.53244504538862
2024-11-29,97461.5234375,98693.171875,95407.8828125,95653.953125,54968682476,1.8912786163713058,-0.5634887745820882,26.93795442369753,3.4966328821950463,3.394931879529721,2.726447186723339,1.4723267048354327,75559.45631510417,92555.9984375,5.300061673812029,-1.551693809694532,-1.551693809694532,30.157305205157957,5.183072688148416
2024-11-30,96449.0546875,97499.34375,96144.21875,97468.8125,31634227866,-1.0388394458550332,3.5947102540266895,19.850920753316093,2.357183673680705,3.323406278799275,2.6669411602342197,1.490538592417111,76152.9904296875,93354.741796875,3.3145749547009995,-2.5744136481755664,-2.5744136481755664,24.129877651938614,-42.450452801353045
2024-12-01,97279.7890625,97888.125,95770.1875,96461.3359375,36590695296,0.8613193542348574,5.755775739012714,9.670982112580905,2.1015649505500926,2.5097900462156844,2.662737016319179,1.490538592417111,76763.773828125,93783.65703125,3.7278691639045958,-1.735268216950514,-1.735268216950514,17.028209735653334,15.668052499954133
2024-12-02,95865.3046875,98152.6015625,94482.8671875,97276.0078125,72680784305,-1.454037255458307,-0.10131721332642396,8.992574751668636,1.3798380972670676,2.530600193526639,2.677869732138103,1.5139622259460506,77348.87220052084,94179.131640625,1.7903892481289985,-3.1640740260522215,-3.1640740260522215,15.533326262645385,98.63187544551873
2024-12-03,96002.1640625,96297.203125,93629.5625,95854.59375,67067810961,0.1427621551364444,0.3655894270894189,5.9811778980062735,1.3693246529584784,2.4600928024021975,2.6731928035927877,1.5139622259460506,77914.45032552084,94450.031640625,1.643337111607046,-3.0258289711854736,-3.0258289711854736,14.965697496259711,-7.722774867763582
2024-12-04,98768.53125,99207.328125,94660.5234375,95988.53125,77199817112,2.881567529768403,1.3410500538072911,13.201197522755749,1.7227254764657691,2.3328452505084245,2.6852779176204797,1.27077349695984,78525.76002604167,95025.93671875,3.9384979096044326,-0.23145274655707038,-0.23145274655707038,14.382342805815673,15.107107278172194
2024-12-05,96593.5703125,103900.46875,91998.78125,98741.5390625,149218945580,-2.2020788503929523,0.14983622749671355,6.0698416816304945,2.0011572915222366,2.241728378967318,2.7127774981360453,1.3628363231668497,79088.6703125,95302.31484375,1.3549046220619365,-2.4284348249694387,-2.4284348249694387,17.08194774984586,93.28924751663084
2024-12-06,99920.7109375,102039.8828125,96514.875,97074.2265625,94534772658,3.444474217316973,2.714769327165456,10.33833024845392,2.528307149603995,2.336012995344118,2.7255133747452276,1.3571265348145423,79716.73782552083,95770.4265625,4.333576161208308,0.0,0.0,17.08194774984586,-36.64693696195732
2024-12-07,99923.3359375,100563.3828125,99030.8828125,99916.7109375,44177510897,0.002627082989481444,4.233055184279966,11.216415894271691,2.312568903298548,2.319394276032974,2.7245442674405584,1.3456708672096769,80346.5939453125,96274.30078125,3.7902484117139146,0.0,0.0,16.228092407348814,-53.26850675695629
2024-12-08,101236.015625,101399.9921875,98771.515625,99921.9140625,44125751925,1.3136868131795154,5.4518058145987425,11.810319343665586,2.281635540233291,2.325159253492739,2.6899076141176383,1.3456708672096769,81024.1591796875,96808.96953125,4.5729709914130945,0.0,0.0,14.89984927411221,-0.11716135868468092
2024-12-09,97432.71875,101272.5078125,94355.9140625,101237.0625,110676473908,-3.7568614800964073,-1.3524677172922939,5.510852152769807,2.840168493039035,2.4916099376236645,2.750626964165292,1.5863576179060168,81643.46282552084,97063.416015625,0.3804757235368106,-3.7568614800964073,-3.7568614800964073,14.464623471338879,150.82059586455424
2024-12-10,96675.4296875,98270.15625,94321.2578125,97441.234375,104823780634,-0.7772430783165474,0.08474619452947252,2.47609717397812,2.659794187293608,2.46243159943164,2.7341608229187075,1.5958495643474673,82213.96848958333,97180.212890625,-0.5194300239835137,-4.5049046125969605,-4.5049046125969605,14.464623471338879,-5.288109629210869
2024-12-11,101173.03125,101913.359375,95747.2265625,96656.0625,85391409936,4.652269534294651,1.2533140534631615,2.708808785745931,3.069037341780171,2.4845135410140893,2.7793837796106664,1.5958495643474673,82846.96861979166,97313.628125,3.9659431051553895,-0.06221538314319375,-0.06221538314319375,14.464623471338879,-18.538131882353646
2024-12-12,100043.0,102524.9140625,99339.953125,101167.8046875,72073983533,-1.1169293200355757,0.11975587221673134,1.0559198011379944,3.135091534545962,2.4992312500496987,2.7851712200413297,1.6152747095543092,83466.82903645834,97365.894921875,2.7495306033730404,-1.1784498013228673,-1.1784498013228673,14.464623471338879,-15.595744833094194
2024-12-13,101459.2578125,101888.8046875,99233.28125,100046.6484375,56894751583,1.4156490833941326,0.22051656826058696,3.7656769705897375,3.145574735213625,2.496055428013528,2.7296048392403063,1.5915810112604776,84057.04791666666,97549.99375,4.007446758549893,0.0,0.0,14.464623471338879,-21.060625770809505
2024-12-14,101372.96875,102618.8828125,100634.0546875,101451.4375,40422968793,-0.08504799301751742,4.044072720694758,3.4272191684702635,2.3538826744191415,2.4969374891920215,2.729899754507803,1.591694623180194,84629.24557291667,97717.951171875,3.740374756421394,-0.08504799301751742,-0.08504799301751742,14.464623471338879,-28.951322102128174
2024-12-15,104298.6953125,105047.5390625,101227.03125,101373.53125,51145914137,2.886101293644905,7.885422024646749,12.025910007926432,2.302888740374789,2.241112727798406,2.7440678106058427,1.1304687964010942,85240.678515625,98277.77109375,6.126435461185298,0.0,0.0,15.728322981024334,26.526862484817993
2024-12-16,106029.71875,107780.578125,103322.984375,104293.578125,91020417816,1.6596788984881483,4.800377570974468,15.268086679251901,1.5662426951970345,2.211736521888864,2.7427839915936785,1.0981766923012162,85884.50989583334,98979.991015625,7.1223766157567425,0.0,0.0,17.435331213366666,77.96224654855463
2024-12-17,106140.6015625,108268.4453125,105291.734375,106030.6875,68589364868,0.1045771070669721,6.094980720790066,10.606296207406473,1.2198333832382506,2.0465751647437957,2.742559533128068,1.0981766923012162,86513.20677083333,99488.89453125,6.685878924064892,0.0,0.0,17.68465173281848,-24.64397932488612
2024-12-18,100041.5390625,106470.609375,100041.5390625,106147.296875,93865656139,-5.746210601989676,-1.397328130095321,4.588559364809908,3.3106764778529567,2.4785418335084137,2.8670666931094106,1.6887033269758516,87041.18684895833,99708.348046875,0.33416561617123364,-5.746210601989676,-5.746210601989676,17.68465173281848,36.851618789070486
2024-12-19,97490.953125,102748.1484375,95587.6796875,100070.6875,97221662392,-2.5495268879325628,-3.8294386293190263,0.030196211245225868,3.4625249234596147,2.5226626382300874,2.8968736131707993,1.782336470522293,87516.00768229166,99709.81953125,-2.2253238614624027,-8.149236305587293,-8.149236305587293,17.68465173281848,3.5753292429238304
2024-12-20,97755.9296875,98098.9140625,92175.1796875,97484.6953125,105634083408,0.2717960528709318,-6.273103997510754,1.3549899521922093,2.9377557253036852,2.51037736658208,2.8706824940658806,1.7671343821115146,88022.47565104166,99775.16328125,-2.0237838028469124,-7.8995895553340745,-7.8995895553340745,17.68465173281848,8.652825727337321
2024-12-21,97224.7265625,99507.1015625,96426.5234375,97756.1953125,51765334294,-0.5433973434635808,-8.304268172455187,-0.05660219921388432,2.5286086463189634,2.507529330448976,2.873625464143493,1.7713068503466047,88520.19765625,99772.41015625,-2.5534950892337482,-8.40006073900944,-8.40006073900944,17.68465173281848,-50.99561370352208
2024-12-22,95104.9375,97360.265625,94202.1875,97218.3203125,43147981314,-2.1802983021374844,-10.397212659475786,-0.7931620203770584,2.3205353647473297,2.535214776753727,2.8850643690832496,1.8081763673344902,88998.07669270833,99734.391796875,-4.641783253968823,-10.397212659475786,-10.397212659475786,17.68465173281848,-16.64695707567142
2024-12-23,94686.2421875,96416.2109375,92403.1328125,95099.390625,65239002919,-0.4402456102765462,-5.3530732585534535,-1.3707210538955183,1.2139191668044442,2.5367278061022462,2.876713045897043,1.8108541038016677,89440.16315104166,99668.595703125,-4.9989201518054305,-10.791684997427865,-10.791684997427865,17.68465173281848,51.19827378304773
2024-12-24,98676.09375,99404.0625,93448.015625,94684.34375,47114953674,4.213760595334648,1.2156416436717388,-0.09359003199715943,2.3834384592778184,2.6330925276812143,2.8899654200043763,1.8108541038016677,89974.0578125,99663.973828125,-0.9912108058511171,-7.032660172087479,-7.032660172087479,17.68465173281848,-27.78100282664131
2024-12-25,99299.1953125,99478.75,97593.46875,98675.9140625,33700394629,0.6314615210434305,1.5786925968924947,2.8010404742745854,2.389140980432682,2.5825109570295206,2.8899217871321086,1.7426230292544465,90512.1328125,99799.255078125,-0.501065629431352,-6.44560719393652,-6.44560719393652,17.45943504483607,-28.47197757599137
2024-12-26,95795.515625,99884.5703125,95137.8828125,99297.6953125,47054980873,-3.528406928650052,-1.4700076698917153,-4.128468736656899,2.9669745797552984,2.5878572429933837,2.9393994236681276,1.9129082034418767,90976.56979166667,99592.9953125,-3.8129987712332447,-9.746586871762153,-9.746586871762153,17.45943504483607,39.62738831701411
2024-12-27,94164.859375,97294.84375,93310.7421875,95704.9765625,52419934565,-1.7022260795415023,-0.9884640584512216,-5.7628946316422125,2.8965162502931743,2.609560042109687,2.938671072209761,1.9504093098856943,91380.85481770833,99305.071484375,-5.176182880230629,-11.282904007707351,-11.282904007707351,17.45943504483607,11.401457598038034
2024-12-28,95163.9296875,95525.8984375,94014.2890625,94160.1875,24107436185,1.0609799867287384,0.5044951504718842,-5.997950334189673,2.938373312702483,2.6021207674961038,2.9038195224482046,1.9504093098856943,91754.912109375,99001.4671875,-3.8762430588347274,-10.34163337442221,-10.34163337442221,17.45943504483607,-54.010938042841104
2024-12-29,93530.2265625,95174.875,92881.7890625,95174.0546875,29635885267,-1.7167251608511402,-5.214907676156367,-4.005320017306813,1.8905003781627638,2.4963432872289593,2.9149404626577424,1.80159743865053,92108.090234375,98806.342578125,-5.339855598291409,-11.880821113091667,-11.880821113091667,17.45943504483607,22.932546785874642
2024-12-30,92643.2109375,94903.3203125,91317.1328125,93527.1953125,56188003691,-0.948373223930199,-6.702959026055799,-4.170882677257303,1.656555108122871,2.4988100631786763,2.886720668983235,1.8056906101007417,92481.890625,98604.731640625,-6.045876910706848,-12.716519810802252,-12.716519810802252,18.563123893525947,89.59448379821534
2024-12-31,93429.203125,96090.6015625,91914.03125,92643.25,43625106843,0.8484077565384274,-2.4701704297549143,-7.654043799345001,1.358428719540457,2.2430836582564604,2.8798637922238193,1.8056906101007417,92881.00286458334,98217.540234375,-4.875236233720237,-11.975999994700427,-11.975999994700427,18.563123893525947,-22.35868160949146
2025-01-01,94419.7578125,94929.8671875,92788.125,93425.1015625,24519888919,1.060219561302178,0.2706938014794824,-5.6208252326499615,1.3036057384311557,2.257873166005769,2.878644228926878,1.7883349865470486,93299.84427083333,97936.378125,-3.5907191789465664,-11.042752328003601,-11.042752328003601,18.563123893525947,-43.794088557207935
2025-01-02,96886.875,97739.8203125,94201.5703125,94416.2890625,46009564411,2.6129247147606893,1.8105024857189234,-4.5066196137073185,1.719630034701953,2.319784152693496,2.885160595906598,1.7883349865470486,93768.940234375,97707.758984375,-0.8401420653873282,-8.718366418011136,-8.718366418011136,18.563123893525947,87.64181421453362
2025-01-03,98107.4296875,98956.9140625,96034.6171875,96881.7265625,35611391163,1.2597729955682757,4.893822343027643,-3.221311462775922,1.2734001676947972,2.342805844634787,2.8746788666728516,1.7882338678294898,94273.872265625,97544.48203125,0.5771189149065936,-7.568425048231642,-7.568425048231642,18.563123893525947,-22.60002541018188
2025-01-04,98236.2265625,98734.4296875,97562.9765625,98106.9921875,22342608078,0.13128146911018934,6.037156493607743,-5.812602671429035,0.9060513935050369,2.2341588405618884,2.867468117792211,1.7882338678294898,94755.15,97241.35859375,1.0230913914996975,-7.447079518713274,-7.447079518713274,18.563123893525947,-37.25994029344795
2025-01-05,98314.9609375,98813.3046875,97291.765625,98233.90625,20525254825,0.0801480042089242,5.229369029256614,-7.276033458779684,1.0331102220712811,2.1896426499201556,2.6456566784925126,1.7882338678294898,95133.08138020833,96855.620703125,1.5067171360638731,-7.372900200110455,-7.372900200110455,18.563123893525947,-8.134024670062956
2025-01-06,102078.0859375,102482.875,97926.1484375,98314.953125,51823432705,3.8276219245942267,8.110938115524524,-3.8274850200541,1.6255458236666847,2.3806103761517123,2.68080248026252,1.7882338678294898,95569.30182291666,96652.494921875,5.613503324472435,-3.8274850200541,0.0,16.594341166639982,152.48618420015157
2025-01-07,96922.703125,102712.484375,96132.875,102248.8515625,58685738547,-5.050430525956884,0.03697933801662945,-3.1175409402203758,3.23093967444227,2.2984673619227745,2.775427974109591,1.6799333251076798,95908.922265625,96496.553125,0.4416219918736086,-8.684611074181747,-5.050430525956884,12.517930943442046,13.2417045413858
2025-01-08,95043.5234375,97258.3203125,92525.84375,96924.1640625,63875859171,-1.9388436629511285,-3.123011437318668,-2.510417232624629,3.248058976832435,2.2685375670313235,2.792229068614589,1.638635818802054,96213.333203125,96374.181640625,-1.3807206250393556,-10.455073705669149,-6.891354236703751,12.47887577230211,8.843921457754789
2025-01-09,92484.0390625,95349.71875,91220.84375,95043.484375,62777261693,-2.6929603222076492,-5.855464629782303,-5.39291134752935,3.335649247208278,2.338574910577871,2.7588451205930964,1.745774645110392,96413.49739583333,96110.587109375,-3.7733075574160724,-12.86648304132556,-9.398733123654191,12.597603960443514,-1.7198946397871229
2025-01-10,94701.453125,95770.609375,92250.09375,92494.4921875,62058693684,2.3976181025154863,-3.6754404192838486,-2.5953001121355013,3.6921233231882544,2.4105639090451696,2.447695831230144,1.7415410066565045,96513.496875,95984.4234375,-1.3366442872216666,-10.777354065365985,-7.2264607479185505,12.597603960443514,-1.1446310170615925
2025-01-11,94566.59375,94977.6875,93840.046875,94700.8359375,18860894100,-0.1424047578467369,-7.358574681836327,-0.5660523671549678,2.7952961177246096,2.360722455218738,2.444618728073211,1.6722123068868497,96623.6765625,95957.50625,-1.44950880275716,-10.904411358253652,-7.358574681836327,12.597603960443514,-69.60797435402235
2025-01-12,94488.4375,95367.5390625,93712.5078125,94565.7265625,20885130965,-0.08264678561502592,-2.5115535849846826,-0.20890541532770923,1.973402041811261,2.358580332483755,2.4161763240204785,1.6694144823841912,96688.74778645833,95947.616015625,-1.5208074741402289,-10.97804599839084,-7.435139842009741,12.597603960443514,10.732454433324023
2025-01-13,94516.5234375,95837.0,89260.1015625,94488.890625,72978998252,0.029724205673309356,-0.554482810547896,-4.215377964837607,1.8014195565026,2.1422971217378888,2.364741822083323,1.6694144823841912,96809.84934895833,95739.6375,-1.2775419820238998,-10.951584929689007,-7.407625672595164,15.070992052457655,249.43040756747297
2025-01-14,96534.046875,97352.6640625,94322.15625,94519.0078125,53769675818,2.1345722040169157,4.379142448312656,-2.7846634897673916,1.2817261907650312,2.19838002733235,2.3142793124119097,1.6694144823841912,96900.98333333334,95601.380078125,0.9755788003403598,-9.050782213480545,-5.43117458716309,15.070992052457655,-26.321712950442656
2025-01-15,100504.4921875,100697.234375,96501.640625,96534.046875,57805923627,4.11299996325778,6.127719133137632,4.915654487349608,1.882500121603224,2.238130760962603,2.368884130723873,1.4712110458009726,97066.75026041667,95836.82890625,4.870427511553022,-5.310040919337755,-1.5415588326797902,15.070992052457655,7.50655038847905
2025-01-16,99756.90625,100781.5859375,97364.4453125,100505.296875,54103781805,-0.7438333563293043,5.488526438544805,5.9385708342964305,2.0057348875567595,2.2038119472649473,2.3685859180411013,1.4308206257573435,97231.93450520834,96116.43125,3.7875677994442913,-6.014376420074285,-2.273925560204182,15.070992052457655,-6.404433299757539
2025-01-17,104462.0390625,105884.2265625,99948.90625,100025.765625,71888972663,4.716598568833419,10.555367224164325,9.770623602380857,2.4114771583368078,2.411052135935457,2.438372362855378,1.4308206257573435,97463.92447916667,96581.33671875,8.159653419064838,-1.5814518433943436,0.0,18.62436263122531,32.87236171789451
2025-01-18,104408.0703125,104913.203125,102226.6171875,104124.953125,50445655726,-0.051663504258914195,10.465415480014872,11.63029765861956,2.4287363357189546,2.3588521697769202,2.428166025518726,1.378413528329319,97664.99583333333,97125.22890625,7.49840333790075,-1.6322983142127878,-0.051663504258914195,18.62436263122531,-29.82838138127477
2025-01-19,101089.609375,106299.796875,99570.53125,104411.2890625,76789928525,-3.1783567377192568,4.719125166169524,9.117126179055045,3.358025004252976,2.4841752899071583,2.4540423523193664,1.5362782443614065,97777.49778645833,97547.548828125,3.631111790534036,-4.758774788482578,-3.2283781915096066,19.08993493646072,52.22307534684696
2025-01-20,102016.6640625,109114.8828125,99471.359375,101083.75,126279678351,0.9170622908047932,1.504581379485903,9.1914098057871,2.880721350966214,2.4847781069207557,2.391631583925592,1.5362782443614065,97836.030078125,97976.921875,4.123156872241762,-3.8853534267672796,-2.340922139703705,22.2437358936878,64.44823009554949
2025-01-21,106146.265625,107180.921875,100103.953125,102052.578125,88733878242,4.047967653568851,6.404929357961109,12.41954870906008,3.2114373044587636,2.608847920796187,2.4452852333615858,1.5362782443614065,97955.1734375,98563.247265625,7.693555731721169,0.0,0.0,22.2437358936878,-29.73225826933117
2025-01-22,103653.0703125,106294.34375,103360.265625,106136.3828125,53878181052,-2.3488299826845638,-0.7744140907645747,6.98360362278172,2.862399048861503,2.6449608436499883,2.4601488532704567,1.6235765945824863,98053.10325520833,98901.55703125,4.804285618828685,-2.3488299826845638,-2.3488299826845638,22.2437358936878,-39.28116056748877
2025-01-23,103960.171875,106820.328125,101257.8046875,103657.671875,104104515428,0.2962783076025932,-0.4289883302693087,5.965646237132738,2.8687820487482423,2.636687607859766,2.4602018631810236,1.6235765945824863,98152.20911458334,99194.194140625,4.804694242102925,-2.0595107488031283,-2.0595107488031283,22.2437358936878,93.22203050530705
2025-01-24,104819.484375,107098.546875,102772.125,103965.671875,52388229265,0.8265785680243276,3.6896719881107876,6.701456318979826,2.2759037444085366,2.6386084893823276,2.3671948259476676,1.6235765945824863,98347.49557291667,99523.35703125,5.321491860535854,-1.2499556552345692,-1.2499556552345692,22.2437358936878,-49.677274756413084
2025-01-25,104714.6484375,105243.7890625,104120.375,104824.03125,23888996502,-0.10001569662844156,2.6446506556488503,6.509372977392891,2.3022937879591523,2.6399137117119365,2.360221270713086,1.6237306166524874,98559.65104166667,99843.34140625,4.878950326220832,-1.348721200006886,-1.348721200006886,22.2437358936878,-54.40006879950039
2025-01-26,102682.5,105438.6484375,102507.7109375,104713.2109375,22543395879,-1.9406534499448846,-3.263200645453701,0.5921095178744507,1.4080095775548584,2.553533018283047,2.3147931294318287,1.6807164859350359,98671.65052083334,99873.562109375,2.812493948647621,-3.263200645453701,-3.263200645453701,22.2437358936878,-5.6327214200368125
2025-01-27,102087.6875,103214.109375,97795.9375,102680.3046875,89006608428,-0.5792734886665207,-1.5102136461376259,5.328972684902089,1.052907467132445,2.261564172105043,2.315896290278108,1.2514964522329073,98778.90416666666,100131.811328125,1.9533014992265896,-3.823571277899118,-3.823571277899118,22.2437358936878,294.82342813716417
2025-01-28,101332.4765625,103730.8203125,100238.1875,102095.4140625,47180685494,-0.7397669160641884,-2.527598084061944,6.616919172967717,1.0073273339085391,2.214948768574694,2.3069690430744516,1.185601276563256,98843.42005208334,100446.258984375,0.8822803229166176,-4.535052678637275,-4.535052678637275,22.2437358936878,-46.99192978219611
2025-01-29,103703.2109375,104750.8046875,101283.8203125,101317.5234375,47432049818,2.3395602825692086,-1.0649484150355493,12.130927659223634,1.575147074625541,2.1362447178613384,2.3201139920426703,1.0212975189136542,98964.32265625,101007.217578125,2.6691096181218565,-2.3015926873310555,-2.3015926873310555,22.2437358936878,0.5327695461990745
2025-01-30,104735.3046875,106418.765625,103321.6484375,103709.3359375,41915744521,0.9952379879751394,0.019726227713334765,10.595245618096216,1.666722945737066,2.0966304825676736,2.3208767094939002,1.0212975189136542,99088.58125,101508.91015625,3.1784348056576484,-1.3292610241086855,-1.3292610241086855,22.2437358936878,-11.629911248125346
2025-01-31,102405.0234375,106026.3515625,101543.8828125,104737.5625,45732764360,-2.2249243050878498,-0.27022770433131615,8.288793512243853,1.7527401316771338,2.1815378553690294,2.3320120466739303,1.1355831429511662,99197.5765625,101900.831640625,0.4947867340799883,-3.5246102775930765,-3.5246102775930765,22.2437358936878,9.10641068796394
2025-02-01,100655.90625,102755.7265625,100297.7109375,102402.796875,27757944848,-1.7080384621634526,-1.402501403511569,6.527220592466665,1.9053193641179873,2.2310154165111356,2.3441409849869292,1.1979471271336264,99275.13893229167,102209.205078125,-1.5197249865486318,-5.17244704057388,-5.17244704057388,22.2437358936878,-39.30403019267651
2025-02-02,97688.9765625,101430.6640625,96216.078125,100661.5390625,63091816853,-2.947596219670423,-3.595589611147776,3.356506364834533,2.2641534942853965,2.3490236094614323,2.3479475043595035,1.367294223317892,99257.14635416666,102367.827734375,-4.570626607429551,-7.96758040681188,-7.96758040681188,15.6831938015624,127.29282444534383
2025-02-03,101405.421875,102514.171875,91242.890625,97681.1015625,115400897748,3.804365081173988,-2.2157356958646512,5.046276580850129,2.790771570867015,2.4492662540898182,2.3799147738650905,1.367294223317892,99337.34388020834,102611.396484375,-1.1752833025312492,-4.466331172449101,-4.466331172449101,19.587270926073863,82.90945403724368
2025-02-04,97871.8203125,101745.6171875,96208.109375,101398.71875,73002130211,-3.4846278405663456,-6.553171727030027,-2.6194569194862627,2.9395133732703296,2.4115158996818287,2.383427626003607,1.5737296630873363,99303.195703125,102479.762890625,-4.496441490641412,-7.795323993528392,-7.795323993528392,19.587270926073863,-36.74041395205248
2025-02-05,96615.4453125,99113.2109375,96174.828125,97878.0078125,49125911241,-1.2836943218062724,-5.653607538631644,-3.149116242265182,2.8962671024855626,2.422039128685221,2.3891217644829075,1.5910230057964148,99248.06419270833,102322.68984375,-5.577692044614102,-8.978950183863333,-8.978950183863333,19.587270926073863,-32.706194875396
2025-02-06,96593.296875,99168.609375,95707.3515625,96610.640625,45302471947,-0.022924323774897726,-4.036136106022092,-7.532633153745072,2.9093178810940845,2.1378449001039823,2.3826219035355365,1.5910312634277446,99170.685546875,101929.252734375,-5.2349602456915445,-8.999816144026497,-8.999816144026497,19.587270926073863,-7.782938163209064
2025-02-07,96529.0859375,100154.140625,95653.8828125,96581.3203125,55741290456,-0.06647556256734743,-1.1873301019362348,-7.546336553695221,2.6479580960982827,2.1377316830384396,2.3324207000178174,1.5910587592360637,99155.625,101535.303515625,-4.930519144363032,-9.060309028182079,-9.060309028182079,19.587270926073863,23.042492076839704
2025-02-08,96482.453125,96877.8046875,95702.4921875,96533.2578125,22447526395,-0.04830959709924976,-4.854739183540325,-4.557497331807259,1.4986620148780352,2.033330291382031,2.3301415575844975,1.423547360852503,99152.40872395833,101304.945703125,-4.760372304287452,-9.10424162649387,-9.10424162649387,19.587270926073863,-59.72908734016627
2025-02-09,96500.09375,97325.28125,94745.2578125,96481.3125,27732901800,0.018283765004545316,-1.4015541532998443,-5.407518823709334,0.5616347969644782,2.0168963187024804,2.2495172345342556,1.423547360852503,99074.52643229166,101029.1171875,-4.482889253693645,-9.08762245963375,-9.08762245963375,17.46769654142575,23.54546916214908
2025-02-10,97437.5546875,98333.21875,95320.84375,96499.4609375,40078962391,0.9714611676219231,0.8509088503819484,-8.204444015267253,0.4489311075036657,1.773851105428195,2.2489465510846243,1.423547360852503,99031.10234375,100593.681640625,-3.1375001905193156,-8.204444015267253,-7.042516695741952,17.377415534943207,44.517738100525776
2025-02-11,95747.4296875,98492.8984375,94875.0390625,97438.1328125,37488783272,-1.7345724709743937,-0.8756996757183111,-7.627020213839842,0.9761888614396745,1.7436144519364916,2.2516548465341266,1.378794421610901,98935.90520833334,100198.399609375,-4.44215670033371,-9.796704458956329,-8.654931610848237,17.377415534943207,-6.462690061012266
2025-02-12,97885.859375,98151.0234375,94101.203125,95745.6953125,49340445530,2.233406885677658,1.4055591890494767,-5.84292271784973,1.460169296417461,1.8346689666051499,2.271228210867916,1.378794421610901,98877.78671875,99894.683984375,-2.0109424538439002,-7.782097845234492,-6.6148245637179475,17.377415534943207,31.613888805113312
2025-02-13,96623.8671875,98111.0859375,95269.7109375,97888.75,37147280860,-1.2892487184132717,0.14656972114586164,-7.818791741218201,1.6275084322608264,1.8282140201549715,2.2440777453280973,1.4086100134394375,98749.87291666666,99484.903125,-2.875849347619297,-8.971015966912399,-7.744702251263025,16.632391735999974,-24.71231165228597
2025-02-14,97508.96875,98819.46875,96342.8046875,96623.3671875,32697987277,0.9160278803397981,1.0454653055712804,-6.881252809439342,1.673405174400936,1.8506863223527008,2.236219910047232,1.4084324666036525,98607.86041666666,99124.619140625,-1.6299183841835818,-8.13716509397926,-6.899618002794094,16.632391735999974,-11.977440824722585
2025-02-15,97580.3515625,97975.0390625,97240.1953125,97508.3828125,17047266288,0.07320640697474623,0.14655219484722704,-4.968858800185039,1.6198434037269622,1.8133999038054154,2.2361713885295678,1.3399161251153369,98465.18958333334,98869.51171875,-1.303900599729091,-8.069915613199418,-6.831462558254186,16.632391735999974,-47.86447819070757
2025-02-16,96175.03125,97725.59375,96060.9765625,97580.4921875,16536755396,-1.4401672980240199,0.44659325466553934,-5.791742760359808,1.542738025864321,1.832026566742929,2.1183922014881924,1.371969907077191,98400.74778645833,98573.87890625,-2.433553069907557,-9.393862625584005,-8.173245366537474,16.632391735999974,-2.994678931949113
2025-02-17,95773.3828125,97032.234375,95243.546875,96179.0078125,27336550690,-0.41762236235300954,-2.1581018708811794,-5.485994163550567,0.9777391137094957,1.8292034610478993,2.093380658455454,1.3651589992733832,98372.12161458333,98295.92421875,-2.5662726367334243,-9.772254116923861,-8.556734428509849,16.632391735999974,65.3078251167234
2025-02-18,95539.546875,96695.375,93388.8359375,95773.8125,37325720482,-0.24415545387781457,-1.1222075291147937,-7.872142037549912,0.8521947178018664,1.7237098792027896,2.0932709687137945,1.366250228757536,98335.18190104167,97887.741015625,-2.3988643687774647,-9.992550079408414,-8.779998148606616,16.632391735999974,36.541441915179675
2025-02-19,96635.609375,96855.59375,95011.96875,95532.53125,28990872862,1.1472343504350446,-0.8956708148961989,-7.733490952899935,0.9319600334921259,1.7304838809016747,2.0974360307628785,1.366250228757536,98325.36328125,97482.75625,-0.8690222841334583,-8.959953695968759,-5.633917037303549,16.202315420122627,-22.330038140909846
2025-02-20,98333.9375,98767.1953125,96442.671875,96632.6796875,31668022771,1.7574558032842136,0.7722722099615886,-3.9754748359436376,1.2829672448207912,1.737027193725933,2.0892844133469275,1.2724485370385266,98379.17994791667,97279.201953125,1.0842354025305756,-7.359965118885925,-3.0289153362885735,12.617789570934047,9.234457761046212
2025-02-21,96125.546875,99497.96875,94852.9609375,98340.671875,49608706470,-2.245807176184722,-0.05145241374694409,-4.500838096621873,1.555833062630429,1.7657155618028566,2.109764470951755,1.3135592882051963,98403.168359375,97052.683984375,-0.9552926012064478,-9.44048167026601,-5.20669891449036,12.353051479182021,56.65236452788327
2025-02-22,96577.7578125,96950.15625,95765.34375,96134.203125,18353824477,0.47043783073406065,0.8398732261287734,-1.1375067987216103,1.5469863869181144,1.6488777319368093,2.038606023464787,1.1362314156541233,98368.19609375,96997.123046875,-0.4323481163171605,-9.0144554367124,-4.76075536518249,12.353051479182021,-63.00281587043768
2025-02-23,96273.921875,96671.875,95270.453125,96577.8046875,16999478976,-0.31460239332733453,0.7686607525581257,-5.060380308190493,1.5520937976861067,1.3778285055830681,2.037176136894691,1.1384070287967032,98317.77486979167,96740.548046875,-0.482348075647554,-9.300698137490414,-2.094918272747903,8.9483728607483,-7.379091495057022
2025-02-24,91418.171875,96503.453125,91371.7421875,96277.9609375,44046480529,-5.043681513571874,-5.399083768130897,-6.5939801843817865,2.6509720198283935,1.5971045752799087,2.0899737271361407,1.4002768170503173,98244.819140625,96417.865625,-5.185443296831959,-13.875282058468553,-7.032938780672748,9.611722647772236,159.1048854566965
2025-02-25,88736.171875,92511.078125,86008.234375,91437.1171875,92139104128,-2.9337712021491935,-9.76037965020977,-8.155293816650854,2.187410908961411,1.6890366827568,2.1123389757028446,1.5194513095537745,98154.341015625,96023.901953125,-7.589495875394203,-16.401984231369415,-9.76037965020977,16.44715340664147,109.18607575771246
2025-02-26,84347.0234375,89286.25,82131.8984375,88638.890625,64597492134,-4.94629004695274,-12.253270665722804,-12.678181440838209,2.560659916439602,1.965670779510122,2.1981139879888274,1.8793603346093162,97974.05924479167,95411.58828125,-11.596667703648722,-20.53698456478318,-14.223893009979383,21.943048353149173,-29.89133902988582
2025-02-27,84704.2265625,87000.78125,83144.9609375,84076.859375,52659591954,0.4234922709094535,-12.29427097805662,-12.250048014187431,2.5468486106161357,1.9764398345454381,2.1900562687723313,1.87930155038565,97826.95924479167,94820.3453125,-10.668721693282423,-20.20046483618344,-13.860637826589628,21.144123833585905,-18.48043907840293
2025-02-28,84373.0078125,85036.3203125,78248.9140625,84705.625,83610570576,-0.3910297790814532,-12.361513721183904,-12.550930164276952,2.5301556519727915,1.97259147968284,2.1877563177608965,1.8813034951409988,97689.12252604167,94214.873046875,-10.446190623722806,-20.512504782242548,-14.197468384198487,27.155718315180287,58.77557625026179
2025-03-01,86031.9140625,86522.3046875,83794.234375,84373.8671875,29190628396,1.9661575342751147,-5.891889656101268,-10.847844059736989,2.7546575996147546,2.0537159267791694,2.200966269026771,1.8813034951409988,97565.834375,93691.4640625,-8.175291182225997,-18.94965540621204,-12.510455444235614,27.155718315180287,-65.08739481754114
2025-03-02,94248.3515625,95043.4375,85040.2109375,86036.2578125,58398341092,9.550452979612857,6.211874561441344,-3.273073852508257,5.271518145314228,3.0452523418080677,2.526549639941426,1.8813034951409988,97562.97760416666,93532.00390625,0.7658850728441857,-11.208980355968123,-4.154807629359903,27.155718315180287,100.05852666057145
2025-03-03,86065.671875,94429.75,85081.3046875,94248.421875,70072228536,-8.682040111941614,2.0375922794400703,-10.111767850165043,6.502749851785743,3.586833919742865,2.7422639788213328,2.675398434484999,97382.62421875,93047.916015625,-7.503923182387573,-18.917852297264936,-12.476125676346484,27.155718315180287,19.990101132511807
2025-03-04,87222.1953125,88911.2734375,81529.2421875,86064.0703125,68095241474,1.3437685575495406,2.9726601046785817,-10.893978078741263,6.510465116439901,3.55692808412319,2.7430225160188,2.675398434484999,97201.20364583333,92514.7328125,-5.720750997277824,-17.828295890649713,-11.300007372836053,27.155718315180287,-2.8213560540383154
2025-03-05,90623.5625,90998.2421875,86379.7734375,87222.953125,50498988027,3.899657851208138,7.408239731586264,-6.209961226097816,6.603351173244262,3.684438188124144,2.792473897867377,2.65982117262576,97074.32591145833,92214.717578125,-1.7254892927226706,-14.623880579877913,-7.841011146329824,27.155718315180287,-25.84065063300872
2025-03-06,89961.7265625,92804.9375,87852.140625,90622.359375,47749810486,-0.7303133084179958,4.567854316416908,-7.740049232650714,6.677260124734636,3.6752647492599597,2.7935672010498362,2.6648295530429134,96935.10533854166,91837.35546875,-2.0423376704136853,-15.24739374221391,-8.514060506831633,27.155718315180287,-5.44402501596688
2025-03-07,86742.671875,91191.046875,84717.6796875,89963.28125,65945677657,-3.57824911826653,-7.963725161307112,-11.106415906442491,4.840566663147466,3.7438242898501572,2.7802378943733617,2.7823568937844145,96679.51510416667,91295.471484375,-4.986884382490098,-18.280053128341034,-11.78765533008378,27.155718315180287,38.10667934762786
2025-03-08,86154.59375,86847.265625,85247.484375,86742.65625,18206118081,-0.6779571257010009,0.10331863222905469,-10.418959442760778,2.7747385107111677,3.7378439595558883,2.708195627500341,2.7678126897044897,96500.04661458333,90794.449609375,-5.1102857931702435,-18.83407933127652,-12.385697206521396,27.155718315180287,-72.39224960930028
2025-03-09,80601.0390625,86471.1328125,80052.484375,86154.3046875,30899345977,-6.44603432710168,-7.5911368961509185,-15.841921110485991,3.8472924093837286,3.968311375873186,2.8186292818083856,3.1192362191281693,96259.33854166667,90035.832421875,-10.478931671522751,-24.066062439490555,-18.033345240039843,27.155718315180287,69.71957360447266
2025-03-10,78532.0,83955.9296875,77420.59375,80597.1484375,54061099422,-2.567012890361897,-13.342625434748278,-17.801577913334643,2.3843337602924506,3.985641502456713,2.8168142112870016,3.1711404502800393,96026.80455729166,89185.455078125,-11.94528308320314,-26.01529640482818,-20.13743983352645,28.516153042290515,74.95871745065577
2025-03-11,82862.2109375,83577.7578125,76624.25,78523.875,54702837196,5.513944554449135,-7.891706724934499,-14.252922423297964,4.465955318941235,4.216600764368757,2.8938221255940206,3.1711404502800393,95829.48385416667,88496.78515625,-6.366981816120876,-21.93582086981687,-15.733862546183508,29.85180115955457,1.1870601613012122
2025-03-12,83722.359375,84358.578125,80635.25,82857.375,40353484454,1.0380466895202334,-3.4819223742063254,-14.859140695957585,4.419020944211674,4.197725410247122,2.8980997963686645,3.1711404502800393,95648.74661458333,87766.20625,-4.607521559586614,-21.12547824265485,-13.310930724295744,29.85180115955457,-26.23145978806609
2025-03-13,81066.703125,84301.6953125,79931.8515625,83724.921875,31412940153,-3.17197970748182,-5.905536087563523,-15.665808143159133,4.564462626439925,4.220519142856715,2.924002498491035,3.210455111819191,95425.05104166667,87013.2640625,-6.834085586340843,-23.627362067171166,-16.06069041032594,26.526727830941255,-22.155569517649866
2025-03-14,83969.1015625,85263.2890625,80797.5625,81066.9921875,29588112414,3.580259620308812,4.178683723156862,-13.055445203520833,3.777904552553535,4.324393040755658,2.9646430316261454,3.210455111819191,95249.26067708334,86382.83125,-2.794223866678369,-20.893023350297447,-12.781052306642614,26.163551356130732,-5.809159314957424
2025-03-15,84343.109375,84672.671875,83639.59375,83968.40625,13650491277,0.44541123525254633,7.399670675648151,-12.392569314347357,3.301151485571446,4.330445376925662,2.950530506237664,3.209684297826129,95046.07838541667,85786.290625,-1.6822982314372514,-20.540671988431058,-10.50972459813414,25.943749041589314,-53.86494722609918
2025-03-16,82579.6875,85051.6015625,82017.90625,84333.3203125,21330270174,-2.0907717157540473,-0.34095570743712944,-9.668191994787689,2.6701615017668,4.218801521004384,2.905831377724242,3.041168106100702,94747.331640625,85344.36640625,-3.2394392537754446,-22.201985144025173,-12.38076196458675,24.038326639412453,56.26009160519973
2025-03-17,84075.6875,84725.328125,82492.15625,82576.3359375,25092785558,1.8115835083536647,0.4220236118972931,-5.252068324025839,2.768810928510017,4.203558556966971,2.9177007163405184,2.969571143487917,94485.97799479167,85111.3421875,-1.216823352660168,-20.792609137067796,-10.793466298192056,24.038326639412453,17.639323615254643
2025-03-18,82718.5,84075.71875,81179.9921875,84075.71875,24095774594,-1.6142449028442418,2.0375774656248513,-1.9307420358546712,2.364651683561836,4.068808727533184,2.8489760787448475,2.7794518965301194,94123.58567708333,85029.916015625,-2.718356225590368,-22.071210406748587,-12.233478221477512,24.038326639412453,-3.9732972718213633
2025-03-19,86854.2265625,87021.1875,82569.7265625,82718.8046875,34931960257,4.9997601050550955,3.435936488914959,2.5382440608363144,2.8693192209610663,4.220828611609725,2.9313373537554135,2.7794518965301194,93831.02161458334,85137.416015625,2.0165170934479892,-18.17495787431288,-7.845362680000456,24.038326639412453,44.97131071975697
2025-03-20,84167.1953125,87443.265625,83647.1953125,86872.953125,29028988961,-3.093725379117185,-0.20856957231427664,-0.24393168542405919,3.347672842843431,4.2838771547269365,2.92993130629565,2.862911885962986,93548.98138020834,85127.125390625,-1.127643008876611,-20.70639996902859,-10.696374082802674,24.038326639412453,-16.898482800767255
2025-03-21,84043.2421875,84782.2734375,83171.0703125,84164.5390625,19030452299,-0.14727011460912154,1.7722938071181193,-2.3115513547162014,3.1509038295092484,4.2607719214148725,2.925886739717055,2.86310127154472,93249.42434895833,85027.691796875,-1.1577988165629383,-20.823175744671897,-10.82789163504103,24.038326639412453,-34.443282456143685
2025-03-22,83832.484375,84513.875,83674.78125,84046.2578125,9863214091,-0.25077306278807887,-0.28926688824281177,-11.051511262340552,3.051919154256471,3.6155617488599026,2.870203056552278,2.8636503361220615,92877.52799479167,84506.8984375,-0.7980579987783898,-21.021729891875317,-7.493722314216022,23.237421573457496,-48.17141528728518
2025-03-23,86054.375,86094.78125,83794.9140625,83831.8984375,12594615537,2.6503933905394295,4.032804028119474,-0.013125877895203697,3.091094689162444,3.1238056363888926,2.883786054534011,2.1051371029706925,92584.21640625,84506.33359375,1.8318643590573336,-18.928495040967206,-5.041942044597947,21.11692773501861,27.69281312155998
2025-03-24,87498.9140625,88758.7265625,85541.1953125,86070.9296875,34582604933,1.6786352378946434,0.7422638200986986,0.3172572634850157,2.199881408052582,3.1320158601250756,2.8938810651213545,2.1051371029706925,92309.862109375,84520.16953125,3.524300232441746,-17.567600190833378,-3.447942622538147,21.11692773501861,174.5824581258911
2025-03-25,87471.703125,88542.3984375,86346.078125,87512.8203125,30005840049,-0.031098600241552532,3.9261232362928,-3.477968960886968,1.3120709427589845,2.999062399678798,2.8906110400151683,2.105148588211932,92020.732421875,84362.5765625,3.685433386682546,-17.59323551331955,-2.767869773786613,21.11692773501861,-13.234297684824437
2025-03-26,86900.8828125,88292.15625,85861.453125,87460.234375,26704046038,-0.652577110204744,3.400202741613212,-3.4023843994073544,1.4166402193722054,2.998299269051197,2.8909728676439697,2.1038715612570615,91723.836328125,84209.534375,3.1960139163279777,-18.131003195619954,-0.6834727680995356,19.010687706568085,-11.003837938241755
2025-03-27,87177.1015625,87786.7265625,85837.9375,86896.2578125,24413471941,0.3178549412391707,3.9896434090380017,0.5008258082320083,1.3443263973826851,2.886983202474363,2.8835349772851897,1.9457857561014946,91465.41302083334,84231.255859375,3.497330857850578,-17.870778543934296,-0.36779027882578585,15.836339752101969,-8.577629373992623
2025-03-28,84353.1484375,87489.859375,83557.640625,87185.234375,34198619509,-3.2393289916566204,-1.9769204790575756,-2.0909451650684585,1.8094635052977106,2.9770650191337467,2.909305407947894,2.070691558692985,91169.83736979167,84141.18359375,0.2519156906247044,-20.53121422518249,-3.595205333351903,15.836339752101969,40.08093396812937
2025-03-29,82597.5859375,84567.3359375,81634.140625,84352.0703125,16969396135,-2.0812056603918605,-5.601587376843343,2.477073370545302,1.490435967513884,2.623544644643999,2.918071566213406,1.5578082211800264,90857.58919270833,84241.0109375,-1.950860966304513,-22.18512309297268,-5.601587376843343,15.836339752101969,-50.37987971843663
2025-03-30,82334.5234375,83505.0,81573.25,82596.984375,14763760943,-0.3184869109843613,-5.872961773887953,4.842005090281676,1.4418624278011147,2.547854695204675,2.89745031191819,1.4499518580405657,90501.44440104166,84431.137109375,-2.4832233032216267,-22.43295329072016,-5.902233965225101,15.836339752101969,-12.997723516223402
2025-03-31,82548.9140625,83870.125,81293.890625,82336.0625,29004228247,0.26038970780313253,-5.007968399342888,-0.3780937914344418,1.578974762184855,2.2293692503890665,2.8932496350130252,1.4499518580405657,90131.67122395833,84415.472265625,-2.2111565013243184,-22.23097668444235,-5.657213067197886,11.043000790614887,96.45555329011128
2025-04-01,85169.171875,85487.3671875,82429.359375,82551.921875,28175650319,3.17418810684309,-2.303276492922224,1.7281076534400919,2.454458276234116,2.33037178458276,2.9179556088512766,1.4499518580405657,89844.40703125,84487.812890625,0.8064583057168839,-19.762441595551895,-2.662595544712565,11.043000790614887,-2.85674875036781
2025-04-02,82485.7109375,88466.953125,82343.5390625,85180.609375,47584398470,-3.1507420800550134,-2.213832600905996,1.750420034119271,2.4293995901840173,2.328801234688012,2.935938560848067,1.447634764073085,89541.57044270834,84558.76328125,-2.4516114750340434,-22.290520112209556,-5.729446106518643,9.85322306288634,68.88482761269891
2025-04-03,83102.828125,83909.296875,81282.1015625,82487.4765625,36852112080,0.7481504135517403,0.6116912277343234,-1.0316573851337663,2.2710017235828115,2.188728853817116,2.917926362089374,1.447634764073085,89298.46796875,84515.449609375,-1.6714358036359678,-21.70913631706014,-5.024160567707048,9.335717053896154,-22.554212588746424
2025-04-04,83843.8046875,84696.1484375,81670.75,83100.25,45157640207,0.8916382019940938,1.8331086244103734,-0.5919922696708158,2.274045414511793,2.1960834853480242,2.873608080562404,1.447634764073085,89005.77434895834,84490.484375,-0.7653875963473,-21.01106506779192,-4.177319700664139,9.335717053896154,22.537454865463435
2025-04-05,83504.796875,84207.015625,82377.734375,83844.703125,14380803631,-0.4043325726492686,1.1579592819068063,1.1202626251158865,2.302385255680541,2.1436078299862036,2.8426585234670276,1.3730456413565932,88766.32395833333,84536.73984375,-1.2207035315737746,-21.330443060511584,-4.5647620090999315,9.335717053896154,-68.1542180568355
2025-04-06,78214.484375,83704.71875,77097.7421875,83504.5078125,36294853736,-6.3353396427263675,-8.165733383209561,-6.9713412988743,3.080883468084805,2.5350585371314245,2.94744079299691,1.9728357135563395,88459.64127604167,84243.6796875,-7.156851807595732,-26.31442668805618,-10.61090847466768,15.124936274580847,152.38404380796177
2025-04-07,79235.3359375,81119.0625,74436.6796875,78221.3359375,91262424987,1.305195029613082,-3.9405309878008277,-4.21086463427166,3.1811304098896436,2.54125730328615,2.954601600059359,1.9395338157313526,88170.34192708334,84069.521484375,-5.750223697625623,-25.352686247646783,-9.444206495062746,19.240577273364167,151.447286854552
2025-04-08,76271.953125,80823.890625,76198.0234375,79218.4765625,48314590749,-3.739976334343409,-8.21978644303809,-12.18394758243001,3.2811957816185964,2.3469733273188957,2.9878380903061528,2.112146437025108,87832.723046875,83540.4078125,-8.700525742959597,-28.14447811620787,-12.830971741524289,19.240577273364167,-47.0597118629247
2025-04-09,82573.953125,83541.0,74589.671875,76273.5625,84213627038,8.26253916648998,-1.5145442972595902,-1.8929491253504849,5.569878952564766,3.0000898956928848,3.1879008411891285,1.995646696028175,87600.91471354167,83460.745703125,-1.0625265454485278,-22.207387477273766,-5.628596640619021,19.240577273364167,74.30268110000088
2025-04-10,79626.140625,82700.9296875,78456.1328125,82565.9765625,44718000633,-3.56990599146636,-4.644830471004003,-5.255748645019509,5.777458056842474,3.101642455751678,3.217082586586264,2.1491237168740875,87319.68216145833,83239.890625,-4.341368030239412,-24.984510612640786,-8.997567023376451,19.240577273364167,-46.89932947215093
2025-04-11,83404.8359375,84247.4765625,78936.3203125,79625.046875,41656778779,4.745546227457886,6.636049069395922,-0.5101225863557102,5.2300915700943245,3.294600325180617,3.278066774397183,2.148392048481768,87085.803515625,83218.508203125,0.22390179588438475,-21.42461588600989,-4.6790044983593955,19.240577273364167,-6.845614317874816
2025-04-12,85287.109375,85856.1875,82769.375,83404.515625,24258059104,2.256791727173346,7.637720425989714,-0.8916055982046256,5.243046221072936,3.2792356825745568,3.28701126135998,2.148392048481768,86911.46484375,83180.144921875,2.5330136838591866,-19.651333117730672,-2.5278081576190936,19.240577273364167,-41.766838879464764
2025-04-13,83684.9765625,86015.1875,83027.0078125,85279.46875,28796984817,-1.878516957885823,9.719199697628046,-4.358839810601223,4.818800982149053,3.2802008997686682,3.279553299576302,2.1890705086937965,86674.78346354167,82989.448046875,0.8380927117772163,-21.1606964505493,-4.329087495974148,18.9499569422207,18.711001129729965
2025-04-14,84542.390625,85785.0,83690.640625,83694.5234375,34090769777,1.0245734631468162,2.3838479635584164,-3.3488687145074914,3.3017572166489515,3.291062626047477,3.280229436323307,2.189059463762021,86473.42552083333,82842.982421875,2.051360481532183,-20.352929867851866,-3.0222511304887734,18.848601920990937,18.383122377711114
2025-04-15,83668.9921875,86429.3515625,83598.8203125,84539.6953125,28040322885,-1.033089354397465,5.07729186767929,-3.7190538466372436,2.646974640459206,3.2954055049408995,3.278946964013114,2.196372503096043,86242.75924479167,82681.387890625,1.1944699067962583,-21.17575527047657,-4.024117930194004,18.848601920990937,-17.748050078006894
2025-04-16,84033.8671875,85428.28125,83100.6171875,83674.5078125,29617804112,0.4360934564412222,0.754190381084574,-3.6055733887258468,1.6431111619585446,3.296372646962942,3.2797979288979873,2.196372503096043,86016.98450520834,82524.226171875,1.829330713723798,-20.83200789712191,-1.469439164586528,18.848601920990937,5.625759851160139
2025-04-17,84895.75,85449.0703125,83749.75,84030.671875,21276866029,1.025637449930672,-0.45887283303180926,0.64324992315139,1.3087955999282472,3.2219068869328997,3.2793930380931737,2.073496939121691,85828.996484375,82551.35625,2.8399215427790114,-20.020031321756637,-0.45887283303180926,18.848601920990937,-28.161905762691475
2025-04-18,84450.8046875,85095.046875,84298.8828125,84900.1875,12728372364,-0.5241078764249063,0.9151321497091525,2.2436718082805562,0.9302116866741608,3.1855175822788966,3.2795664147330235,2.023994357653004,85640.28684895833,82644.0171875,2.1862290356733594,-20.439212637161486,-0.9805757207960286,18.848601920990937,-40.17740983727843
2025-04-19,85063.4140625,85597.703125,84353.4609375,84450.8671875,15259300427,0.7254038339443714,0.6162866150912105,3.314394146061339,0.8704767129106767,3.185837485437418,3.2815163506173484,2.022741076902276,85465.68463541666,82780.46171875,2.7578395872040806,-19.862075635315122,-0.26228502072502824,18.848601920990937,19.884145361415516
2025-04-20,85174.3046875,85306.3828125,83976.84375,85066.0703125,14664050812,0.13036230231544543,1.7991282799566077,3.1804060111708443,0.5951375596142892,3.1858640792324464,3.2773759032354794,2.022741076902276,85274.662890625,82911.73125,2.7288942148340434,-19.7576059920855,-0.13226463920122944,18.848601920990937,-3.900897146941007
2025-04-21,87518.90625,88460.09375,85143.8359375,85171.5390625,41396190190,2.7527099529631727,4.147183961823431,2.7589024564529385,1.2317476479181289,3.1665215648473097,3.289727586147433,2.022741076902276,85094.41236979167,83029.21796875,5.407359470662243,-17.548765625733708,0.0,18.848601920990937,182.29710003544417
2025-04-22,93441.890625,93817.3828125,87084.53125,87521.875,55899038456,6.767662701452015,10.066629513255965,13.282518345270212,2.948900728110241,3.3859381547051792,3.3960596927868814,1.8960808741813493,85049.684765625,83577.026953125,11.803319681864032,-11.968744190099711,0.0,26.036495994130917,35.03425846541652
2025-04-23,93699.109375,94535.734375,91962.9609375,93427.5859375,41719568821,0.27527134594511615,10.951114938125507,12.75080702916811,2.797639286618872,3.3870833094487485,3.3957039769601702,1.8960808741813493,85001.70729166667,84106.841015625,11.404861059509997,-11.726419367379414,0.0,27.001546511585197,-25.366213850281405
2025-04-24,93943.796875,94016.1953125,91696.7109375,93692.3984375,31483175315,0.26114175645013393,10.439720660606412,12.04619974623573,2.8628673157685105,3.3877059190522902,3.395595979656123,1.8960808741813493,84962.871875,84611.840625,11.02913750731327,-11.495900188433971,0.0,27.001546511585197,-24.536191996422076
2025-04-25,94720.5,95768.390625,92898.59375,93954.25,40915232364,0.8267742531563593,11.207834742560552,13.431208199678647,2.7620562912529687,3.3792080530991737,3.331312651450558,1.8939240850601828,85017.91067708333,85172.62578125,11.210026849790843,-10.764171078204143,0.0,28.657526137725075,29.959039882823202
2025-04-26,94646.9296875,95251.359375,93927.25,94714.6484375,17612825123,-0.07767095032226168,8.144552694864139,21.009465757920886,2.9010376362964387,2.9584066770570363,3.307351312062165,1.2571490203481195,85116.42330729167,85994.248046875,10.061930695537292,-10.833481394555655,-0.07767095032226168,28.657526137725075,-56.952889900982306
2025-04-27,93754.84375,95301.203125,93665.3984375,94660.90625,18090367764,-0.942540809771053,0.3349173726117538,18.32453619424652,0.6516161637295815,2.988686918179799,3.2423084743865385,1.2746932251590695,85273.2203125,86720.2234375,8.111856766109371,-11.673912221064064,-1.0194796796891947,28.393634423666647,2.711334710161828
2025-04-28,94978.75,95598.4921875,92860.8046875,93755.3046875,32363449569,1.3054325526514532,1.3656913427839035,24.52644269426527,0.8621513572573111,2.783540234089861,3.245208433585368,0.9620143809704677,85444.46236979167,87655.56328125,8.354503062461616,-10.520874718714346,0.0,28.393634423666647,78.89879294440638
2025-04-29,94284.7890625,95485.4140625,93796.6328125,94981.859375,25806129921,-0.7306486319308303,0.3629746708595505,14.182239670386366,0.9729964254422617,2.246773558442483,3.246628074314601,0.9757889322804967,85609.65872395833,88241.105078125,6.8490574534670445,-11.174652723445732,-0.7306486319308303,22.066162569947267,-20.26149787901802
2025-04-30,94207.3125,95249.3203125,92979.640625,94286.46875,28344679831,-0.08217291810309613,-0.5417913756789683,18.312041448385852,0.8779945051200952,2.023039979648593,3.238896061311438,0.5615070973631765,85745.91536458333,88970.163671875,5.8864102435955745,-11.247643103318072,-0.8122211547319846,21.32360647907545,9.837003525019949
2025-05-01,96492.3359375,97437.9609375,94153.6328125,94212.859375,32875889623,2.425526614507767,1.9497793072559944,15.691536171604259,1.4348972043371284,1.8476215680406185,3.0131100128269064,0.5615070973631765,85783.31510416667,89624.538671875,7.662853686498461,-9.094931065786138,0.0,17.722238373190557,15.986103279403796
2025-05-02,96910.0703125,97905.8984375,96375.9453125,96494.96875,26421924677,0.43291974532626565,3.3654011209420798,13.628039480614662,1.2318112411835882,1.8138951803088126,2.7847806720056005,0.5615070973631765,85964.055078125,90205.68671875,7.43232919965835,-8.701385072867463,0.0,17.920542985965504,-19.631301297120796
2025-05-03,95891.796875,96943.8828125,95821.2890625,96904.6328125,15775154889,-1.0507405827035687,0.9613170051195663,14.586632886708584,1.3708843425382589,1.7617121191965945,2.785792178039744,0.4405130088238045,86108.5484375,90816.027734375,5.589067554761318,-9.660696671353108,-1.0507405827035687,17.81609060326812,-40.2952090665367
2025-05-04,94315.9765625,96318.921875,94173.4296875,95877.1875,18198688416,-1.6433317174712747,0.0330779761084532,11.56057436422888,1.5716706678166852,1.8351136840973583,2.7525993345010322,0.5736537872492046,86170.088671875,91304.70703125,3.2980441306485586,-11.145271096295339,-2.676805146910932,17.81609060326812,15.36297769532473
2025-05-05,94748.0546875,95193.1875,93566.265625,94319.5625,25816260327,0.45811763897039004,0.5739917349834256,13.241539321009288,1.5817368900618147,1.7966993096900394,2.750772239080892,0.5250856948316981,86249.86080729167,91858.66015625,3.1454786367830723,-10.738211910128136,-2.2309504244793943,17.81609060326812,41.85780720495633
2025-05-06,96802.4765625,96889.1796875,93399.859375,94748.3828125,26551275827,2.168299794413664,0.32141477557439124,15.194599275682652,1.4896917881706901,1.827903790732779,2.71956854689353,0.5250856948316981,86417.52421875,92497.090625,4.65461768408999,-8.80274874248549,-0.11102432353319314,16.902914262430624,2.8471029137836945
2025-05-07,97032.3203125,97625.8046875,95829.3359375,96800.1953125,76983822462,0.23743581586117557,0.12614788081959372,14.295851456050501,1.480422349187717,1.829581558489818,2.7170168343823855,0.5250856948316981,86598.81966145833,93103.919140625,4.219372512065256,-8.58621380491924,0.0,16.586780433147673,189.9439671509688
2025-05-08,103241.4609375,103969.5390625,96913.875,97034.25,69895404397,6.3990437464578775,7.664538888639938,22.25041705586175,3.0415668878526074,2.2050287974501366,2.687612701732027,0.5118403399599878,86976.16002604166,94043.451953125,9.780594813724687,-2.736605636002565,0.0,23.8073907278755,-9.20767225932294
2025-05-09,102970.8515625,104297.4921875,102343.09375,103239.125,58198593958,-0.2621130818400763,9.176467567257497,21.05186782985524,2.7286174823610914,2.223235631945188,2.6601117679927873,0.5151851094450819,87383.47421875,94938.823828125,8.460214073134086,-2.991545716472299,-0.2621130818400763,24.197918771506586,-16.734734622269443
2025-05-10,104696.328125,104961.765625,102830.484375,102973.7109375,42276713994,1.6756941758927724,10.49971260128939,22.920085475455608,2.6315079713230722,2.2189080431046673,2.5821823064234657,0.5151851094450819,87747.376171875,95914.925,9.155408425748135,-1.3659806979196332,0.0,23.275824338061767,-27.357843001310812
2025-05-11,104106.359375,104937.9921875,103364.7421875,104701.0703125,46285517406,-0.5635047193781384,7.545140446674714,18.952994085206587,2.8717862247973307,2.209633029368983,2.5839934412942727,0.530370224873166,88087.10950520834,96744.29765625,7.609814632081724,-1.9217880515992047,-0.5635047193781384,20.528599187929842,9.482296596109485
2025-05-12,102812.953125,105747.453125,100814.40625,104106.9609375,63250475404,-1.242389281274392,5.957430260229812,10.028759518156427,3.1011820619870565,1.7714662576965126,2.5506232023196507,0.5987229173359642,88449.54700520834,97212.85078125,5.7606605492430685,-3.1403012441117095,-1.7988930784195056,15.32306016633127,36.65284293829851
2025-05-13,104169.8125,104997.421875,101515.09375,102812.4921875,52608876410,1.3197358248725033,0.8992042093069585,11.17481606265267,1.2557271725343304,1.7800680210921167,2.5197870398179743,0.5987229173359642,88786.22552083334,97736.3859375,6.582427312806516,-1.8620090997666705,-0.502897889954057,15.32306016633127,-16.824535983372257
2025-05-14,103539.4140625,104303.5625,102618.296875,104167.328125,45956071155,-0.6051642240404331,0.55215868507692,10.214210524477485,1.2950528924608167,1.7978097673210625,2.523048834140126,0.6138243385906189,89106.16393229166,98216.166796875,5.419929772492793,-2.4559051108869356,-1.1050187558810376,13.877381830651615,-12.645784721103492
2025-05-15,103744.640625,104153.6171875,101440.8125,103538.828125,50408241840,0.198211052629782,-0.9089979725590336,9.527125199930332,0.9809119642182457,1.7973354709589002,2.502380838448031,0.6138243385906189,89458.91315104166,98667.373828125,5.145841629188808,-2.262561933629026,-0.9089979725590336,13.877381830651615,9.687883609510006
2025-05-16,103489.2890625,104533.484375,103137.4765625,103735.65625,44386499364,-0.24613470244020386,-0.5927306614164296,9.34246827043963,0.9598218335964482,1.8004342580749488,2.496960627599858,0.6160420394804879,89782.47317708333,99109.491796875,4.419150160310981,-2.5031276859863616,-1.152895315544289,13.877381830651615,-11.945948234246128
2025-05-17,103191.0859375,103716.9453125,102659.1796875,103489.2890625,37898552742,-0.28814878109744146,0.3677871328530591,10.064804985075781,0.7520262120368231,1.7793777683752827,2.484875343504902,0.5824432345778278,90123.68294270833,99581.30390625,3.6249595954762626,-2.784063735167319,-1.4377220428426596,13.877381830651615,-14.616936940204162
2025-05-18,106446.0078125,106597.171875,103142.6015625,103186.953125,49887082058,3.154266519659865,2.185081510538378,12.073498348314748,1.542645488427483,1.869426957310003,2.437942320520284,0.5824432345778278,90450.21263020833,100154.666796875,6.2816254267856975,0.0,0.0,14.645712930770971,31.63321142528499
2025-05-19,105606.1796875,107068.71875,102112.6875,106430.53125,61761126647,-0.7889709931436006,1.9961148551144392,12.007653342147506,1.5756921387042238,1.8716359424612876,2.4003342528001186,0.5862350311431949,90807.52903645833,100720.736328125,4.850484157958634,-0.7889709931436006,-0.7889709931436006,15.15286360572552,23.801842278918883
2025-05-20,106791.0859375,107307.1171875,104206.515625,105605.40625,36515726122,1.1220046530480143,2.9364845202094036,13.357533617679618,1.5992433708571103,1.8684156653538786,2.400960959209325,0.5859470046992166,91186.659765625,101349.925,5.368687680331274,0.0,0.0,14.890020076649613,-40.875874349397535
2025-05-21,109678.078125,110724.4609375,106127.234375,106791.3125,78086364051,2.7034018449719976,5.98012520770379,13.665066825660288,1.750296492287141,1.883326092197469,2.4170419113087105,0.5859470046992166,91617.41966145833,102009.212109375,7.5178171236166325,0.0,0.0,18.54885187026012,113.84310910348985
2025-05-22,111673.28125,111970.171875,109285.0703125,109673.4921875,70157575642,1.8191448638679386,8.21989151043283,15.233928620517933,1.550556922732133,1.9000049664160288,2.4067349441814536,0.5859470046992166,92044.40143229166,102747.37265625,8.6872377979069,0.0,0.0,19.882591498816172,-10.15387066021095
2025-05-23,107287.796875,111798.90625,106841.3046875,111679.359375,67548133399,-3.9270668202023518,0.7908131829450715,11.884228235763782,2.6338406163332913,2.1359556256457175,2.4668156918850883,1.0291859862171087,92374.21614583333,103317.17265625,3.84314060931652,-3.9270668202023518,-3.9270668202023518,19.882591498816172,-3.7194019592630467
2025-05-24,107791.15625,109454.5234375,106895.2890625,107278.5078125,45903627163,0.4691674073487251,2.068985516724098,14.287271551040416,2.5769287208713276,2.0712450778148503,2.466282519871736,0.9613515681286051,92712.87369791667,103990.931640625,3.654380770919463,-3.4763239304388183,-3.4763239304388183,19.882591498816172,-32.04308564405191
2025-05-25,109035.390625,109313.3046875,106683.375,107802.2734375,47518041841,1.1543009819045436,2.101584292169756,15.079292112775079,2.5791135057623342,2.072991328683468,2.4645124243355956,0.9613515681286051,93081.78216145834,104705.2984375,4.135504365220544,-2.3621501897975294,-2.3621501897975294,19.882591498816172,3.5169653854745464
2025-05-26,109440.3671875,110376.8828125,108735.640625,109023.78125,45950461571,0.3714175371671846,-0.21673514120942317,13.055338121272552,2.2593730445147417,2.045901349409792,2.4644887653309215,0.9613515681286051,93452.83658854167,105337.19296875,3.8952758309852342,-1.9995060926894737,-1.9995060926894737,16.843313980623932,-3.2989159680554048
2025-05-27,108994.640625,110744.2109375,107609.5546875,109440.40625,57450176272,-0.4072780217708405,-2.398640565600829,12.328181243089343,2.01144198236611,2.0575414440958144,2.4201455542809387,0.9656555322133283,93863.528125,105935.308984375,2.8879244040117324,-2.398640565600829,-2.398640565600829,15.535749525029319,25.02633120068076
2025-05-28,107802.328125,109298.2890625,106812.9296875,108992.171875,49155377493,-1.0939184653144474,0.47958040428350834,4.417670135703555,0.8666410651375458,1.5713045316406007,2.4059134332388314,0.9961543491507742,94283.60716145833,106163.35234375,1.5438244413600533,-3.466319858851641,-3.466319858851641,11.065646309849697,-14.438247743101718
2025-05-29,105641.7578125,108910.046875,105374.3984375,107795.5703125,56022752042,-2.004196337944353,-1.9940396895965162,2.5938469085873717,1.2314499207245915,1.6464023026924317,2.4250784338114717,1.090746749708609,94672.06106770833,106296.89765625,-0.6163301640925045,-5.401044341123451,-5.401044341123451,11.065646309849697,13.970749283693218
2025-05-30,103998.5703125,106308.9453125,103685.7890625,105646.2109375,57655287183,-1.5554336978341854,-4.6194362065642425,-0.6664587240031272,0.9405516473126619,1.6464147172369847,2.438711617341624,1.1448568344635068,95029.55533854167,106262.009765625,-2.1300551891662134,-6.872468375240837,-6.872468375240837,11.065646309849697,2.914057381144164
2025-05-31,104638.09375,104927.1015625,103136.1171875,103994.71875,38997843858,0.6149348357177731,-4.3880275266917295,0.5107607049101182,1.0275777608743002,1.6470467951550518,2.4118606028148406,1.1379017062030137,95354.03736979167,106288.596484375,-1.5528502482555884,-6.299794741636111,-6.299794741636111,11.065646309849697,-32.36033369460218
2025-06-01,105652.1015625,105884.546875,103826.953125,104637.296875,37397056873,0.9690618169351017,-3.0667003839208284,2.761469592307275,1.329062687132572,1.6306877756127678,2.368119866706658,1.1034689559151425,95740.14388020833,106430.55390625,-0.7314181080328774,-5.391781830087494,-5.391781830087494,10.379805835052824,-4.104808950025108
2025-06-02,105881.53125,105958.3125,103727.546875,105649.8125,45819706290,0.21715582000447764,-1.7817768024200542,1.6432003753486635,1.3399730024118408,1.6074968319656395,2.3679432807578538,1.1034689559151425,96119.78893229166,106516.13984375,-0.5957863237260774,-5.186334578129004,-5.186334578129004,10.379805835052824,22.522225333408528
2025-06-03,105432.46875,106813.578125,104920.84375,105888.4765625,46196508367,-0.42411787466475337,-0.1981120598839925,1.828342090440338,0.9946440342638008,1.603859007551038,2.3697041471042875,1.099238986001697,96479.6,106610.792578125,-1.1052575444099766,-5.588456280807996,-5.588456280807996,10.379805835052824,0.8223581238499422
2025-06-04,104731.984375,105997.6953125,104232.703125,105434.3671875,44544857105,-0.6643915136436584,0.705215523921332,0.9517057884164792,0.6863130352216552,1.6127345428128588,2.371455728606946,1.1092326863720365,96833.38645833333,106660.159765625,-1.8077747069402128,-6.215718565178275,-6.215718565178275,9.653535340552066,-3.575272938116336
2025-06-05,101575.953125,105936.6875,100436.8828125,104750.78125,57479298400,-3.0134359325224014,-2.926410941999791,-1.8488250859898026,1.499002338583122,1.752973489084023,2.2469210904400296,1.2966911135269323,97222.74427083334,106564.49296875,-4.68124016243655,-9.04184780099313,-9.04184780099313,11.483121279292252,29.036890307025253
2025-06-06,104390.34375,105376.7734375,101169.5703125,101574.3671875,48856653697,2.7707252931573167,-1.1942571835673266,1.162171908168852,2.072313662490003,1.8636741395250278,2.264154605321394,1.2950893242928532,97641.99440104167,106624.455859375,-2.0953092715629174,-6.521647271826714,-6.521647271826714,11.483121279292252,-15.001304718430596
2025-06-07,105615.625,105972.7578125,103987.3125,104390.6484375,38365033776,1.1737496074678777,-0.2511356294726763,-0.7800976566098017,2.1651637108400137,1.7399178877015198,2.1965922567031693,1.2950893242928532,98131.05559895834,106582.93671875,-0.9075671477344782,-5.424445473612338,-5.424445473612338,11.483121279292252,-21.474290863363464
2025-06-08,105793.6484375,106497.0625,105075.328125,105617.5078125,36626232328,0.16855786016509722,0.34256969582722174,0.17751683713467248,2.154492400371825,1.7309313255223728,1.9507696523093436,1.2830169899483868,98518.05052083333,106592.31015625,-0.749267670040421,-5.2650309426633735,-5.2650309426633735,11.483121279292252,-4.532255746605762
2025-06-09,110294.1015625,110561.421875,105400.234375,105793.0234375,55903193732,4.253991795791734,5.310810466060167,3.280250963128295,2.7626110217665816,1.9618488848924585,1.940174162440785,1.2830169899483868,99029.183203125,106767.4609375,3.3031043297587104,-1.2350131312184431,-1.2350131312184431,11.483121279292252,52.6315708134226
2025-06-10,110257.234375,110380.125,108367.7109375,110295.6875,54700101509,-0.03342625487465778,8.546590982332948,0.5280510562374552,1.8228281546631542,1.8698507537422626,1.862068567869155,1.2830387609974867,99476.72317708333,106796.41875,3.240572732220004,-1.2680265674561264,-1.2680265674561264,11.483121279292252,-2.1520992678300765
2025-06-11,108686.625,110384.21875,108086.328125,110261.796875,50842662052,-1.4244955298426398,4.11559258803571,-2.6744591155281383,2.127652302992674,1.848227379803302,1.8632815519768724,1.321986322905441,99866.71510416667,106647.0859375,1.9124189325672392,-2.6744591155281383,-1.4574456292108184,11.312600629702075,-7.051978608056741
2025-06-12,105929.0546875,108780.6953125,105785.6875,108685.9140625,54843867968,-2.5371753999169577,0.2967645057253554,-1.2664461635679358,2.5766198141576626,1.719136975219662,1.8789375007687223,1.1394815039874617,100237.44973958333,106579.148828125,-0.6099637197078622,-5.143778796685083,-3.957643077156281,10.26249305670126,7.869780523898839
2025-06-13,106090.96875,106182.546875,102822.0234375,105924.59375,69550440846,0.15285141831733462,0.2810379610602487,-1.5772977664853638,2.576502796194289,1.7155631614079558,1.8774800534545164,1.1394815039874615,100596.59270833334,106494.139453125,-0.3785848734919939,-4.998789717213581,-3.810840972414309,10.26249305670126,26.81534585886778
2025-06-14,105472.40625,106203.7578125,104379.3671875,106108.0859375,38007870453,-0.5830491579897124,-4.3716710542020305,-3.2677320222146866,1.1084027564806844,1.6943996100694558,1.872565795467399,1.1469156089098942,100959.98294270833,106315.990234375,-0.793468585972168,-5.552693473847404,-4.3716710542020305,10.26249305670126,-45.35207830363319
2025-06-15,105552.0234375,106157.1015625,104519.8828125,105464.84375,36744307742,0.0754862720314664,-4.267484999212778,-3.552933757375143,1.1301795408636628,1.6908727944715678,1.873038623494288,1.1469156089098942,101318.61888020833,106121.573046875,-0.5366954079388031,-5.481398723116682,-4.299484793674868,10.26249305670126,-3.3244764727413556
2025-06-16,106796.7578125,108915.375,104997.625,105555.59375,50366626945,1.1792615001237072,-1.7388222216855098,-2.01650539870295,1.3793393001507597,1.716046482597049,1.8740163403493557,1.1432942073719585,101683.63567708334,106011.67890625,0.7405588840303734,-4.366777247802956,-3.1709254624266325,10.08049909454174,37.07327757716665
2025-06-17,104601.1171875,107750.1953125,103396.53125,106794.1171875,55964092176,-2.0559056941174436,-1.2536102619980283,-2.9695192981250895,1.191969652473393,1.7586808820769981,1.8971136971511702,1.2077359708676831,102019.47421875,105851.618359375,-1.181371802582598,-6.332906119833382,-5.161639919405825,10.08049909454174,11.113440725566925
2025-06-18,104883.328125,105581.8515625,103602.265625,104602.0703125,47318089133,0.2697972498650669,-1.138306718497184,-0.7179260391010467,1.202856922999611,1.7042074577301753,1.8965978960501915,1.1215106006080493,102349.80611979167,105813.696875,-0.879251720218277,-6.080194876516176,-4.905768632091256,10.08049909454174,-15.449197345700549
2025-06-19,104684.2890625,105250.890625,103940.7734375,104886.7734375,37333806920,-0.1897718789613423,-0.7472259480189924,0.6593540160595657,1.186159936189467,1.666487244039043,1.8977251623079103,1.0670604463480722,102674.97252604166,105847.9828125,-1.0994009702210206,-6.258428255415838,-5.086230741741982,10.08049909454174,-21.100349561742725
2025-06-20,103309.6015625,106539.3828125,102372.2109375,104681.03125,50951862476,-1.3131746055793259,-2.1244707604566093,-1.2696066412238083,1.2806630814996958,1.6874796789516089,1.8834407286565398,1.1067246149776682,102938.15078125,105781.558203125,-2.336850281481262,-7.4894187704366395,-6.332614256839575,10.08049909454174,36.476471807927815
2025-06-21,102257.40625,104015.78125,100973.0625,103315.078125,38360555118,-1.0184874363913243,-4.250458211914642,-3.213088298571909,0.9200967479615619,1.6827996455713221,1.6879309749446725,1.1299138048107107,103085.07604166666,105611.8234375,-3.176175809032511,-8.431627417592335,-7.2866048126298715,10.08049909454174,-24.712163100869798
2025-06-22,100987.140625,103351.6328125,98286.203125,102212.03125,65536997201,-1.2422235919953284,-3.455007613371719,-4.6225159073717155,0.702185101994759,1.6976259406384973,1.6975803352490304,1.16355540432216,103206.54322916667,105367.10390625,-4.15686027125417,-9.569111344617177,-8.43831248058724,12.489259285342857,70.84475706726137
2025-06-23,105577.7734375,106116.859375,99705.75,100987.4765625,65237759656,4.545759771084712,0.6621122011616132,0.1378177796865776,2.494116683785517,2.002892793592245,1.7903891414485569,1.1596841726723695,103400.44283854167,105374.369140625,0.1930301443641813,-5.458340387486372,-4.276138123603479,12.489259285342857,-0.4565933103133246
2025-06-24,106045.6328125,106316.828125,104740.2421875,105571.515625,48822986421,0.4431419225533917,1.3004279459616352,1.2542953762781694,2.488208001024323,1.9981127932418503,1.7888347955261399,1.1501289389354188,103589.19505208333,105440.0515625,0.5743370199710496,-5.039386659465606,-3.851945561742065,12.489259285342857,-25.161460665656556
2025-06-25,107361.2578125,108168.3984375,105881.390625,106047.40625,51624120283,1.2406215749838134,3.9218583642962157,5.69554555927283,2.336107368208945,1.873921471585051,1.7934072089111248,0.9320712259295717,103801.10052083334,105729.316796875,1.5435085225796508,-3.861284802625964,-2.6591120544538382,12.489259285342857,5.7373259346445105
2025-06-26,106960.0,108305.546875,106666.3515625,107375.0703125,43891990613,-0.3737454466123835,4.5987805895477685,2.4615842401610966,2.226279246689915,1.784969393238242,1.7886229430200877,0.9358103724307768,104021.18645833334,105857.799609375,1.0412084841100233,-4.220598873107795,-3.022919190842377,12.489259285342857,-14.977746114825742
2025-06-27,107088.4296875,107772.46875,106449.9921875,106954.921875,45353692675,0.12007263229245613,6.041649486003564,1.3944950735272466,1.962867412594701,1.7682173029571768,1.7831418023418417,0.9358103724307768,104223.014453125,105931.43984375,1.0922062849863634,-4.105594024980796,-2.906476257194457,12.489259285342857,3.330225040117152
2025-06-28,107327.703125,107567.8828125,106883.9765625,107090.546875,30037708335,0.22343537784448309,1.6574792501528934,1.4500442230293897,0.5900664015344801,1.768398149573901,1.7788088140459914,0.9358103724307768,104440.39635416666,106008.142578125,1.2447728210146947,-3.8913319966587756,-2.689534975557184,12.489259285342857,-33.77009331908827
2025-06-29,108385.5703125,108526.3046875,107230.109375,107327.8203125,35534874438,0.9856422495764683,2.2065382967135116,-1.730401919016944,0.6614666697941675,1.4925206633566634,1.7809572010395345,0.9358103724307768,104676.70065104167,105912.716015625,2.3348039686851063,-2.9440443593126697,-1.697543089221898,12.308966304877789,18.30088381474393
2025-06-30,107135.3359375,108798.7890625,106759.6484375,108383.4375,42064804590,-1.1535062936840146,-0.21043147183926747,-2.831468116533742,0.7902918825280324,1.5116999103247508,1.7667143281860238,0.9706770966195265,104854.083984375,105756.62109375,1.303667637535244,-4.063590916023163,-1.4273044751366593,12.308966304877789,18.37611713921543
2025-07-01,105698.28125,107550.6796875,105270.2265625,107144.3828125,44110692247,-1.3413452013053329,-1.17961738032909,-2.749504596356722,0.9866411827378305,1.508070390887796,1.7773908447997377,0.9647357138760193,105000.55416666667,105607.20390625,0.08624160131240899,-5.350429335575734,-2.4793789936722543,10.814510620053008,4.8636566291963
2025-07-02,108859.3203125,109763.65625,105157.3984375,105703.1015625,56248657737,2.990624847553991,1.6536712977935464,2.76625297341182,1.7687376386050109,1.5493958613483798,1.8070542162554126,0.7802897199955179,105216.67955729166,105753.7171875,2.9366373188507433,-2.5198157571822977,0.0,11.677583180625085,27.517059632691463
2025-07-03,109647.9765625,110541.4609375,108605.796875,108845.015625,50494742270,0.7244728772290987,2.1618588397421368,3.3527903971562134,1.7745973835456417,1.5547574038782817,1.7912917545280536,0.7802897199955179,105472.212890625,105931.567578125,3.5083111383527266,-1.8135982616701352,0.0,12.468950292966152,-10.229427151672477
2025-07-04,108034.3359375,109751.984375,107296.3828125,109635.65625,42616442656,-1.4716556343200904,-0.32406008842995604,2.429004683393199,1.9203912762488555,1.5899007753674974,1.8050728012492399,0.8367456282529128,105693.65091145833,106059.6640625,1.8618500185295206,-3.2585639749884265,-1.4716556343200904,12.468950292966152,-15.602217696000931
2025-07-05,108231.1796875,108381.34375,107842.2734375,108015.8359375,30615537520,0.18220480395592098,1.022859302592094,2.5382329611012944,1.8187723704456449,1.5898804707791743,1.7871363942346143,0.8367456282529128,105884.129296875,106193.621875,1.9187195770555832,-3.082296431134912,-1.2921322576275873,12.468950292966152,-28.160269576865737
2025-07-06,109232.0703125,109731.625,107847.015625,108231.1875,36746020463,0.9247710575546852,3.343279588569459,2.2803243748987345,1.6029510475657274,1.5821013187051536,1.7895706966286546,0.8367456282529128,106087.45846354167,106315.3875,2.743424899335478,-2.1860295588834067,-0.3793104652167756,12.468950292966152,20.024090509582535
2025-07-07,108299.8515625,109710.25,107527.0546875,109235.328125,45415696597,-0.8534295352390808,-0.5139373903804922,3.5360371614099773,1.0318233789988318,1.5163605875747554,1.5995061702082993,0.7247226599369271,106171.76497395833,106500.32421875,1.689691892443257,-3.0208028722179203,-1.229502852915454,12.468950292966152,23.593510330539335
2025-07-08,108950.2734375,109198.96875,107499.5546875,108298.2265625,44282204127,0.6005750382996888,-0.6363119018455432,3.877589875535814,1.0083319194201272,1.5191393912889966,1.6001438897322091,0.7247226599369271,106271.42200520834,106703.671484375,2.105458904901858,-2.438370021925007,-0.6363119018455432,12.468950292966152,-2.4958165456717363
2025-07-09,111326.5546875,111925.375,108357.6796875,108950.2734375,57927418065,2.1810695604753683,3.047381854510234,6.345045359227064,1.105895574303684,1.5783717370341852,1.609843833085928,0.7234792778814255,106381.92578125,107035.784765625,4.008724681442244,-0.3104830077695908,0.0,13.876995388308732,30.81421579392467
2025-07-10,115987.203125,116608.78125,110660.75,111329.1953125,95911605728,4.1864660687494615,7.166163632230815,12.271464966235811,1.8918918443552681,1.7487850562710598,1.69067240779918,0.6612116819044473,106579.93984375,107669.66484375,7.725052635132101,0.0,0.0,18.642065256806607,65.57203640662557
2025-07-11,117516.9921875,118856.4765625,115245.6875,115986.234375,86928361085,1.3189291760499877,7.584697288349318,14.922719534067985,1.8748637716423453,1.713039527839536,1.6861134304077805,0.6207536189041184,106825.00716145833,108432.644140625,8.377871921202651,0.0,0.0,20.92895318312258,-9.366170626395288
2025-07-12,117435.2265625,118219.8984375,116977.0234375,117530.7109375,45524560304,-0.06957770402219454,8.435260868966154,16.287307310321218,1.6494947237252273,1.6619527993352343,1.6805216093104196,0.5553567642533227,107046.09739583333,109255.0484375,7.487231246508053,-0.06957770402219454,-0.06957770402219454,19.20724387760986,-47.62979568948123
2025-07-13,119116.1171875,119449.5703125,117265.4375,117432.203125,49021091807,1.4313342548076147,9.330718895195522,12.823100269314192,1.557452536041522,1.4175049209037103,1.6842627392407516,0.5553567642533227,107305.70911458334,109931.965625,8.35439583954043,0.0,0.0,14.0436262298002,7.680538767757805
2025-07-14,119849.703125,123091.609375,118959.1953125,119115.7890625,181746419401,0.6158578325259345,7.655988691489624,13.017104001733927,1.6201717017891275,1.4169319853937943,1.6849176099346113,0.5553567642533227,107574.12682291666,110622.169140625,8.341487114255353,0.0,0.0,17.054635436002297,270.7514718695992
2025-07-15,117777.1875,119935.5625,115765.6875,119853.8515625,98321661181,-1.729262210051885,1.5432602276571172,9.701758250346515,1.2914611369237168,1.5018889187179973,1.7031695976449863,0.6767115524044178,107812.25846354167,111142.965625,5.969088405814249,-1.729262210051885,-1.729262210051885,17.054635436002297,-45.90173412766612
2025-07-16,118738.5078125,120065.515625,117064.8203125,117777.1875,72162029070,0.816219450392297,1.039437448374314,11.012067887528044,1.21065468958966,1.4900342291248743,1.7034430236250555,0.6715312667437181,108071.38216145833,111731.891015625,6.270919370634442,-0.9271573341663175,-0.9271573341663175,17.054635436002297,-26.6061738550601
2025-07-17,119289.84375,120999.609375,117508.21875,118738.5078125,72363841798,0.4643278306736054,1.5792681989785784,11.393774377031708,1.2030310771513688,1.486984427256869,1.6605242604212924,0.6715312667437181,108285.44609375,112341.96171875,6.184583146806832,-0.4671345530293691,-0.4671345530293691,17.054635436002297,0.27966609392902075
2025-07-18,118003.2265625,120851.9140625,116925.984375,119284.109375,77945799785,-1.078563897020779,-0.9342905488164965,9.94666160428932,1.1454917744160333,1.5299756153672885,1.6638754751761604,0.7135259253960259,108492.06354166666,112875.737890625,4.542595926897475,-1.5406601054106739,-1.5406601054106739,17.054635436002297,7.7137391386457255
2025-07-19,117939.9765625,118541.3984375,117388.4140625,117998.125,47564562765,-0.053600229283989886,-1.5934345373456726,8.815201343179258,1.0651877374077119,1.5297702400098998,1.6597352260909435,0.7136265798309505,108677.87838541667,113353.458203125,4.046209469106921,-1.5934345373456726,-1.5934345373456726,17.054635436002297,-38.97738826697703
2025-07-20,117300.7890625,118865.03125,116550.1328125,117944.109375,57515447231,-0.541960002562214,-0.4044912666130718,9.48842231747915,0.7600538940471818,1.5022264784068997,1.628667234230027,0.6763283885670113,108804.92356770833,113861.730859375,3.0203811036145334,-2.126758762048453,-2.126758762048453,17.054635436002297,20.920794573817215
2025-07-21,117439.5390625,119671.5625,116584.3984375,117306.46875,69820091744,0.11828564931994912,-1.0939742918541606,11.108276949867623,0.6023301500766967,1.444193021467223,1.6134110439390583,0.606184577276928,108901.02786458333,114448.79375,2.613173293056237,-2.010988763139665,-2.010988763139665,17.054635436002297,21.39363441543052
2025-07-22,119995.4140625,120269.96875,116233.2265625,117426.5,79217583118,2.176332622218302,0.5914755945013228,10.229802756467588,1.2382756448043133,1.3815237717688746,1.5464356073516017,0.606184577276928,109112.821484375,115005.5984375,4.338758888952454,0.0,0.0,14.721117477093415,13.459580386196745
2025-07-23,118754.9609375,120113.3515625,117391.390625,119997.4453125,66608604537,-1.0337504434577038,0.6370456104451083,8.305656575257414,1.2275098722770976,1.4216544852290482,1.5541280711836236,0.6487616979260241,109295.5515625,115460.94765625,2.852924168834048,-1.0337504434577038,-1.0337504434577038,14.721117477093415,-15.916893806540477
2025-07-24,118368.0,119535.453125,117247.96875,118770.984375,72627318560,-0.32584822936673197,0.3629163325068019,9.565166456410878,1.243789944127337,1.3637775816155675,1.5500351437998272,0.5638369257361796,109451.09505208333,115977.630859375,2.0610605018508865,-1.3562302153083627,-1.3562302153083627,14.504297001811706,9.035940723929592
2025-07-25,117635.8828125,118486.9765625,114759.8203125,118368.0,104857024569,-0.6185093838706357,0.285670499472479,8.689458206179168,1.2537693507991503,1.3841640363131191,1.5528898699111036,0.5805512653680361,109587.68697916667,116447.866015625,1.0202134547623087,-1.966351188030424,-1.966351188030424,14.504297001811706,44.37683594551807
2025-07-26,117947.3671875,118335.6875,117181.2265625,117644.84375,48508954046,0.2647868724685587,0.4324166537555518,7.978697876975671,1.2570830081867805,1.3795187501435815,1.5513558794713755,0.5805512653680361,109736.89908854167,116883.630859375,0.9100815232244042,-1.7067709553744037,-1.7067709553744037,14.504297001811706,-53.73800253689325
2025-07-27,119448.4921875,119815.59375,117859.6875,117944.7265625,54683390892,1.2727075099638885,-0.45578564753744333,10.294234446448991,0.8956058448931918,1.3601583645949338,1.5494490176663434,0.5482906830683048,109931.00182291666,117441.062890625,1.7093078412825147,-0.45578564753744333,-0.45578564753744333,14.504297001811706,12.728447700902624
2025-07-28,117924.4765625,119819.7890625,117441.4375,119457.5234375,64822943193,-1.2758768211219684,-0.6993260478920793,8.236971640230074,0.9634913449589346,1.416395906675188,1.5348088768634143,0.6180742320088447,110135.71380208334,117889.773046875,0.02943725713273615,-1.7258472052284812,-1.7258472052284812,13.597494639966602,18.542288866148905
2025-07-29,117922.1484375,119273.8671875,116987.3671875,117938.5859375,68463107433,-0.0019742508661990676,-0.37666562119830216,5.924546725185387,0.9584569552538461,1.3551950523140714,1.5177891424052563,0.6180743896624802,110367.7734375,118219.552734375,-0.25156946545317194,-1.7277873835412905,-1.7277873835412905,11.233304830303425,5.6155491569736204
2025-07-30,117831.1875,118780.7265625,115800.828125,117921.9921875,68896148592,-0.07713643170961237,0.16602475607829792,1.5898170878495321,0.9106385576935765,0.9998965252374008,1.5173731662407157,0.6183150108249773,110587.65833333334,118311.751953125,-0.4061848845881344,-1.8035910617157036,-1.8035910617157036,7.260197026983728,0.6325175342410283
2025-07-31,115758.203125,118919.984375,115505.21875,117833.6328125,69370346018,-1.7592832754910526,-1.8560516565154894,-1.4966253218035241,1.1906307765076871,1.0360019631102066,1.5349982387341947,0.7328487802968756,110756.093359375,118223.8125,-2.085543785859556,-3.5311440612997402,-3.5311440612997402,7.260197026983728,0.6882785695440985
2025-08-01,113320.0859375,116060.7734375,112724.4453125,115738.953125,91294530181,-2.1062154747402473,-5.130584855253051,-3.504179065733648,0.9636313498176032,1.1316118361367948,1.5626862368849412,0.8709950994348548,110880.06927083334,118018.05546875,-3.9807210113659064,-5.56298603338552,-5.56298603338552,9.196908473365873,31.60454779526569
2025-08-02,112526.9140625,114021.6015625,112005.765625,113320.390625,56870866000,-0.6999393518263508,-4.577135008217981,-5.531747743781789,0.9634214563066933,1.0714189019233054,1.5647336949461799,0.8849453192436735,110998.31002604167,117688.5953125,-4.385880582816137,-6.223987856827606,-6.223987856827606,9.89756526205612,-37.70616280378665
2025-08-03,114217.671875,114747.421875,111943.8046875,112525.8046875,48099615826,1.5025363723748075,-3.1414595235800147,-4.699245057057788,1.4415906157868692,1.127270507833968,1.5713036466604025,0.8849453192436735,111156.40481770833,117406.99375,-2.716466688339847,-4.814969165813821,-4.814969165813821,8.089598806097387,-15.423099366906069
2025-08-04,115071.8828125,115729.46875,114130.40625,114223.921875,35783028986,0.7478798363486527,-2.341743935577323,-2.2969683220700143,1.562546870680678,1.0898375063242558,1.5167713342214824,0.7959967515609662,111381.33697916666,117271.728515625,-1.8758533970375413,-4.103099512982689,-4.103099512982689,8.089598806097387,-25.606414164626933
2025-08-05,114141.4453125,115117.4375,112701.109375,115072.1875,61039182286,-0.8085706753543476,-1.396668027711323,-3.8715852040681065,1.4163789296776037,1.0776127262450437,1.4847731967423905,0.8162721086425531,111543.85533854166,117041.875390625,-2.478113126985426,-4.878493728894462,-4.878493728894462,8.089598806097387,70.58137339318422
2025-08-06,115028.0,115737.8359375,113372.25,114140.9140625,56379133510,0.7767158415357134,1.5071591663299522,-3.572679463753592,1.0127544571490619,1.0898170680716392,1.4810572114931466,0.8162721086425531,111700.72825520833,116828.783203125,-1.5413865947692562,-4.139669920979405,-4.139669920979405,7.957661792778703,-7.634520321988047
2025-08-07,117496.8984375,117676.90625,114279.7109375,115030.0546875,64051649681,2.1463456180234486,4.416707253021768,-0.4290798987024558,1.1034412916063432,1.1837858281827203,1.5032511279318024,0.7798302067437035,111895.782421875,116803.466796875,0.5936738520192275,-2.0821759269055384,-2.0821759269055384,7.437806929774404,13.60878696306873
2025-08-08,116688.7265625,117689.203125,115917.4609375,117505.5,59713005166,-0.68782400705657,2.163460913652937,-1.0609210180204887,1.2196894140507932,1.1933346596399483,1.4090159494294425,0.7947619740243808,112002.35950520834,116740.904296875,-0.04469533167424933,-2.755678228067704,-2.755678228067704,7.437806929774404,-6.773665528691286
2025-08-09,116500.359375,117906.609375,116363.8359375,116678.2734375,54004312429,-0.16142706587778388,1.2413775872839317,-0.6823736599704477,1.2291122613933911,1.1880422049195514,1.4093238831979062,0.7862973343565168,112106.41158854167,116700.8828125,-0.17182683855285763,-2.9126568834368816,-2.9126568834368816,7.437806929774404,-9.5602167754412
2025-08-10,119306.7578125,119320.7109375,116485.1640625,116497.71875,64755458694,2.408918266480664,4.525361042922005,1.5899404620502544,1.3686821720081808,1.3072701007654148,1.4257669760169065,0.7862973343565168,112283.41380208333,116794.24375,2.151231072550197,-0.573902140661231,-0.573902140661231,7.437806929774404,19.907940276315216
2025-08-11,118731.4453125,122321.09375,118159.03125,119306.8125,90528784177,-0.4822128356753663,3.219603324842657,-1.0533475465501208,1.5052241735742298,1.2155876040892362,1.3838103876748529,0.7936560709530722,112496.78697916666,116731.0453125,1.7136829321152236,-1.0533475465501208,-0.60029797100698,9.27008787263308,39.80100828995914
2025-08-12,120172.90625,120302.46875,118228.71875,118717.6640625,72803657984,1.2140515376580119,2.2775135753250852,1.1940093292155174,1.3189293269539462,1.2233380201091886,1.3899699426348398,0.7592482861312352,112731.4859375,116801.942578125,2.886051034314141,0.0,0.0,9.27008787263308,-19.57954738279065
2025-08-13,123344.0625,123682.453125,118939.6328125,120168.9765625,90904808795,2.6388279596092357,5.703495216339793,4.20389167680455,1.4305654227148685,1.3466975349295909,1.4204254525672646,0.7557440747793834,113029.346875,117050.745703125,5.37657129740694,0.0,0.0,10.486197490132998,24.86296885656223
2025-08-14,118359.578125,124457.1171875,117254.8828125,123339.3984375,104055627395,-4.041122267235197,1.595890999799754,0.6151994571703012,2.747679442006415,1.643012216643617,1.52556185395786,1.169852500362568,113242.80611979167,117086.93046875,1.086925458849275,-4.041122267235197,-4.041122267235197,11.17820904420026,14.466581883095419
2025-08-15,117398.3515625,119332.3125,116864.5703125,118365.78125,68665353159,-0.8121240187970669,-1.59957934067676,-0.46547509969191436,2.510999277552942,1.6529966302512171,1.5256120964332012,1.1838632284600727,113419.49934895833,117059.4796875,0.289486913750725,-4.820427361471092,-4.820427361471092,11.17820904420026,-34.01091812330041
2025-08-16,117491.3515625,117996.0625,117271.953125,117398.421875,48036922378,0.07921746665282559,-1.044452669413809,-1.6384808122381744,2.5131713495827346,1.6255570140210007,1.4974717387451333,1.1838632284600727,113634.33658854167,116961.62265625,0.4529083080583529,-4.745028515255855,-4.745028515255855,11.17820904420026,-30.04197871557327
2025-08-17,117453.0625,118595.7734375,117279.5234375,117492.7890625,45852169525,-0.032588834829794244,-2.2632753379050463,-0.3997593003943978,2.3990155589450928,1.6005944812133746,1.4977582005189707,1.1489961541162224,113843.83216145834,116938.051953125,0.44041314035352386,-4.776071000580185,-4.776071000580185,11.17820904420026,-4.548069994593529
2025-08-18,116252.3125,117614.171875,114723.6796875,117453.90625,72787808090,-1.022323279139703,-5.749567394052713,-1.416049452648016,1.6768561689965158,1.6165806457889653,1.5052661724262093,1.1715157752433782,114036.63255208333,116854.56015625,-0.5153822456262835,-5.749567394052713,-5.749567394052713,11.17820904420026,58.74452363767404
2025-08-19,112831.1796875,116764.5,112730.3984375,116241.859375,71657600353,-2.9428514056440758,-4.6708500698282585,-4.243365375996067,1.2141410830596457,1.7405390600938566,1.5469017299559042,1.3435663102260025,114195.32552083333,116604.559765625,-3.2360484750420526,-8.52321757482246,-8.52321757482246,11.17820904420026,-1.5527431951275816
2025-08-20,114274.7421875,114625.796875,112387.9609375,112828.0234375,67993811526,1.2794003430595335,-2.6606927043068995,-1.281516901137536,1.5777122633859586,1.730050023896586,1.5457066954308565,1.2846853886470369,114395.614453125,116530.38671875,-1.9356706819261382,-7.3528633066549105,-7.3528633066549105,11.17820904420026,-5.1129102969558415
2025-08-21,112419.03125,114802.6484375,111986.234375,114275.6875,57817883700,-1.623902974513114,-4.317186112036309,-0.7951411967662692,1.5976116829537073,1.7030323620408863,1.5525008608895674,1.2491846981263623,114586.14596354167,116485.333984375,-3.4908280684677773,-8.857362915219369,-8.857362915219369,11.17820904420026,-14.965961750958545
2025-08-22,116874.0859375,117377.3984375,111678.9453125,112433.734375,82528088240,3.962900798880531,-0.49294292560485564,3.863228554002185,2.723048720753807,1.9122397994026732,1.5263924239547293,1.2393412182370505,114774.41783854166,116702.692578125,0.1468632433311301,-5.245470622065818,-5.245470622065818,11.441880865944887,42.737995510548245
2025-08-23,115374.328125,116996.25,114536.109375,116866.3671875,55377142586,-1.2832252765613172,-0.7552403527456675,1.0126771374449284,2.7482583448824487,1.9143695936748752,1.5375968333462444,1.272124211994092,114929.89609375,116760.525390625,-1.187213967209766,-6.461384693730188,-6.461384693730188,11.441880865944887,-32.89903623484203
2025-08-24,113458.4296875,115615.0859375,111060.546875,115387.390625,73961489632,-1.6605933647771742,0.555919030304608,-1.4021262932049083,2.464332301880463,1.9448477987098292,1.5483688996464777,1.3252088616134021,115031.515625,116679.852734375,-2.760907707184601,-8.01468073301056,-8.01468073301056,12.06240261681586,33.55959910199184
2025-08-25,110124.3515625,113637.84375,109324.28125,113456.8984375,85706860190,-2.9385900493979156,-3.6319404844424086,-3.519399757907282,2.6865424066441146,2.0442054348508365,1.596436865202189,1.4680785993834125,115084.25481770834,116478.998046875,-5.4556156825951385,-10.71775217189721,-10.71775217189721,13.842154519081284,15.880386693723757
2025-08-26,111802.65625,112397.015625,108762.0390625,110124.1015625,69396320317,1.5240086898922645,-0.5482835007084241,-2.8039640348436867,2.785473488334291,2.06889180908146,1.6075657831481374,1.4680785993834125,115162.82526041666,116317.730859375,-3.8816735643111944,-9.357082956465778,-9.357082956465778,14.430658215207636,-19.030611828320197
2025-08-27,111222.0625,112619.4140625,110398.265625,111795.7109375,62137056409,-0.5193022862549412,-4.835993703961449,-5.340426871640158,1.6487442451022307,1.9997951028141774,1.6093365213286048,1.4726637488554686,115227.73125,116003.9890625,-4.122208728463306,-9.82779369700102,-9.82779369700102,14.430658215207636,-10.460589084320226
2025-08-28,112544.8046875,113450.078125,110900.921875,111219.0546875,58860155962,1.189280397942638,-2.4524722990667436,-3.5512615460590036,1.886965346053164,2.0223358688151367,1.611508982329681,1.4646103317807349,115297.05182291666,115796.79296875,-2.808357811884832,-8.755393323047066,-8.755393323047066,14.430658215207636,-5.273665404152251
2025-08-29,108410.8359375,112619.0546875,107559.625,112550.5234375,77843379644,-3.6731759955323295,-4.4488485905389785,-6.943775522151685,2.357479793141798,2.1694588375192185,1.675633419736554,1.678806595110564,115318.31015625,115392.316796875,-6.050212919864062,-12.106968312722799,-12.106968312722799,15.709883878360497,32.2513988822176
2025-08-30,108808.0703125,108929.3515625,107444.4453125,108409.40625,51486264208,0.3664157476186425,-1.195268104941305,-8.799742522967158,2.0847958330489047,2.0796198433236985,1.6663623579785785,1.678806595110564,115370.13997395833,114867.382421875,-5.275050220192945,-11.784914403561174,-11.784914403561174,15.833924057701632,-33.859161249856584
2025-08-31,108236.7109375,109491.0,108104.65625,108818.4609375,47986191770,-0.525107534173741,-3.189499634540216,-8.839052154530725,1.8430120583292569,2.0796889859732492,1.6228807867409794,1.6794499155868037,115359.76315104167,114342.645703125,-5.340032783112458,-12.24813846430589,-12.24813846430589,15.833924057701632,-6.798070304460257
2025-09-01,109250.59375,109890.5859375,107271.1796875,108228.75,66870372995,0.9367272930950854,-1.7725518711721455,-9.088831119119245,1.9756058863812325,2.0689698485216494,1.6247095623364485,1.6794499155868037,115353.14010416667,113796.530078125,-3.994793448450551,-11.426142827102037,-11.426142827102037,16.021020324439128,39.35336505866675
2025-09-02,111200.5859375,111748.015625,108454.03125,109243.0703125,74776999491,1.7848801737061493,-1.1943854305247137,-9.845205611336173,2.1046935631632184,2.009727379577238,1.628867520346438,1.6794499155868037,115405.9109375,113189.35625,-1.7570294402129316,-9.845205611336173,-6.048511071862183,16.021020324439128,11.82381096721441
2025-09-03,111723.2109375,112600.2265625,110582.9609375,111190.6953125,61119643565,0.4699840343410866,3.0553910698646547,-5.606954073874193,0.8447547773547333,1.8368061227686683,1.6296533658015375,1.4156336249281856,115464.11145833334,112857.537890625,-1.005096313747622,-9.421492471516412,-4.9094172024496725,11.24359110027151,-18.264113322230546
2025-09-04,110723.6015625,112208.328125,109347.2265625,111718.1484375,60131132901,-0.8947195185422974,1.7604679914812627,-5.6855568337742195,1.0877236937544619,1.838176648776742,1.6303308749215042,1.418121094891049,115488.9703125,112523.800390625,-1.5998382758808605,-10.231916057978063,-5.760211207034982,10.556976983930412,-1.6173370889323468
2025-09-05,110650.984375,113357.4921875,110233.3984375,110723.015625,60241647677,-0.06558419928113235,2.230549521126979,-5.822017617919084,1.0115873069479167,1.836987949483435,1.6262161096498429,1.4181969200836517,115528.155859375,112181.78203125,-1.3645688529208555,-10.290789737041461,-5.791316105529387,10.556976983930412,0.18378961224954082
2025-09-06,110224.6953125,111275.015625,110024.0859375,110650.5703125,21500719036,-0.38525555367432407,0.8916212983968386,-6.154260292276326,1.0240314056696687,1.8361459418485986,1.6255268244606407,1.4207922066962582,115549.39622395833,111820.363671875,-1.4269926397818988,-10.636399451736889,-5.689362677502219,9.641911478582577,-64.3092115420195
2025-09-07,111167.6171875,111591.078125,110211.625,110221.328125,24618007520,0.8554542812086785,-0.029648000252924245,-4.373844445029862,0.6902630286516058,1.8453095223645546,1.604702778895567,1.4022814447375658,115546.747265625,111566.12890625,-0.35719776482060484,-9.871934705004549,-4.882578292891726,9.421187293214462,14.49853132251311
2025-09-08,112071.4296875,112869.234375,110630.609375,111163.015625,40212813407,0.8130177859939192,0.31167986229361233,-0.6733511092450017,0.7624289407131248,1.7403814795782695,1.5123411942350609,1.2382950094667302,115481.484375,111528.14140625,0.4871311172227166,-9.13917750398403,-4.10925673683411,9.421187293214462,63.347148928809816
2025-09-09,111530.546875,113225.4375,110776.703125,112077.578125,45984480722,-0.4826232823193166,0.7287925077513968,-2.4014014470471245,0.6462199032927471,1.7155970463834544,1.502636627856582,1.2429886532475038,115381.71028645833,111390.931640625,0.1253380614729238,-9.577692987856635,-4.572047789411182,9.421187293214462,14.352806545973484
2025-09-10,113955.359375,114275.25,110940.078125,111531.25,56377473784,2.174124101370767,2.9863042056646805,1.3666085785630777,1.0875631002688653,1.7487897709039903,1.5304595142867543,1.1887673231420923,115323.7125,111467.748046875,2.2316870769461428,-7.611799818090148,-2.4973256809561972,9.421187293214462,22.601088234161047
2025-09-11,115507.5390625,115522.546875,113453.8359375,113961.4296875,45685065332,1.3620945043858246,4.792795058332899,-1.1692471124272852,0.9680209371325624,1.52778356437521,1.52935809673355,1.1887673231420923,115263.56953125,111399.420703125,3.687737632247634,-6.353385220711372,0.0,9.065874301775057,-18.965745951948843
2025-09-12,116101.578125,116769.3828125,114794.484375,115507.7890625,54785725894,0.5142859655061782,4.438307721553647,0.6303395320422345,0.987683516286701,1.5039554447257906,1.5286761837730214,1.1536179580130168,115201.10078125,111435.783203125,4.186980867151258,-5.871773823729864,0.0,8.854384889464217,19.920428034553915
2025-09-13,115950.5078125,116334.6328125,115248.2734375,116093.5625,34549454947,-0.13011908618274504,3.461255143988451,2.196468020810771,1.0877524440372242,1.4507462046940132,1.512606029903148,1.0926126604256767,115170.65611979166,111560.387109375,3.9351967278679956,-5.994252611470452,-0.13011908618274504,8.854384889464217,-36.93712297643614
2025-09-14,115407.65625,116181.5,115222.3984375,115950.2890625,32798036057,-0.46817523505617853,3.4762757680596224,4.797580746254404,1.0838790299880268,1.270731979906426,1.5097321714644938,0.8792020554670289,115115.14192708333,111824.55234375,3.2042193160188193,-6.434364240273016,-0.597685135901338,8.854384889464217,-5.0693097552095505
2025-09-15,115444.875,116747.8828125,114461.0625,115399.6328125,52937859416,0.03224981011604733,1.307104495277267,3.257721124134738,0.7094988558460956,1.2348139341712392,1.508334185518143,0.8792020554670289,115051.05911458333,112006.66328125,3.0696492673088605,-6.404189500406632,-0.5656280781067169,8.854384889464217,61.40557722419362
2025-09-16,116843.1875,117005.2734375,114813.09375,115423.7578125,45781744593,1.2112382641498831,1.1563300961483503,5.05396579927655,0.6518950492374432,1.244730512129607,1.5106644174443467,0.8715001498060503,115031.72513020833,112287.71953125,4.056960091243278,-5.270521229994351,0.0,9.074286102154506,-13.5179527505359
2025-09-17,116468.5078125,117328.609375,114794.9765625,116840.5078125,60528025996,-0.32066883445814875,0.3160419465659148,3.486347624748065,0.6682107502391763,1.2307459907418419,1.511202763022043,0.8744449303310102,115007.20065104167,112483.9046875,3.5423762502465816,-5.574289145454403,-0.32066883445814875,9.37570530761298,32.209959524466655
2025-09-18,117137.203125,117911.7890625,116188.796875,116461.265625,49457272032,0.5741425944741474,1.0234498622627486,8.049349598716171,0.6906725129079653,0.8334132640047435,1.51140873836573,0.3000713939612696,115004.47421875,112920.223046875,3.7344772834662754,-5.032150919303469,0.0,9.91935523222358,-18.29029409406415
2025-09-19,115688.859375,117479.7578125,115141.8203125,117137.671875,38828473971,-1.2364506846338497,0.2436607190001716,6.323785582023622,0.9241000333688344,0.909507862760736,1.5198431539478845,0.4080237202056214,114975.29622395833,113264.2625,2.1406548027450345,-6.206381539443784,-1.2364506846338497,9.91935523222358,-21.490870046619072
2025-09-20,115721.9609375,116191.1484375,115473.5234375,115691.125,22864449614,0.028612575730124767,0.24001579758303748,6.915629581835936,0.9241209993929752,0.8909560511411403,1.4924350812903215,0.39076394425296446,114904.07200520833,113638.525,1.833388753945897,-6.179544769331724,-1.2081918892922205,9.91935523222358,-41.11422037580752
2025-09-21,115306.09375,115901.0859375,115252.578125,115730.2265625,22495852193,-0.3593675600818802,-1.315518502094959,5.542761638309179,0.6606935622348116,0.8923009243763402,1.4874274859346064,0.39894073781715256,114846.59088541666,113941.3,1.1978042641254794,-6.516705050151883,-1.563217599660438,8.720522145183063,-1.6120983763996066
2025-09-22,112748.5078125,115431.3125,112037.6484375,115309.21875,70684158591,-2.218083931492132,-3.1939964457935233,1.3920087398370473,1.1006835427770283,0.9801504287130629,1.513462047804964,0.6365127874970571,114752.93268229166,114018.69609375,-1.1140175469167013,-8.590242994063857,-3.746628052760248,7.832446024686979,214.20973957587915
2025-09-23,112014.5,113351.9140625,111535.5703125,112757.4765625,47211853279,-0.651013327573835,-4.373250332375989,0.2607238550125013,0.8755472523221381,0.9883147938559542,1.5136676099881519,0.6529467407692695,114659.24296875,114033.260546875,-1.7703260760882578,-9.18533269487536,-4.373250332375989,7.832446024686979,-33.20730667223173
2025-09-24,113328.6328125,113986.2734375,111229.640625,112007.6640625,48044595085,1.1731809832655538,-2.0401502575536967,2.3527334852177395,1.2276555647556688,0.9959799930004447,1.521597930480423,0.6215410649652874,114582.2640625,114163.512109375,-0.7313013426524129,-8.119912288035758,-3.251375490360464,7.169069443104181,1.7638405361443565
2025-09-25,109049.2890625,113541.0859375,108713.3984375,113330.1640625,75528654284,-3.776048156409062,-5.766124096880654,-1.4475201658141645,1.8912209324411187,1.3241031386828719,1.5851938359252484,1.0483440346825226,114408.94401041667,114083.42734375,-4.412681489732428,-11.589348646190412,-6.904650142507829,8.461137962022413,57.205309255651926
2025-09-26,109712.828125,110359.1953125,108728.9765625,109041.296875,57738288949,0.608476284627324,-4.850797944059226,-0.46438521426509505,2.038268135909638,1.3300635515746484,1.5809547070464591,1.044798604024998,114272.083203125,114057.833984375,-3.809476041751092,-11.051390799617945,-6.3381870165341585,8.461137962022413,-23.55445824323221
2025-09-27,109681.9453125,109778.5,109144.296875,109707.140625,26308042910,-0.028148770775293652,-2.719825352455818,-1.3364250422802537,1.9365026645495422,1.3142165733128819,1.5809286003621672,1.0448175633273937,114134.746484375,113983.550390625,-3.7738823394983467,-11.076428739729572,-6.364551665574869,8.461137962022413,-54.43570741551107
2025-09-28,112122.640625,112375.484375,109236.9453125,109681.9453125,33371048505,2.225248016477188,0.09654163077101874,0.04569490872277093,2.288527891488736,1.3987530321640023,1.6093843789362905,1.0448175633273937,114039.60403645833,113986.1109375,-1.6348222578817184,-9.097658734079717,-4.2809307087935515,8.461137962022413,26.847324292280472
2025-09-29,114400.3828125,114473.5703125,111589.953125,112117.875,60000147466,2.031473906432546,0.9457009878282019,2.5731389452581244,2.422965416887975,1.463468314856151,1.616333640947268,1.0392292716266025,114016.97369791666,114129.602734375,0.2372566552739208,-7.251001390926293,-2.336422792662607,8.461137962022413,79.79701014491694
2025-09-30,114056.0859375,114836.6171875,112740.5625,114396.5234375,58986330258,-0.3009577997342028,4.5913154666514355,0.08839124640775964,1.1645815599305183,1.384698843496759,1.5932275043744522,1.0414059049508992,114029.24036458334,114134.6390625,-0.06882496466037447,-7.530136736415671,-2.6303489457675244,8.461137962022413,-1.6896911937999692
2025-10-01,118648.9296875,118648.9296875,113981.3984375,114057.59375,71328680132,4.026829179914837,8.144992445476618,2.7196412030735306,1.7840052269084985,1.6280916412927084,1.6717828019167824,1.0414059049508992,114131.27395833333,114291.70859375,3.812368497558949,-3.806533299890291,0.0,9.139196633349655,20.924084987175597
2025-10-02,120681.2578125,121086.40625,118383.15625,118652.3828125,71415163912,1.7128920845327356,10.028371094861011,3.9445455965889886,1.5425673179572204,1.6639940331102046,1.6749869493785077,1.0414059049508992,114239.000390625,114520.692578125,5.3794341404042045,-2.1588430229464883,0.0,11.381309010971009,0.12124685307501881
2025-10-03,122266.53125,123944.703125,119344.3125,120656.984375,83941392228,1.3136036748664148,9.047138533712173,5.447171863803701,1.5541232478077665,1.6798500780138763,1.6802476485920925,1.040999380421117,114358.91119791666,114836.49375,6.470101321776034,-0.8735979893641055,0.0,14.010512877358504,17.540011994420702
2025-10-04,122425.4296875,122857.640625,121577.5703125,122267.46875,36769171735,0.1299606980548873,7.014877640884198,6.080856041559191,1.696252136285671,1.6711505774021094,1.6758664921661117,1.0357221188625618,114496.97760416666,115187.382421875,6.2837153804881085,-0.744772625354384,0.0,14.010512877358504,-56.196614376935415
2025-10-05,123513.4765625,125559.2109375,122191.9609375,122419.671875,73689317763,0.8887425412982486,8.29187723501439,6.989137943542323,1.470555376074312,1.6746596672912644,1.6766606651349052,1.0357221188625618,114638.40221354166,115590.8125,6.854060362712655,0.0,0.0,15.495617598308042,100.41060020086418
2025-10-06,124752.53125,126198.0703125,123196.046875,123510.453125,72568881188,1.0031736794915869,5.144253368804752,6.769195465503719,0.5863981341986644,1.6696778032985937,1.6597993559264235,1.0357221188625618,114759.32942708333,115986.2796875,7.558007366146047,0.0,0.0,16.08327227949924,-1.5204871058835834
2025-10-07,121451.3828125,125184.0234375,120681.96875,124752.140625,76149412513,-2.6461574802715715,0.6381479725679817,4.27830243006273,1.6159966950037692,1.7945072080467106,1.6947114163597392,1.1906663482904758,114838.70703125,116235.4234375,4.487409449499391,-2.6461574802715715,-2.6461574802715715,16.08327227949924,4.933976198040213
2025-10-08,123354.8671875,124167.09375,121119.1796875,121448.3515625,65354305286,1.567280940669602,0.8901339772817041,5.308018201412046,1.6653662910385565,1.8182605464710402,1.705185031286975,1.1906663482904758,114952.948828125,116546.306640625,5.841935916398833,-1.1203492614503596,-1.1203492614503596,16.08327227949924,-14.17621866111849
2025-10-09,121705.5859375,123739.34375,119812.03125,123337.0703125,74653009425,-1.3370216251727518,-0.5879854796813522,5.200783026995759,1.801905595749726,1.8227930244174013,1.6880648327802095,1.1960882824790904,114992.929296875,116847.14296875,4.157947593163969,-2.4423915747200486,-2.4423915747200486,16.08327227949924,14.228143193179864
2025-10-10,113214.3671875,122509.6640625,104582.4140625,121704.7421875,153125018868,-6.976852117831744,-8.338449909786538,-2.166912597820836,3.422424928795905,2.440109508707671,1.9154975631795985,1.965820554676455,114900.97799479167,116721.76328125,-3.0049204151402775,-9.248841644245198,-9.248841644245198,20.66853824686259,105.11566787114823
2025-10-11,110807.8828125,113429.7265625,109760.5625,113236.4296875,110236934340,-2.125599811033263,-11.177848094765608,-3.9011042618898872,3.0784049456817333,2.482324341744911,1.9263102957157723,2.020866628172111,114744.89427083333,116496.852734375,-4.883367909385883,-11.177848094765608,-11.177848094765608,20.66853824686259,-28.00854154667649
2025-10-12,115169.765625,115805.0625,109715.5390625,110811.515625,93710414091,3.9364372838716077,-5.172124879959361,2.1474854607623994,4.124979962352778,2.5939008408389688,1.964672953657681,1.9590577103552966,114608.65598958333,116617.915625,-1.2417903306184197,-7.681419790830901,-7.681419790830901,20.66853824686259,-14.991817713315413
2025-10-13,115271.078125,116020.484375,113821.1875,115161.6796875,71582026739,0.0879679657679322,-6.55327936936011,2.907282650906806,3.9450894615893892,2.5873133895699216,1.8951956299441086,1.9536417775192565,114557.18098958333,116780.74453125,-1.2927357265187012,-7.600209013795056,-7.600209013795056,20.66853824686259,-23.61358400413388
2025-10-14,113118.6640625,115502.8828125,110029.484375,115264.8828125,92212917403,-1.8672628880645359,-7.055487066476706,-0.18527422840032282,3.9540208199900473,2.614798789029591,1.907467288692476,1.9977611793019094,114485.85286458333,116770.24609375,-3.1271510966229377,-9.325556019529667,-9.325556019529667,20.66853824686259,28.82132792806169
2025-10-15,110783.1640625,113622.3828125,110235.8359375,113113.96875,72574132855,-2.064646024028005,-2.1474333915355137,1.5899920255383337,2.5953893426814623,2.5098011370172073,1.9251216353027751,1.8684916124447746,114374.04973958334,116856.93984375,-5.197616666473792,-11.197662321981937,-11.197662321981937,20.66853824686259,-21.297216378234975
2025-10-16,108186.0390625,111990.8125,107537.03125,110782.171875,87306423067,-2.3443318504017374,-2.3661166366985564,-1.3916231024146741,2.633175361609585,2.565129998407232,1.9471731748596983,1.9406327568648518,114219.59934895833,116780.600390625,-7.359579672802363,-13.279483808069026,-13.279483808069026,20.66853824686259,20.299643457586303
2025-10-17,106467.7890625,109235.8046875,103598.4296875,108179.1328125,99703051669,-1.588236351834038,-7.555782123265042,-2.930433300432811,0.9592627230386042,2.588417915174682,1.9529894461752115,1.9728508850940616,114056.52395833333,116619.892578125,-8.705293146127701,-14.656810570727396,-14.656810570727396,21.814655582300624,14.198988077299513
2025-10-18,107198.265625,107490.984375,106387.453125,106483.734375,37779905278,0.6861009972426446,-7.003328702491906,-4.391954178522983,1.2178606523861049,2.53751397446657,1.9202407697536548,1.9728508850940616,113962.64205729167,116373.673828125,-7.884436317337862,-14.071270096974487,-14.071270096974487,21.814655582300624,-62.10757379480827
2025-10-19,108666.7109375,109488.9921875,106157.7890625,107204.3125,47657008953,1.3698405510000455,-3.9356486057333773,-5.011934168434884,1.6971756971295229,2.5111585484958736,1.921350760290631,1.9728508850940616,113869.17486979166,116086.990234375,-6.391999036148455,-12.894183509803536,-12.894183509803536,21.814655582300624,26.143802114696246
2025-10-20,110588.9296875,111711.03125,107485.015625,108667.4453125,63507793085,1.768912239467313,-0.17532842345107102,-3.0398695707477774,1.8365942856000301,2.5502731613054612,1.924632469688667,1.9717027755103913,113838.67317708333,115913.632421875,-4.5936811944564,-11.353358060620511,-11.353358060620511,21.814655582300624,33.26013209858021
2025-10-21,108476.890625,113996.34375,107534.75,110587.6328125,101194375480,-1.9098105646452646,0.26884389614447723,-8.573224460845397,1.7047550249537304,2.3817769329495744,1.867705496447819,2.017419305597355,113698.719921875,115405.03046875,-6.003325691791261,-13.046340993582039,-13.046340993582039,21.814655582300624,59.34166590320591
2025-10-22,107688.5859375,109115.1328125,106778.0,108491.53125,80807013218,-0.7267028792566799,1.1466349454137381,-10.766105781882429,1.53046489158729,2.3286865618176487,1.8631406548633869,2.023952941234778,113570.62421875,114755.396875,-6.158151276490898,-13.678235737200728,-13.678235737200728,21.814655582300624,-20.146734603870698
2025-10-23,110069.7265625,111288.59375,107548.4296875,107679.4375,54944076060,2.2111355667553845,2.678644958254184,-9.9755874013969,1.7746567924654568,2.374520102883052,1.875097757523688,2.023952941234778,113514.14583333333,114145.556640625,-3.5707303885312958,-11.76954450573523,-11.76954450573523,21.814655582300624,-32.00580757542336
2025-10-24,111033.921875,111842.53125,109770.1484375,110069.3515625,48160816980,0.8759859251149305,2.1784140856729417,-9.304854262368256,1.7302992337158405,2.390689538960746,1.8392383956738316,2.023952941234778,113529.30533854167,113575.98125,-2.2382015519676557,-10.996658133940674,-10.996658133940674,21.814655582300624,-12.345751473903299
2025-10-25,111641.7265625,111947.703125,110704.40625,111032.6171875,24707667305,0.5474045023684315,0.9519911965645944,-9.611704188403024,1.5757848189242258,2.3817593063440308,1.8300962132944882,2.023952941234778,113526.62317708334,112982.39375,-1.1866160230827982,-10.509449833307494,-10.509449833307494,21.814655582300624,-48.69757438861454
2025-10-26,114472.4453125,115260.90625,111268.484375,111639.0546875,41708524143,2.535538312743024,5.52703405578463,-8.240382647546484,1.3216597905968654,2.4553772247987067,1.8572920186830426,2.023952941234778,113580.79622395833,112468.389453125,1.7818836644853508,-8.240382647546484,-7.200706447601036,20.835831020906383,68.80802071735684
2025-10-27,114119.328125,116273.3125,113882.2890625,114479.8515625,61761358733,-0.30847352525406047,5.971609833592062,-6.037028576956949,1.184122531398982,2.3977905225087346,1.8519851968710537,1.9367591057233173,113607.03828125,112101.78671875,1.7997406333154942,-8.52343677395323,-7.486967699832981,19.854223779785517,48.07850433941929
2025-10-28,112956.1640625,116078.984375,112291.6796875,114129.0859375,64528066504,-1.019252462848308,2.6223718275170116,-8.429909060008079,1.3458587852973896,2.362224701360841,1.792531201432222,1.9501229737514763,113682.79375,111581.8515625,1.2316631071767281,-9.455813897563702,-7.189005999686104,19.44133142100142,4.479674391492461
2025-10-29,110055.3046875,113642.7265625,109368.71875,112921.328125,62192043469,-2.5681284408657135,-0.8813677576855361,-9.572511532858341,1.8924690455725395,2.4032692350780294,1.8244573605116796,2.010811392419361,113703.58098958334,110999.3375,-0.8504850873546799,-11.781104892410754,-4.524789324728973,18.254363924284256,-3.6201658620209742
2025-10-30,108305.546875,111612.3515625,106376.6875,110059.1953125,69673964814,-1.5898895718551742,-2.988291018262168,-4.3358634018333175,1.9329560169125648,1.881285935750049,1.8351503304440504,1.317545682211253,113704.72825520833,110753.896484375,-2.2106216459123917,-13.18368790613217,-6.042739742961867,12.234628315055751,12.030351356326484
2025-10-31,109556.1640625,111031.8203125,108288.2734375,108304.4140625,60090359560,1.1547120379193476,-4.294728951215266,-1.1296296962176045,1.399897885209774,1.847691261634197,1.8372150132507459,1.2288278548601852,113709.82109375,110691.310546875,-1.0255064094613742,-12.18120949950665,-4.957803948274641,12.234628315055751,-13.754930237692331
2025-11-01,110064.015625,110574.8984375,109372.953125,109558.625,25871668762,0.4635536182247879,-3.5535720080283273,-4.433238161328424,1.5146655496384933,1.600975909904671,1.8235873662107214,1.2288278548601852,113690.87825520833,110436.023046875,-0.33685333065379686,-11.774122318660362,-4.5172324096365735,12.234628315055751,-56.94539198726672
2025-11-02,110639.625,111167.3125,109523.453125,110064.4296875,34284209459,0.5229768982454308,-2.0508301443542543,-4.017879593333595,1.5914853575508834,1.6082367744974093,1.8238319621866723,1.2288278548601852,113672.81848958334,110204.450390625,0.3948793427420494,-11.312721360112688,-3.348247084297651,12.234628315055751,32.51642085552764
2025-11-03,106547.5234375,110764.9140625,105336.359375,110646.90625,72852006359,-3.698585893164408,-3.1872895722385053,-5.809068449897293,2.002998885711236,1.7541244658799697,1.8821417678122925,1.42114786094863,113603.2171875,109875.893359375,-3.0292085189139506,-14.592896536918964,-6.922995183133929,12.234628315055751,112.49434508945781
2025-11-04,101590.5234375,107264.8828125,98962.0625,106541.421875,110967184773,-4.652384063068105,-6.200073432296216,-8.297867914129831,2.712647179506983,1.9740269951480574,1.9738487221502334,1.6996343594922525,113452.20950520833,109416.261328125,-7.152262191774794,-18.56636300716343,-11.253294921614943,17.492814481306908,52.31863927834202
2025-11-05,103891.8359375,104534.703125,98989.9140625,101579.234375,77584934804,2.265282648549194,-5.170250504361029,-3.9692765926287454,2.989307083339543,2.005571689778856,1.9973970742930078,1.6167752981556334,113346.66184895833,109201.551171875,-4.862307519806119,-16.721660958282158,-9.242931210315142,17.492814481306908,-30.082992586761925
2025-11-06,101301.2890625,104147.3046875,100336.8671875,103893.6640625,63932752861,-2.493503798083263,-7.961481791065628,-4.8526413908784205,2.914029388702352,2.048706903355153,2.017540449958187,1.6729362476838934,113182.223046875,108943.226171875,-7.014605109379302,-18.79820950526806,-11.50596216761498,17.492814481306908,-17.5964341240848
2025-11-07,103372.40625,104052.9140625,99257.0546875,101286.2421875,92168030081,2.0445121741957006,-6.568368927497725,-3.568956412395319,3.2524185628148286,2.1024294813645845,2.033544160355403,1.6729362476838934,113037.23932291666,108751.933203125,-4.946603517453985,-17.13802901293836,-9.696690790694518,17.492814481306908,44.16402541180731
2025-11-08,102282.1171875,103373.5625,101458.0390625,103371.703125,51446691095,-1.0547196317199026,-4.003289905186824,-5.8753906278364525,2.968944384134309,2.079328129833197,2.0366406980786538,1.6894784295431042,112883.098828125,108432.703515625,-5.672261346171004,-18.011990488168948,-10.649137521017781,17.492814481306908,-44.181631038672386
2025-11-09,104719.640625,105418.3671875,101468.875,102278.984375,59679243013,2.383137448193029,3.0801270449453577,-5.307302529362856,2.255162719113717,2.115429917303877,2.040811817505035,1.6894784295431042,112729.17018229167,108139.2390625,-3.1622179582044274,-16.05810353046444,-8.519783656997692,17.492814481306908,16.00210187045461
2025-11-10,105996.59375,106564.6953125,104350.6484375,104723.7734375,69585887229,1.2194017448672767,2.0259126172014197,-2.286474898671531,2.109223417112594,2.101951333563754,2.0391378038012697,1.634615717607628,112570.65442708334,108015.22421875,-1.8688388450334603,-15.034514580240232,-7.404272302702763,17.492814481306908,16.599815473266013
2025-11-11,102997.46875,107428.2578125,102457.328125,105996.859375,71130078574,-2.829454130454079,1.6743910202895007,-4.35618793455289,2.2272747602495664,2.1861456699840036,2.0669434948655825,1.7452375839211938,112352.25260416667,107780.668359375,-4.437901232367847,-17.438574016909982,-10.024225944657939,17.492814481306908,2.2191156949946222
2025-11-12,101663.1875,105297.234375,100836.6171875,103011.4375,64347179408,-1.2954505253314763,-1.6534574476929187,-7.637467017533273,2.089574207512259,2.1223162386038155,2.0719533443245233,1.7691138537443443,112114.13059895833,107360.34140625,-5.3065720839057695,-18.508116443529076,-11.189817582328931,17.492814481306908,-9.53590843983594
2025-11-13,99697.4921875,104005.4921875,97988.71875,101674.1484375,101546815416,-1.933536967351135,-2.526956882660103,-10.209879553982027,2.201281519206096,2.1281378951780714,2.0837993240518657,1.8211787632508338,111852.29453125,106793.519921875,-6.644623886885759,-20.08379213748418,-12.906995290146583,18.659896754696568,57.81082613137063
2025-11-14,94397.7890625,99804.4296875,94000.734375,99694.703125,114346441890,-5.315783786249007,-9.856652964903168,-15.445781815588798,2.3739722560552052,2.3647231726280946,2.1846774809500507,2.1747574464347115,111501.509765625,105931.323046875,-10.887746563187328,-24.331964957624862,-17.53667111347006,23.69404693813064,12.60465571624736
2025-11-15,95549.1484375,96728.46875,94420.46875,94420.46875,38500716654,1.2196889211437911,-9.856397213235923,-16.530875027034686,2.3740705556248916,2.2837040175665266,2.1847775613827305,2.1747574464347115,111146.60911458333,104985.158203125,-8.987946417500492,-23.40905031736581,-16.27259815897203,23.69404693813064,-66.3297641643828
2025-11-16,94177.078125,96564.1875,92971.1640625,95556.8671875,71086235862,-1.435983820826503,-8.56369649860934,-17.47491010300758,2.338415543197329,2.2829177253985824,2.1896005275856947,2.19725160865065,110775.08528645833,103988.045703125,-9.434707145217713,-24.508883963025795,-16.62510947796466,24.85482519823645,84.63613677854632
2025-11-17,92093.875,95928.3671875,91214.7578125,94180.875,94186165724,-2.212006537551514,-9.412760641603924,-18.469367506988497,2.3295660396714712,2.3008624919100926,2.1996303174311786,2.240673893871057,110357.696484375,102944.93125,-10.540641601526147,-26.178752385034276,-16.76230374063542,24.58809219896485,32.49564361073216
2025-11-18,92948.875,93745.078125,89300.4609375,92094.53125,101333569062,0.9284005043766586,-6.769094226370253,-15.543484919762285,2.6585445567466657,2.3074939215354235,2.203030049908894,2.1658382474774323,109978.69674479167,102089.609765625,-8.953638657851759,-25.493395549839793,-15.989524548731971,24.985190883410713,7.588591469945283
2025-11-19,91465.9921875,92946.1640625,88526.828125,92946.1640625,80350354656,-1.5953746750565823,-3.105789769142664,-15.54819228874329,1.5758858741003654,2.30759113131861,2.2083947831699517,2.166039909464278,109574.43059895834,101247.63203125,-9.661104805622422,-26.682055048482233,-17.329806398476133,25.574715433192296,-20.707071309371937
2025-11-20,86631.8984375,93025.0703125,86040.796875,91459.3515625,97970645638,-5.28512689185111,-9.332631578430961,-20.924669845068767,2.22836181483116,2.4622787558776684,2.2978502174920727,2.4674596658386148,109096.52734375,100101.41875,-13.455873533760476,-30.55700147366749,-21.69903103205565,29.20302523639313,21.929325710430135
2025-11-21,85090.6875,87380.8046875,80659.8125,86528.7734375,129157506112,-1.7790340109098413,-9.648197635670696,-22.689820994798904,2.2149738163351733,2.4364462731692966,2.2928150087012527,2.4993209684110416,108635.563671875,98852.75234375,-13.921782163327002,-31.792416035646575,-23.092031900867337,37.82242861028222,31.832862048531307
2025-11-22,84648.359375,85503.0078125,83490.8984375,85098.5625,40793099246,-0.5198314151592665,-8.084702294262236,-23.4918236798073,2.2999571314628136,2.4074961998468174,2.292674662685763,2.5020224895369005,108179.461328125,97553.1890625,-13.228506224673165,-32.14698048461442,-20.553423820635196,37.32354518242897,-68.41600579479606
2025-11-23,86805.0078125,88038.46875,84641.7734375,84648.609375,58083435576,2.5477734635657168,-6.609942495269571,-18.52930503502581,2.811072589009601,2.4841733023127928,2.3158149562790693,2.361385114226964,107737.40091145833,96566.06328125,-10.108163403452398,-30.41823925917335,-18.105851573650213,33.186842967803834,42.38544422852455
2025-11-24,88270.5625,89206.3359375,85272.1953125,86798.7734375,74433896110,1.688329653360121,-3.493571338459389,-13.111420717991118,3.1011162181852447,2.3951439299890156,2.288753571227788,2.1198834364601717,107391.08880208334,95900.065234375,-7.955680442686742,-29.24346975925589,-16.72320838140141,33.186842967803834,28.149954237135354
2025-11-25,87341.890625,88457.3359375,86131.4296875,88269.9609375,64837343545,-1.0520742688141405,0.819550535432656,-15.929976752414154,1.8524949907207435,2.2936956318568464,2.2873061991274897,2.1328968089275273,107018.23984375,95072.56796875,-8.131343781826782,-29.987881007424445,-17.59934207791465,33.186842967803834,-12.892718326631735
2025-11-26,90518.3671875,90581.15625,86316.8984375,87345.5859375,66496301869,3.636830551491177,6.378700004627413,-10.644407366176011,2.0002898124686586,2.464171042616968,2.3443620178520623,2.0587303703934725,106698.846875,94533.421875,-4.247232997456751,-27.441658874156104,-14.602569775974528,33.186842967803834,2.5586463499211787
2025-11-27,91285.375,91897.578125,90089.515625,90517.765625,57040622845,0.8473504729832548,7.840690208297385,-11.69270571178177,1.7771267302506095,2.4122836568011605,2.3259599889148586,2.0587303703934725,106351.55911458333,93929.0703125,-2.81456561180099,-26.826835427437466,-13.878954247055697,33.186842967803834,-14.219856981863465
2025-11-28,90919.265625,92969.0859375,90257.1171875,91285.3828125,60895830289,-0.40106027389381627,4.739654907222457,-11.109323775210889,1.844464942210613,2.4101097987183646,2.305473447371811,2.047142283786954,105960.20716145834,93360.927734375,-2.6152933230503828,-27.120303921688958,-14.224351549032676,33.186842967803834,6.758705027601097
2025-11-29,90851.7578125,91187.6171875,90260.1875,90918.7421875,37921773455,-0.07425028351905061,2.924185866041129,-13.24286707797323,1.8350227006586288,2.312891701929281,2.3057504862023976,2.0472096095169636,105573.468359375,92667.53359375,-1.959451936219947,-27.17441730265493,-14.288040211197828,33.186842967803834,-37.72681434011081
2025-11-30,90394.3125,91965.046875,90394.3125,90838.2109375,38497902869,-0.5035073877646679,3.4947971164323466,-14.719606260932327,1.7253193442242267,2.270031268939594,2.2329575446404406,2.0503031897198225,105102.55807291667,91887.41953125,-1.6249308543725083,-27.541099491718736,-12.236374741005463,33.186842967803834,1.5192575702812627
2025-12-01,86321.5703125,90398.15625,83862.25,90389.109375,87962894424,-4.505529247207896,-4.636403644253484,-16.190590545459404,2.069862981201511,2.378480056480864,2.275831116336879,2.195095060773083,104529.89661458334,91053.624609375,-5.196997173012896,-30.805756446324605,-15.090631687600787,30.544853888669763,128.48749637952648
2025-12-02,91350.203125,92316.6328125,86202.1953125,86322.5390625,78546798211,5.825464938016567,0.07101698930414013,-10.14426620747062,3.6956882111340734,2.803595658232423,2.4084901473578935,2.1758981416075764,104014.62447916667,90537.975390625,0.8971127649703314,-26.774870048979473,-8.372616882680806,28.943384523116755,-10.704622982973255
2025-12-03,93527.8046875,94060.7734375,91056.390625,91345.09375,77650204986,2.3837949867722363,2.869071856848282,-6.188407917419559,3.8152000415241436,2.8528586174421515,2.435209974678271,2.1325113041776897,103532.99739583333,90229.491015625,3.6554718803676334,-25.029333072149583,-2.115501585367019,23.735013253967097,-1.1414764769806185
2025-12-04,92141.625,94038.2421875,90976.1015625,93454.2578125,64538402681,-1.482104377550164,1.4197492911056653,-2.3900602809735383,3.9299516738955096,2.6156318024243763,2.4328754781059074,1.8012657407045494,103010.133203125,90116.6828125,2.247022553763056,-26.14047660856581,-3.5662520213133098,19.9215145088516,-16.885727870730026
2025-12-05,89387.7578125,92702.640625,88152.140625,92133.6484375,63256398633,-2.9887330373216225,-1.1135155074054048,-6.448399306279795,4.210991037912526,2.6734981424928,2.4467873615600078,1.9212455665673756,102420.7203125,89808.61328125,-0.46861370348969533,-28.347940585373898,-5.085441604105833,19.717842760916415,-1.986420479503781
2025-12-06,89272.375,90267.4609375,88951.6640625,89389.359375,37994042405,-0.12908122468182626,3.418386246702343,-5.207958478484597,3.469829675115799,2.6601796488593292,2.4313212008978566,1.894443229157129,101884.403515625,89563.378125,-0.32491307395067226,-28.44042994117605,-4.549908662689628,18.929568783091334,-39.936444018203986
2025-12-07,90405.640625,91740.84375,87799.5625,89277.8125,47394898960,1.2694471554050235,-1.0340015322215512,-1.833166836556721,2.1366185819002688,2.637710482112282,2.4273663178620564,1.8287335788437742,101335.24973958333,89478.96640625,1.035633575093775,-27.532019014644238,-3.338220193376651,16.614173182587045,24.7429753717463
2025-12-08,90640.203125,92267.1171875,89644.890625,90424.5859375,57394099056,0.25945560296725123,-3.0874257897405055,-2.4838083032204583,1.6536630626188686,2.628751342168793,2.426644994035017,1.8287335788437742,100817.493359375,89363.5328125,1.428625606351841,-27.343996777620493,-3.0874257897405055,16.614173182587045,21.097629313312915
2025-12-09,92691.7109375,94601.5703125,89586.9765625,90639.703125,66861721440,2.2633530616329445,0.5970004734559442,1.3400814014976614,1.9786228303918592,2.6541532763429285,2.2957826186677197,1.7936012613454988,100475.44908854166,89424.81875,3.6532276309477973,-25.69953490422664,-0.8939520742452967,17.284639500618717,16.495811485362545
2025-12-10,92020.9453125,94477.15625,91640.1328125,92695.234375,65420694513,-0.7236522211271801,2.945803278255821,6.220626550032127,1.1846683622335081,2.34502667555213,2.2840618181078773,1.3588821870967658,100162.33346354167,89694.27109375,2.594005381144271,-26.237211870200028,-1.611135191331392,17.284639500618717,-2.1552345586751565
2025-12-11,92511.3359375,93554.265625,89335.296875,92011.3046875,64532834621,0.5329119618741718,3.628178299837992,8.720870233302547,1.119717062617079,2.292072306949813,2.2188161298712497,1.299350875556788,99784.69296875,90065.303515625,2.7158432008733024,-25.844121148844422,-1.0868091616137887,13.307644405476449,-1.3571544885136788
2025-12-12,90270.4140625,92747.9296875,89532.6015625,92513.6640625,80275884583,-2.422321386120674,-0.14957757233413638,6.641658183348587,1.722190738951068,2.372242943768095,2.234220550207388,1.4029196369299797,99368.015234375,90346.40625,-0.08411202022770015,-27.640414861321705,-3.4828045369863725,12.805905294098352,24.39541057580781
2025-12-13,90298.7109375,90647.5703125,89800.9921875,90257.796875,64237748110,0.03134678764229459,-0.37675576149035495,4.024771396307503,1.7160119062789445,2.31551927570488,2.22625864037946,1.4029196369299797,98987.68268229166,90521.09140625,-0.24566702112767125,-27.617732455829426,-3.4525494966862746,12.805905294098352,-19.978772649235175
2025-12-14,88175.1796875,90498.109375,87634.9375,90296.4375,50465972205,-2.3516739363752315,-4.872637697933313,-0.10805732941828738,1.3545291173750542,2.356793168163088,2.230309503486082,1.498232966809593,98610.88294270834,90516.322265625,-2.5864313965991537,-29.319927376223077,-5.723030726407474,12.805905294098352,-21.438758845371364
2025-12-15,86419.78125,89983.921875,85304.078125,88171.078125,45559514323,-1.9908078936967,-6.086836038772081,-1.055746982806971,1.410403728888283,2.388419977363826,2.2254269197268135,1.5451617433007747,98248.11197916667,90470.216796875,-4.477092782886871,-30.72703184128779,-7.59990407264417,12.805905294098352,-9.722309246454753
2025-12-16,87843.984375,88170.09375,85381.6875,86424.40625,41262178223,1.6480059361409172,-5.0451671843256385,-2.9545195031636773,1.7962371860914728,2.2661594775446834,2.2340894822782507,1.5451617433007747,97937.715234375,90336.49765625,-2.7591431435991076,-29.5854092138912,-6.077145006761442,12.805905294098352,-9.432357135182535
2025-12-17,86143.7578125,90264.5703125,85316.265625,87847.6171875,44243392914,-1.935507109105894,-4.571438264526906,-5.632465427786215,1.7122565024241205,2.288600205085237,2.2401984210829156,1.6046289918327732,97586.80677083334,90079.416796875,-4.369099095356854,-30.948288624404164,-7.895028542230797,12.805905294098352,7.225054079520787
2025-12-18,85462.5078125,89412.6640625,84436.3125,86144.3671875,52667115348,-0.7908292107279613,-5.355783127787239,-6.00176186530873,1.6358612056610387,2.291480002632959,2.2296048962512556,1.6118505750510819,97200.07005208333,89806.57890625,-4.837141272561796,-31.49436972846994,-8.623421561051492,12.805905294098352,19.03950370708225
2025-12-19,88103.3828125,89339.1171875,85107.6640625,85476.1328125,46733310561,3.090097713717843,-0.08142526644624448,-3.0251203346798206,2.2693310834820397,2.4127724972007663,2.2574868584410375,1.611765063854646,96825.3109375,89669.16015625,-1.7461715276708367,-29.37747881368139,-5.799795999835943,12.805905294098352,-11.266621966652545
2025-12-20,88344.0,88497.203125,87924.875,88101.671875,14688196659,0.2731077738661547,2.2265952565113656,-2.268187503500285,1.979058050177541,2.4126264329150224,2.2495475074505045,1.6078279250546963,96489.76276041666,89566.64453125,-1.3650668032153646,-29.184603218221273,-5.542527919713713,12.805905294098352,-68.57017728322968
2025-12-21,88621.75,89027.953125,87613.203125,88344.703125,19845522660,0.3143959974644561,0.8853942936829506,2.664663859998062,1.8649902216045378,2.1773023160359313,2.2503455843989006,1.253044670677547,96171.98216145833,89681.653515625,-1.1818509963582913,-28.96196244515079,-5.245557408187185,12.038964648651618,35.11204350494528
2025-12-22,88490.015625,90501.9296875,87908.0703125,88621.3984375,38047472118,-0.14864790528285043,2.7236538921448616,-3.13101383703136,1.4891422537751635,1.7200344803590615,2.2262195435841345,1.2534854433541107,95812.3203125,89538.644140625,-1.1711462974334008,-29.06755899993011,-5.386407902262357,12.038964648651618,91.71816620726885
2025-12-23,87414.0,88898.3828125,86606.9765625,88490.03125,43683011533,-1.215974047919599,2.283448306690783,-6.536884627975359,1.5931769206293052,1.6273491391632955,2.223255052307896,1.2826361140094842,95418.65494791667,89232.95390625,-2.0384329181358574,-29.930079074046844,-5.693832689158851,12.038964648651618,14.811862920937301
2025-12-24,87611.9609375,87956.8828125,86411.796875,87404.3203125,25550297986,0.22646365284737513,-0.5577786678700347,-4.915980223378957,0.6451285701937458,1.608134321913491,2.2213873203591348,1.2390818099155851,95018.15885416667,89006.470703125,-1.5667509953026793,-29.771396171570665,-5.480263497806359,12.038964648651618,-41.509760684200494
2025-12-25,87234.7421875,88501.7890625,86949.2578125,87608.3203125,19953216347,-0.43055622310417263,-1.2556119402562738,-2.408624712923413,0.616752661640951,1.4741006783612178,2.188188334689595,1.0478389219281188,94564.19713541666,88898.819921875,-1.8718783172120834,-30.073769795753147,-5.88722410537822,12.038964648651618,-21.906130574550865
2025-12-26,87301.4296875,89459.4296875,86628.140625,87235.5078125,42455674908,0.07644603322913834,-1.4898377796646933,-2.207788593615889,0.5696104982537646,1.4746881114646204,2.1891094086327016,1.0474413149094388,94117.23216145833,88800.27265625,-1.6878810435099645,-30.02031396657533,-5.815278621444964,12.038964648651618,112.77609669372066
2025-12-27,87802.15625,87874.78125,87182.9765625,87301.4296875,13741199310,0.5735605525503784,-0.7773299282881618,-2.8797809041574918,0.694887499036398,1.4486244923018379,2.1913981112554404,1.0474413149094388,93697.99869791667,88670.0984375,-0.9788442809858577,-29.618938092688996,-5.2750722130880945,12.038964648651618,-67.63401043611552
2025-12-28,87835.8359375,87986.890625,87394.953125,87799.34375,15156557929,0.038358610925337544,0.4825725141281767,-3.093955100290935,0.3626456736402722,1.446289241548022,2.173354540634452,1.0474413149094388,93327.67421875,88529.880078125,-0.7839659785063846,-29.591940894986845,-5.238737046589003,12.038964648651618,10.300109816251556
2025-12-29,87138.140625,90299.15625,86717.9140625,87835.7890625,48411625849,-0.7943173820266769,-0.5408169243443894,-5.991442229655952,0.5232202205218616,1.3354372766903477,2.168093578467559,1.0623936715496285,92974.88411458333,88252.2015625,-1.2623605052062392,-30.151204346805592,-5.808148004834878,11.891618016833693,219.4104233677686
2025-12-30,88430.1328125,89297.9375,86735.546875,87134.3515625,35586356225,1.4826942349620564,1.3703148482179905,-3.902168672366624,0.8346444826991635,1.388666361779056,2.172331657439656,1.0499984221376646,92622.78359375,88072.6609375,0.4058829053134705,-29.115560280465246,-4.411570845498581,10.798615968692381,-26.492127457158976
