Date,Period,Actual future five-day volatility,Historical-volatility baseline,Ridge regression,Random Forest
2022-01-01,2022,1.7932131313813664,3.5477847261073867,2.8171455024404355,2.830270854308878
2022-01-02,2022,1.773929069100411,2.294203226144404,2.7334198590380607,2.958311503427836
2022-01-03,2022,2.234201041198273,2.168766175818842,2.745555928484226,2.8347023965743703
2022-01-04,2022,2.500963410941499,2.0224222365890916,2.7337285336342503,2.651410468013688
2022-01-05,2022,1.7213022468278227,2.8796226118138977,3.1896459759203664,3.0920040896014815
2022-01-06,2022,2.1693534623692683,1.7932131313813664,3.052343523622116,4.23213345556883
2022-01-07,2022,1.3079630933505115,1.773929069100411,3.1875308145563324,3.115350335353318
2022-01-08,2022,2.328569466790222,2.234201041198273,3.211059276217341,3.4554990186143795
2022-01-09,2022,2.3534154189854823,2.500963410941499,3.2071924994417467,2.497746228875337
2022-01-10,2022,2.326344327232974,1.7213022468278227,3.1517567355778344,2.670478431988778
2022-01-11,2022,2.172990780599458,2.1693534623692683,3.124798159779245,2.5137323181109275
2022-01-12,2022,1.7349719273355293,1.3079630933505115,2.9514582524205704,2.760475369171436
2022-01-13,2022,1.175663120764708,2.328569466790222,3.275493687205537,2.5337015529830675
2022-01-14,2022,1.0452355998271166,2.3534154189854823,3.2007706736165584,2.508867132891644
2022-01-15,2022,1.2135781302443134,2.326344327232974,3.2123798816080846,2.458579725286738
2022-01-16,2022,4.140398517301542,2.172990780599458,2.978612022780445,2.4854933803028625
2022-01-17,2022,4.0871847376908494,1.7349719273355293,2.938016190138916,3.094682024077037
2022-01-18,2022,5.0201116550196305,1.175663120764708,2.8126427528655085,3.30021774064645
2022-01-19,2022,5.323166811565509,1.0452355998271166,2.889413151871953,3.2307740756208654
2022-01-20,2022,5.516762465985609,1.2135781302443134,2.9716859614671387,4.221060051240833
2022-01-21,2022,2.7162285545504488,4.140398517301542,3.939120786479669,3.2471788154291983
2022-01-22,2022,1.4221449823500911,4.0871847376908494,3.8891871298030463,3.4259264968945047
2022-01-23,2022,0.7240570275267186,5.0201116550196305,3.6920252967797174,3.73439726191445
2022-01-24,2022,0.7175793030656799,5.323166811565509,3.694344594875342,3.7063414473535614
2022-01-25,2022,0.9442509055821228,5.516762465985609,3.575596027017763,2.14472115589627
2022-01-26,2022,0.9018730455542916,2.7162285545504488,3.2514947449401372,1.7783736855024503
2022-01-27,2022,0.905674246116142,1.4221449823500911,3.0993394241263603,2.1034652682632116
2022-01-28,2022,2.468178454068133,0.7240570275267186,3.045852905901911,2.439639549444115
2022-01-29,2022,2.420233047532417,0.7175793030656799,3.0863869519092377,2.4803327476008294
2022-01-30,2022,5.958226041701966,0.9442509055821228,3.1766610754154208,2.4807570094631384
2022-01-31,2022,6.034632878964679,0.9018730455542916,3.069403742749698,2.3285181081639608
2022-02-01,2022,6.0147138523470645,0.905674246116142,3.048906498853343,2.2981792892495436
2022-02-02,2022,4.757780269705835,2.468178454068133,3.4156811544636536,1.881436828316505
2022-02-03,2022,4.743838609884256,2.420233047532417,3.271474423524692,1.788627593042536
2022-02-04,2022,1.459511566969965,5.958226041701966,2.9047548983851263,2.3502354941250645
2022-02-05,2022,1.95724269185766,6.034632878964679,3.2628788460258953,2.4543045818307085
2022-02-06,2022,2.3496888391217228,6.0147138523470645,3.196750894988849,2.8132043795118857
2022-02-07,2022,1.4346092201605662,4.757780269705835,3.1070806893019043,2.5885187372478846
2022-02-08,2022,1.2885638575163274,4.743838609884256,3.311138053020713,2.679592317580657
2022-02-09,2022,1.4100245514026533,1.459511566969965,3.256396771239746,2.9230925308673124
2022-02-10,2022,2.6774894178047504,1.95724269185766,3.266674751050279,2.5354948232804038
2022-02-11,2022,2.341850583734346,2.3496888391217228,3.381972917301126,2.4118546895272406
2022-02-12,2022,4.541394060102277,1.4346092201605662,3.21460220208764,2.661491427927656
2022-02-13,2022,4.530731666019083,1.2885638575163274,2.9516131777123378,2.716702350689167
2022-02-14,2022,4.468580233730412,1.4100245514026533,2.8790871243335263,2.37468913257397
2022-02-15,2022,3.179825324607111,2.6774894178047504,2.832284890809503,2.119957894642565
2022-02-16,2022,3.069035260787903,2.341850583734346,2.8842996478275422,2.3691216397137778
2022-02-17,2022,3.018285938807064,4.541394060102277,3.407294483702702,2.1898106004916564
2022-02-18,2022,3.0929406802574166,4.530731666019083,3.210317662180066,2.1863430528467784
2022-02-19,2022,3.591642820528685,4.468580233730412,3.1802979057767935,2.1200090611208533
2022-02-20,2022,3.232862793805241,3.179825324607111,3.2641619570897484,2.665636070177665
2022-02-21,2022,2.4707672321538747,3.069035260787903,3.2359707863835734,2.877714548581242
2022-02-22,2022,2.8340985888070356,3.018285938807064,2.9648346457475254,2.137012324040519
2022-02-23,2022,6.846659140976472,3.0929406802574166,3.1369663764122606,2.293270345760113
2022-02-24,2022,6.8479985814641955,3.591642820528685,3.194543688388202,2.1698796357923738
2022-02-25,2022,7.099490545453743,3.232862793805241,3.1702562835777948,2.110961411522823
2022-02-26,2022,7.519010186964925,2.4707672321538747,3.1195180071432906,2.171633503845153
2022-02-27,2022,8.464618913949113,2.8340985888070356,3.316593382076408,2.174552033070397
2022-02-28,2022,4.044420463744072,6.846659140976472,2.663215098929222,3.613470061774119
2022-03-01,2022,3.1965332989528426,6.8479985814641955,3.0507842220459307,3.7204380459761404
2022-03-02,2022,3.2021182796657635,7.099490545453743,3.2039039430619036,3.888021889323602
2022-03-03,2022,3.747876245946912,7.519010186964925,3.3775391506193455,3.4832631571709585
2022-03-04,2022,4.180255255753152,8.464618913949113,3.7134889286067283,4.629762531940608
2022-03-05,2022,5.410232853601516,4.044420463744072,3.2930582591733915,4.506838900010088
2022-03-06,2022,5.318941086981445,3.1965332989528426,3.345028022716665,5.448643748634673
2022-03-07,2022,5.275883765501819,3.2021182796657635,3.2579126541263816,4.271601629451613
2022-03-08,2022,5.395211183877571,3.747876245946912,3.217493819700179,3.4300661369404146
2022-03-09,2022,4.007032445199778,4.180255255753152,2.8291364142823143,3.3579980803628917
2022-03-10,2022,2.9072241331598176,5.410232853601516,3.5035600946312995,4.316256085725267
2022-03-11,2022,3.342421242520429,5.318941086981445,3.3466076740745354,4.095563295350704
2022-03-12,2022,3.4114771798423673,5.275883765501819,3.312209603137242,4.127654318129642
2022-03-13,2022,2.675242396576798,5.395211183877571,3.4603141943909854,3.833923153393197
2022-03-14,2022,2.190500660979063,4.007032445199778,3.1365119851158623,3.9435766467571343
2022-03-15,2022,2.581435493720066,2.9072241331598176,3.1797320855591513,4.10680581644063
2022-03-16,2022,1.6243653983205464,3.342421242520429,2.7210136584557656,3.7197071437548392
2022-03-17,2022,2.0999726395149163,3.4114771798423673,2.887172162908446,4.103778883395741
2022-03-18,2022,1.995234616919419,2.675242396576798,2.6600419639675987,3.759017625452907
2022-03-19,2022,2.1856919480055583,2.190500660979063,2.7765235579214633,4.0413811076354484
2022-03-20,2022,1.386196247390121,2.581435493720066,2.968279170487338,3.06105347919019
2022-03-21,2022,1.1516089945500203,1.6243653983205464,2.8382235882939635,2.8540706808565095
2022-03-22,2022,1.942637300330617,2.0999726395149163,2.5335831045421053,3.369342469681982
2022-03-23,2022,2.020274384859882,1.995234616919419,2.6316364875315306,3.094834186511902
2022-03-24,2022,2.04996726354564,2.1856919480055583,2.7151500637840695,3.0872122438964333
2022-03-25,2022,2.3217615453943594,1.386196247390121,2.7299096821131252,3.540713018452615
2022-03-26,2022,3.08524257430208,1.1516089945500203,2.759696741133838,3.5223591925648545
2022-03-27,2022,1.9091553359176092,1.942637300330617,2.9034724721254186,3.1377634177214873
2022-03-28,2022,1.8569610372126184,2.020274384859882,3.113707270826515,3.132010230462283
2022-03-29,2022,1.9639895697734904,2.04996726354564,3.1432826135262957,3.131736409377465
2022-03-30,2022,1.9718067392470429,2.3217615453943594,3.1627466916538163,3.172814643066739
2022-03-31,2022,1.6160770777788458,3.08524257430208,3.3484249015190395,3.1015121992034205
2022-04-01,2022,2.5202874697712367,1.9091553359176092,3.1408961655391288,3.2844338063140515
2022-04-02,2022,2.684099844673554,1.8569610372126184,3.2300078079698817,3.4536129076028033
2022-04-03,2022,2.416712491296713,1.9639895697734904,3.064320378024563,3.3268937967028065
2022-04-04,2022,2.6185295532953963,1.9718067392470429,3.0106565362176294,3.1592494380520675
2022-04-05,2022,2.5974035873882553,1.6160770777788458,2.9034873627977564,3.7816401178321644
2022-04-06,2022,3.0415116934392175,2.5202874697712367,3.182286441619919,3.2901684600092778
2022-04-07,2022,3.2268932911017054,2.684099844673554,2.979337277594391,3.623272579221001
2022-04-08,2022,3.589979898956638,2.416712491296713,3.0778837790196443,3.6580300684904032
2022-04-09,2022,3.5934043822991857,2.6185295532953963,3.0090519718176143,3.726530936664012
2022-04-10,2022,3.8135161946464926,2.5974035873882553,3.0302395609293686,3.5813966243347783
2022-04-11,2022,2.2012913638840894,3.0415116934392175,3.332653971168546,3.5524964479834904
2022-04-12,2022,2.293766393723143,3.2268932911017054,3.1375745534325645,3.362830649295326
2022-04-13,2022,2.3558877487802663,3.589979898956638,3.064342022459568,3.0986969069070383
2022-04-14,2022,1.8040054789855624,3.5934043822991857,3.2849333270684467,2.9466185931530045
2022-04-15,2022,1.79914123013468,3.8135161946464926,3.1420578403793655,2.8795963861503573
2022-04-16,2022,2.113818597706052,2.2012913638840894,3.010474068768927,3.383566631530406
2022-04-17,2022,2.156378932322214,2.293766393723143,3.09885928637308,3.3183878775986826
2022-04-18,2022,1.5050108667806217,2.3558877487802663,2.9312375569966136,3.315189466443964
2022-04-19,2022,0.9361579261245756,1.8040054789855624,2.8820031370007317,3.378988352464093
2022-04-20,2022,1.8515166583347813,1.79914123013468,2.971357602257468,3.559561238556289
2022-04-21,2022,3.039862915026596,2.113818597706052,3.063056410121926,3.344418593493126
2022-04-22,2022,3.487410391562122,2.156378932322214,3.1036039241497315,3.42700687160851
2022-04-23,2022,3.538963782976457,1.5050108667806217,3.058179921886934,3.422293794767611
2022-04-24,2022,3.8121351357573494,0.9361579261245756,2.9321840682388873,3.1706085000400663
2022-04-25,2022,3.4964760468896747,1.8515166583347813,2.661573919868932,2.9889665678209894
2022-04-26,2022,2.6572823827885146,3.039862915026596,3.0966926322978425,2.57851825209338
2022-04-27,2022,2.1911811869332247,3.487410391562122,2.755424882219363,1.9779406326000555
2022-04-28,2022,2.050979689988771,3.538963782976457,2.7746600535645625,1.9493022517700211
2022-04-29,2022,3.0958055969721525,3.8121351357573494,2.874636748962955,2.1759715508028923
2022-04-30,2022,4.88129205057879,3.4964760468896747,2.8431723630280525,2.5516251446464056
2022-05-01,2022,4.676712356527344,2.6572823827885146,2.551097810771305,1.8439273703612897
2022-05-02,2022,4.614269249918269,2.1911811869332247,2.587782244403913,1.8944857295960649
2022-05-03,2022,4.7560813135001085,2.050979689988771,2.67658001039151,2.3344951573034805
2022-05-04,2022,4.192024209954565,3.0958055969721525,2.4178038595275364,2.1901306292543268
2022-05-05,2022,4.988420226161285,4.88129205057879,3.240501574883007,2.6667298376980613
2022-05-06,2022,5.101321715751748,4.676712356527344,3.1245039426728463,2.237308460348151
2022-05-07,2022,5.409373746377296,4.614269249918269,3.2127639002555037,2.310894761762871
2022-05-08,2022,5.7789652883823495,4.7560813135001085,3.373922187196831,6.142921464934127
2022-05-09,2022,3.858953488819827,4.192024209954565,4.162883351270588,6.230911939515887
2022-05-10,2022,4.169040979512879,4.988420226161285,3.744570161882182,3.8519000197782787
2022-05-11,2022,3.299320094658081,5.101321715751748,4.183773152454519,6.328025162729981
2022-05-12,2022,3.3342242289904336,5.409373746377296,4.2300555114532505,6.033664215351538
2022-05-13,2022,4.459012646541765,5.7789652883823495,4.233929411427594,4.479818948375724
2022-05-14,2022,5.067120445228929,3.858953488819827,3.873495528543865,3.8828213715643005
2022-05-15,2022,4.800497501221047,4.169040979512879,3.789529199499532,3.9380632715807224
2022-05-16,2022,4.463334390553694,3.299320094658081,3.950565377949693,3.922896414986691
2022-05-17,2022,4.6240090889816825,3.3342242289904336,3.7714482107914975,3.8596859583196577
2022-05-18,2022,4.179334339260857,4.459012646541765,4.170394305900819,4.312074766031833
2022-05-19,2022,3.259201107145847,5.067120445228929,3.8830910995619767,3.752665846793053
2022-05-20,2022,2.715448828952958,4.800497501221047,4.278739448454575,4.222035006617106
2022-05-21,2022,2.7482231298578736,4.463334390553694,4.08394471658872,4.454726374360927
2022-05-22,2022,2.209060493102764,4.6240090889816825,4.026546614776635,3.9356601072385677
2022-05-23,2022,1.5641927800375977,4.179334339260857,4.209089703502662,4.252907417455389
2022-05-24,2022,1.6591485399101111,3.259201107145847,3.8018541089003177,4.178595494605492
2022-05-25,2022,3.873239451508512,2.715448828952958,3.5126964860367593,3.3299601690807354
2022-05-26,2022,3.7145293643872144,2.7482231298578736,3.4861004655562233,2.881809975704377
2022-05-27,2022,5.011302093652151,2.209060493102764,3.4027364935061732,2.800479242831758
2022-05-28,2022,5.041676892444574,1.5641927800375977,2.858445706798315,2.459248533232906
2022-05-29,2022,5.249466769194153,1.6591485399101111,2.698352498065441,2.9149629993767947
2022-05-30,2022,3.312926163561383,3.873239451508512,2.485295730854935,3.3606063386088256
2022-05-31,2022,3.3170939113568414,3.7145293643872144,2.7708495594111056,3.217178855787547
2022-06-01,2022,2.7326529931037244,5.011302093652151,2.964288155440101,2.294174536822266
2022-06-02,2022,2.730312783073715,5.041676892444574,2.70305265332066,2.0466502462660467
2022-06-03,2022,2.8770240758400716,5.249466769194153,2.881204590083884,1.977671296454165
2022-06-04,2022,2.893707090812465,3.312926163561383,2.709461861211123,2.2808646649472233
2022-06-05,2022,3.3172792849296897,3.3170939113568414,2.7254898420268496,2.0098317901845735
2022-06-06,2022,1.393265272419728,2.7326529931037244,2.338055149476399,1.8993626435854885
2022-06-07,2022,1.901336469884423,2.730312783073715,2.574925539658996,2.001898679872963
2022-06-08,2022,6.119352558491687,2.8770240758400716,2.648259215479397,1.9050504873353322
2022-06-09,2022,5.935838332920033,2.893707090812465,2.5999374169231344,1.498095762065843
2022-06-10,2022,6.802717406562743,3.3172792849296897,2.737098935999077,2.0234959069152727
2022-06-11,2022,6.969297714512986,1.393265272419728,2.6409672214999507,2.5018967310094884
2022-06-12,2022,7.590761890316339,1.901336469884423,3.0227479928303027,3.652533300899856
2022-06-13,2022,4.953281511585943,6.119352558491687,4.626064285521205,7.489236710749108
2022-06-14,2022,7.140491827830077,5.935838332920033,4.424332469213221,7.551121822179213
2022-06-15,2022,7.019470869136008,6.802717406562743,4.504654452211442,7.304203091539158
2022-06-16,2022,5.367120441339542,6.969297714512986,5.048187707127729,7.6496175512253535
2022-06-17,2022,5.647285645534441,7.590761890316339,4.74539873871772,7.511890612072432
2022-06-18,2022,4.595117119142093,4.953281511585943,5.151463570897008,7.46703714949939
2022-06-19,2022,3.1959851717097267,7.140491827830077,4.817509491551986,6.72482220056937
2022-06-20,2022,3.1921298725964773,7.019470869136008,5.030193753756698,6.758033253488779
2022-06-21,2022,3.4926978425695885,5.367120441339542,4.769866485036439,6.546220143030658
2022-06-22,2022,3.006046832497645,5.647285645534441,4.995147914459474,6.70243716770085
2022-06-23,2022,1.642916313678816,4.595117119142093,4.512007145692332,4.0276549581681165
2022-06-24,2022,1.431714296602632,3.1959851717097267,4.673813714661112,4.097625370600703
2022-06-25,2022,0.5674250261290461,3.1921298725964773,4.689295415958699,4.329815470136356
2022-06-26,2022,0.6810975649321339,3.4926978425695885,4.8369468961217175,3.9578563248657908
2022-06-27,2022,0.9938480073629468,3.006046832497645,4.676017834625677,4.086249702115179
2022-06-28,2022,1.1539338054668755,1.642916313678816,4.65961553432685,3.8333056904426086
2022-06-29,2022,2.8600282149562934,1.431714296602632,4.531482568707377,3.9294796450582994
2022-06-30,2022,2.7118056656045173,0.5674250261290461,4.4022863429919825,3.9313202034969184
2022-07-01,2022,2.1289231454779953,0.6810975649321339,4.230376292424905,3.9207279497766865
2022-07-02,2022,2.5505033541804667,0.9938480073629468,3.51601555332077,4.378475928596104
2022-07-03,2022,2.5206356362663955,1.1539338054668755,2.94598250297819,3.211925358165794
2022-07-04,2022,2.398116687485923,2.8600282149562934,2.8495776906317056,3.1722755624727403
2022-07-05,2022,3.198075313207084,2.7118056656045173,2.795862663340436,3.123022536203328
2022-07-06,2022,3.777311672561645,2.1289231454779953,2.4784494260489227,2.964752589239052
2022-07-07,2022,2.0076084761175887,2.5505033541804667,2.3270011669889707,3.2134114967516614
2022-07-08,2022,3.608318466819936,2.5206356362663955,2.391093017125873,3.2281770090328274
2022-07-09,2022,3.883613324834843,2.398116687485923,2.426950461781294,3.287384180330182
2022-07-10,2022,3.6950771261950393,3.198075313207084,2.616384706178213,2.9033196970821757
2022-07-11,2022,2.8200178512582954,3.777311672561645,2.8072128748477474,2.585114162827353
2022-07-12,2022,2.322145139220689,2.0076084761175887,2.7575656363586956,2.941600605473883
2022-07-13,2022,3.6922239673760897,3.608318466819936,2.572232794680742,2.701373421607751
2022-07-14,2022,3.7620000142573327,3.883613324834843,2.657455230963622,2.7819633727456328
2022-07-15,2022,4.0335406375092155,3.6950771261950393,2.5914283551795823,2.8434042215940813
2022-07-16,2022,4.1976837840676815,2.8200178512582954,2.4449013858615585,2.875306067894213
2022-07-17,2022,4.198062636293439,2.322145139220689,2.50618071412337,3.0253696531577194
2022-07-18,2022,2.3273530892328775,3.6922239673760897,2.347191905276109,3.0461290197058832
2022-07-19,2022,0.9564922583506802,3.7620000142573327,2.748853326115559,3.0568329253296453
2022-07-20,2022,2.368607327556735,4.0335406375092155,2.972217182714866,3.1838875789200087
2022-07-21,2022,2.3314162720135596,4.1976837840676815,3.004057183497447,3.1978267454271383
2022-07-22,2022,4.882487260612307,4.198062636293439,3.015784760175013,3.1485838642762327
2022-07-23,2022,5.049160500236277,2.3273530892328775,2.9235948262556386,3.2392461924388085
2022-07-24,2022,5.088075432010496,0.9564922583506802,2.7331852609377365,3.515843424411455
2022-07-25,2022,3.7937387092974353,2.368607327556735,3.116418682895148,3.2431565046386823
2022-07-26,2022,3.944691689678398,2.3314162720135596,2.961756342985348,3.2717126836670833
2022-07-27,2022,2.0917134190200986,4.882487260612307,2.7035828915647246,2.9616069532455658
2022-07-28,2022,0.6367159293458524,5.049160500236277,2.8301350956518707,2.982176672709973
2022-07-29,2022,0.5676773091031988,5.088075432010496,2.977376526320108,3.036085615161903
2022-07-30,2022,0.5583754432219968,3.7937387092974353,2.8598445968273385,3.2639669430499856
2022-07-31,2022,1.7149551890391102,3.944691689678398,2.8928778214782813,3.1747621233559356
2022-08-01,2022,1.82471504649959,2.0917134190200986,2.8001669704908956,3.391661505975809
2022-08-02,2022,1.7585281108400448,0.6367159293458524,2.612343430388295,3.371683110539018
2022-08-03,2022,2.0070708866635476,0.5676773091031988,2.4540354930938446,3.4458875425581983
2022-08-04,2022,2.4963565220015513,0.5583754432219968,2.416098664058647,3.3179209619767165
2022-08-05,2022,2.6167751512310593,1.7149551890391102,2.2718092451451843,3.3362758465389293
2022-08-06,2022,2.412838625383422,1.82471504649959,2.4545194539297603,3.330697984823895
2022-08-07,2022,2.4534649091523018,1.7585281108400448,2.3241140731125514,3.438446455916863
2022-08-08,2022,2.2818673978542265,2.0070708866635476,2.1875459852876387,3.3310383780879147
2022-08-09,2022,1.5970799321030078,2.4963565220015513,2.4718430378078455,3.1434898690190547
2022-08-10,2022,1.0098757035086203,2.6167751512310593,2.284327705938824,3.184938022585021
2022-08-11,2022,1.150746522070482,2.412838625383422,2.3931603760170703,2.941609664492968
2022-08-12,2022,0.8912318391238546,2.4534649091523018,2.3765812164481446,2.782003140397938
2022-08-13,2022,0.7552457639994362,2.2818673978542265,2.432562784571301,2.6240049528358407
2022-08-14,2022,4.040286325038567,1.5970799321030078,2.298377561756526,3.2416812682016936
2022-08-15,2022,4.423016960634665,1.0098757035086203,2.2410965977802153,2.5881644933585677
2022-08-16,2022,4.811934347160326,1.150746522070482,2.166428315883054,1.8221815230258815
2022-08-17,2022,4.840002539084896,0.8912318391238546,2.2216039797492697,2.283867837418472
2022-08-18,2022,4.929421670107869,0.7552457639994362,2.1669353852583346,2.282749109489078
2022-08-19,2022,1.1006442895405526,4.040286325038567,3.2416316563634053,2.7392619333339763
2022-08-20,2022,1.0299046835373844,4.423016960634665,2.9689326726420795,2.2243660101189353
2022-08-21,2022,2.9011897690957595,4.811934347160326,2.95967051053043,2.071126959003395
2022-08-22,2022,2.886829796471749,4.840002539084896,3.00783764086607,2.053170208673794
2022-08-23,2022,2.696178232579152,4.929421670107869,2.9940959537240177,1.8544813882863584
2022-08-24,2022,3.613598028278196,1.1006442895405526,2.609202103426532,2.070581849237349
2022-08-25,2022,3.472238700783433,1.0299046835373844,2.5531405273433685,2.060472782281484
2022-08-26,2022,2.51371546167391,2.9011897690957595,3.15715264061431,2.0690977081099877
2022-08-27,2022,2.4683714129691254,2.886829796471749,3.0772519495240926,2.5223232187428706
2022-08-28,2022,2.226915467454695,2.696178232579152,3.1703249027184173,2.6888629218566904
2022-08-29,2022,1.407850467099886,3.613598028278196,3.031587526771402,1.985631265784552
2022-08-30,2022,0.9065329070560202,3.472238700783433,3.2617018539895124,2.552728792451104
2022-08-31,2022,0.7627000406944168,2.51371546167391,3.000955085237594,2.0000251722028453
2022-09-01,2022,2.136067167006834,2.4683714129691254,3.0213619017967623,2.1644965836153927
2022-09-02,2022,2.7223573038050777,2.226915467454695,3.02044624971681,2.260097919896384
2022-09-03,2022,2.749162918929216,1.407850467099886,3.0119741334063237,2.4122256499021177
2022-09-04,2022,5.752469632629616,0.9065329070560202,2.7911873414790533,2.1456514412556245
2022-09-05,2022,5.6075489704679855,0.7627000406944168,2.800286933151061,2.0671983689463085
2022-09-06,2022,4.341263210082614,2.136067167006834,3.1493619742480092,2.4117012328920495
2022-09-07,2022,4.331761380478137,2.7223573038050777,2.7249402366630133,1.7584416728406227
2022-09-08,2022,7.094241956190645,2.749162918929216,2.5966418503127358,1.9084230905561135
2022-09-09,2022,4.764897650395488,5.752469632629616,2.2008363932629815,1.8347977532572686
2022-09-10,2022,4.5981172192032975,5.6075489704679855,2.4565188076652786,2.8754692560498456
2022-09-11,2022,4.5925049710933745,4.341263210082614,2.318370521003597,2.721347660333594
2022-09-12,2022,4.366402248215352,4.331761380478137,2.3934657055610598,2.81756809318776
2022-09-13,2022,2.1919724071254247,7.094241956190645,3.31421350190581,5.459454146540847
2022-09-14,2022,2.289304554503818,4.764897650395488,2.9904632570558016,2.507375610449726
2022-09-15,2022,2.450412734869502,4.5981172192032975,3.111629081366404,2.6161680838995762
2022-09-16,2022,2.382171721836362,4.5925049710933745,3.027949258097972,2.1696887860499654
2022-09-17,2022,3.4208100689392222,4.366402248215352,3.0043453896157244,2.472613661000346
2022-09-18,2022,3.0420370626449884,2.1919724071254247,2.8701302091448424,1.8239750796005114
2022-09-19,2022,3.0979003797893157,2.289304554503818,2.8070668882515823,1.9384328854863966
2022-09-20,2022,2.7132791656174504,2.450412734869502,2.952472473953291,2.0940376178318387
2022-09-21,2022,2.664004979489253,2.382171721836362,2.928473596839639,2.1594266831698006
2022-09-22,2022,1.5194650223836574,3.4208100689392222,2.813022369738794,2.4442908460774326
2022-09-23,2022,1.7302530612896714,3.0420370626449884,2.903332911336311,2.00344801925493
2022-09-24,2022,1.3146248151591005,3.0979003797893157,2.9779488048889364,2.0984083117783014
2022-09-25,2022,1.3170682175867172,2.7132791656174504,2.867032898283199,2.132893772038665
2022-09-26,2022,1.0603903858120802,2.664004979489253,2.7188236390199463,1.9654891452797412
2022-09-27,2022,1.235951286067077,1.5194650223836574,2.7664079387047122,2.1018696981660536
2022-09-28,2022,1.7622857670424628,1.7302530612896714,2.7100604194088445,1.973349662446217
2022-09-29,2022,2.354348257928138,1.3146248151591005,2.7459240460466834,2.2258723261392883
2022-09-30,2022,2.3782869457002787,1.3170682175867172,2.7783506249809053,2.2906478220388995
2022-10-01,2022,2.442465854114543,1.0603903858120802,2.824116662279951,2.4824348152399494
2022-10-02,2022,2.5952416416647086,1.235951286067077,2.5093107240286363,2.0914537682463705
2022-10-03,2022,2.205046202221756,1.7622857670424628,2.0473937871711936,1.2479758671612324
2022-10-04,2022,0.7899819902302593,2.354348257928138,2.0438378943493936,1.1773479465043606
2022-10-05,2022,0.8453568506609739,2.3782869457002787,2.203590199738121,1.135864224872959
2022-10-06,2022,0.8818505133341216,2.442465854114543,2.2090863033387906,1.2190382995297844
2022-10-07,2022,0.8157965627916801,2.5952416416647086,2.2595577157280724,1.394941417606843
2022-10-08,2022,1.048115825286071,2.205046202221756,2.2441548316697895,2.40740250318665
2022-10-09,2022,1.1248022293283668,0.7899819902302593,2.118487985406259,2.72016976099934
2022-10-10,2022,0.9086798816291872,0.8453568506609739,2.158483701526021,3.4979016791560547
2022-10-11,2022,0.9935574016219056,0.8818505133341216,2.1306837110946097,3.3517791135498896
2022-10-12,2022,1.1407995653285288,0.8157965627916801,2.058384402496598,1.8840694877419621
2022-10-13,2022,1.2130608459602423,1.048115825286071,2.039014422861884,1.9037645470817695
2022-10-14,2022,1.211122831167974,1.1248022293283668,2.166535345886167,2.2504152262917922
2022-10-15,2022,1.193559257983615,0.9086798816291872,2.146512505028298,2.535600291331164
2022-10-16,2022,1.1109786228758194,0.9935574016219056,2.0435752478789726,2.1016488918038743
2022-10-17,2022,0.7499234875434613,1.1407995653285288,2.0206457369687363,1.8356696858437958
2022-10-18,2022,1.0989990330277246,1.2130608459602423,2.110888068051371,2.0235866021888813
2022-10-19,2022,1.1350455284158698,1.211122831167974,2.117444024791672,2.308943631563614
2022-10-20,2022,1.8941019417338325,1.193559257983615,2.0914250489977415,2.4293238254105463
2022-10-21,2022,2.109780112511044,1.1109786228758194,2.058078519850088,2.1392452812753358
2022-10-22,2022,2.7461508131097245,0.7499234875434613,2.0972824749183214,2.2809683049445053
2022-10-23,2022,2.727282317883136,1.0989990330277246,1.9939258408236973,1.7384897246445405
2022-10-24,2022,2.4480362942099383,1.1350455284158698,2.082563035865333,2.124334552121914
2022-10-25,2022,2.206119001724393,1.8941019417338325,1.8578388460032755,1.4590590061060527
2022-10-26,2022,1.5691041866588633,2.109780112511044,2.0404844984268475,1.924010971430378
2022-10-27,2022,1.0646985939060576,2.7461508131097245,2.3353509510586674,2.0149527894269195
2022-10-28,2022,1.0052505298839047,2.727282317883136,2.2221580352005486,1.9474001534178427
2022-10-29,2022,0.7224905000316078,2.4480362942099383,2.187483534137266,2.5920349545306283
2022-10-30,2022,2.4104065048076233,2.206119001724393,2.2939120316461135,2.1077475407131074
2022-10-31,2022,2.3178332212688906,1.5691041866588633,2.256894537554971,2.2017170931774586
2022-11-01,2022,2.563402388438033,1.0646985939060576,2.170333431618689,2.3391842509858884
2022-11-02,2022,2.554781537115487,1.0052505298839047,2.158097882688637,1.807069534725658
2022-11-03,2022,5.352512331531846,0.7224905000316078,2.118905969345411,2.0395992779735552
2022-11-04,2022,6.452176670820634,2.4104065048076233,2.0833957685341886,2.5680658260847355
2022-11-05,2022,9.616930381906258,2.3178332212688906,2.2309425780066108,3.2473021359726415
2022-11-06,2022,9.574644119428037,2.563402388438033,2.3036062947375413,2.2224350864341513
2022-11-07,2022,9.584117027610592,2.554781537115487,2.2839378552603105,1.9871532643398233
2022-11-08,2022,8.900303735920575,5.352512331531846,3.2715977236681333,5.890972818230149
2022-11-09,2022,5.732804434229691,6.452176670820634,4.319874772007188,6.176312403403272
2022-11-10,2022,2.284952554870473,9.616930381906258,3.653999849056902,5.015917878572626
2022-11-11,2022,1.9296584069241185,9.574644119428037,4.09293912654243,6.128771149599113
2022-11-12,2022,1.8574130671463176,9.584117027610592,4.0198220769727175,6.491127494193896
2022-11-13,2022,1.218088357328052,8.900303735920575,3.928521494854608,5.310245512590692
2022-11-14,2022,1.018443615399954,5.732804434229691,3.2954376289640477,3.681015148177602
2022-11-15,2022,1.168011964987436,2.284952554870473,3.1696073917794707,3.498956497495335
2022-11-16,2022,1.5955903117457375,1.9296584069241185,3.2331772652905033,3.408267348635073
2022-11-17,2022,2.2753787404710537,1.8574130671463176,3.1792051552814278,3.526205789291798
2022-11-18,2022,2.6989312189014805,1.218088357328052,3.103455582078382,3.6352241941231136
2022-11-19,2022,2.697710510798049,1.018443615399954,3.150288992505547,3.684417464022181
2022-11-20,2022,2.3790368417750245,1.168011964987436,3.294125266222925,3.467771887181317
2022-11-21,2022,1.580389899544581,1.5955903117457375,3.3914065709125545,3.5036230217525683
2022-11-22,2022,1.2878876624690787,2.2753787404710537,3.325750921894832,3.468144753713756
2022-11-23,2022,0.5379161548170687,2.6989312189014805,3.345994166319975,3.443286465459108
2022-11-24,2022,1.0107362960429274,2.697710510798049,3.4493652868824265,3.6144120231203867
2022-11-25,2022,2.250033491263238,2.3790368417750245,3.3727605149734976,3.722407445844892
2022-11-26,2022,2.380875670967528,1.580389899544581,3.2121422484612605,4.0099109871452665
2022-11-27,2022,2.344543314541941,1.2878876624690787,2.8480709682135044,3.4402607344323037
2022-11-28,2022,2.2722618042880267,0.5379161548170687,2.4210120372563635,2.402160225342092
2022-11-29,2022,2.267243468536952,1.0107362960429274,2.100588749331629,1.6708409045848052
2022-11-30,2022,1.1524605164185466,2.250033491263238,1.985295749980207,1.386106373738453
2022-12-01,2022,1.0639036322899995,2.380875670967528,2.1417202291521,2.0313759924709127
2022-12-02,2022,1.1973783614834383,2.344543314541941,2.0788592298759117,2.2576594340971567
2022-12-03,2022,1.5387297118609695,2.2722618042880267,2.126009257008472,1.923997554439707
2022-12-04,2022,1.487147143613753,2.267243468536952,2.027419244834913,2.0979935804933727
2022-12-05,2022,1.4004026461390453,1.1524605164185466,2.0664684544880774,1.7928394446648348
2022-12-06,2022,1.3768779433862277,1.0639036322899995,2.0142355701768277,1.9973834474013217
2022-12-07,2022,1.1222763789886825,1.1973783614834383,2.1118513551448634,1.6100749998781458
2022-12-08,2022,1.5690744736237303,1.5387297118609695,1.9893935948540964,2.038058364245931
2022-12-09,2022,1.4523890985920995,1.487147143613753,2.091100788558184,1.6450375283823737
2022-12-10,2022,2.0949240837735705,1.4004026461390453,2.072192758929545,1.9019137413592142
2022-12-11,2022,2.904607012658199,1.3768779433862277,2.030406874306951,1.9270536962831115
2022-12-12,2022,2.934766940110412,1.1222763789886825,1.8643409235250987,1.9160868332281347
2022-12-13,2022,2.09804728628266,1.5690744736237303,1.9558930913369053,1.8210012340684685
2022-12-14,2022,1.9650123952800904,1.4523890985920995,2.0974682121342694,2.2404432453422185
2022-12-15,2022,2.659394684195466,2.0949240837735705,2.3058910217436677,2.0870122817970396
2022-12-16,2022,1.7707175449783288,2.904607012658199,2.528712447022962,3.641616514319967
2022-12-17,2022,1.7306086680788235,2.934766940110412,2.3993674308024473,2.815695762053694
2022-12-18,2022,1.7297405891184352,2.09804728628266,2.398539877924466,3.2128991684637196
2022-12-19,2022,1.3439973560826268,1.9650123952800904,2.381986662002996,2.946620522670345
2022-12-20,2022,0.3101445576060107,2.659394684195466,2.2296948953998994,1.9349085861758129
2022-12-21,2022,0.263323236119318,1.7707175449783288,2.2487223050125595,1.7187473845638401
2022-12-22,2022,0.6502104068692989,1.7306086680788235,2.2132806119697315,1.7623497645724007
2022-12-23,2022,0.7563436353252776,1.7297405891184352,2.2390840391158324,1.7139754213985523
2022-12-24,2022,0.8091162512289078,1.3439973560826268,2.161000726265426,1.8318714753427046
2022-12-25,2022,0.8010895438136466,0.3101445576060107,2.110243128790583,1.7016919401953092
2022-12-26,2022,0.68696241207727,0.263323236119318,2.0788464546665706,1.5817243914924708
2023-01-01,2023,0.520677056126487,0.6307504731130024,2.1161365829868855,1.4158042006795797
2023-01-02,2023,0.5470482394492616,0.4157628787295308,2.0812836986637837,1.694330303910531
2023-01-03,2023,0.5357515564009756,0.3621672135591117,2.003505970594989,1.3438983047915483
2023-01-04,2023,0.4317775664616648,0.5468390927565308,1.9060872810245928,1.8048483056213211
2023-01-05,2023,0.5116461481219804,0.4988020350021312,1.8481670853377796,3.5989398387263405
2023-01-06,2023,1.0607699252415212,0.520677056126487,1.8168280943971344,3.2599318854262846
2023-01-07,2023,1.900421675552636,0.5470482394492616,1.8270243932885115,3.7693885776355534
2023-01-08,2023,2.1933595313309944,0.5357515564009756,1.7409778872699961,4.825102874891918
2023-01-09,2023,1.837346536548336,0.4317775664616648,1.769178564878438,5.046357376328099
2023-01-10,2023,2.5685001695418785,0.5116461481219804,1.7514376001213714,5.903537927198254
2023-01-11,2023,2.7615024243487163,1.0607699252415212,1.8086072926019652,5.133124607485566
2023-01-12,2023,2.896123042387825,1.900421675552636,1.906282352005399,4.717569519652471
2023-01-13,2023,2.854710686263293,2.1933595313309944,2.042070520862472,4.865653976965552
2023-01-14,2023,1.6390952224186126,1.837346536548336,2.187225604988175,4.765469968805593
2023-01-15,2023,3.6312004577287977,2.5685001695418785,2.4765424269684795,4.952778183142374
2023-01-16,2023,3.6765232748690657,2.7615024243487163,2.528447914753639,4.467736399068246
2023-01-17,2023,3.7003368452198746,2.896123042387825,2.6845775910098046,4.61956322278385
2023-01-18,2023,3.131248156844532,2.854710686263293,2.944270469003674,4.21533029917246
2023-01-19,2023,3.492598696119202,1.6390952224186126,2.7476275416439924,4.680977212978729
2023-01-20,2023,1.2833567823581518,3.6312004577287977,2.904045179819293,3.543851979247257
2023-01-21,2023,1.3258608322691698,3.6765232748690657,3.24835486855659,4.434399945467867
2023-01-22,2023,1.3000373428237797,3.7003368452198746,3.236580005691634,4.180405711532285
2023-01-23,2023,1.2636568092809717,3.131248156844532,3.088447624663244,4.318154424866552
2023-01-24,2023,1.5969944108982403,3.492598696119202,3.198835730777679,3.9788349042582922
2023-01-25,2023,2.5423657066202696,1.2833567823581518,3.0726903531936482,4.75457674551379
2023-01-26,2023,2.626516644658132,1.3258608322691698,3.1019466310421806,4.324716095486976
2023-01-27,2023,2.8413730849251366,1.3000373428237797,3.059854386049972,4.402919831024401
2023-01-28,2023,2.925472889944957,1.2636568092809717,3.0197220604058805,4.161600534840439
2023-01-29,2023,2.4681198898021224,1.5969944108982403,2.927502322443328,4.044605855873442
2023-01-30,2023,1.4607959895888545,2.5423657066202696,3.315018984207354,2.9453135058677
2023-01-31,2023,1.6012892908943637,2.626516644658132,2.949719322529912,2.662208999976379
2023-02-01,2023,0.5729285551630577,2.8413730849251366,2.7305501814456874,2.823764579029985
2023-02-02,2023,1.444767039561213,2.925472889944957,2.6531567457260588,3.4948238875825863
2023-02-03,2023,1.5420874627928192,2.4681198898021224,2.4908888965119114,4.379927582379165
2023-02-04,2023,2.5253285048722525,1.4607959895888545,2.342611175842327,4.259926913803316
2023-02-05,2023,2.5278972859093907,1.6012892908943637,2.4049441572504797,4.02311804666952
2023-02-06,2023,2.711726267663311,0.5729285551630577,2.3210512377716404,4.022560452462577
2023-02-07,2023,2.198995589379342,1.444767039561213,2.2632915268122766,4.130770497209004
2023-02-08,2023,2.2789452429332693,1.5420874627928192,2.346943764497516,3.309806362972355
2023-02-09,2023,1.0803468119051818,2.5253285048722525,2.5608575142982164,2.8029735791491186
2023-02-10,2023,4.0036150023169235,2.5278972859093907,2.4124039667621333,2.7187007565138073
2023-02-11,2023,4.649805008959535,2.711726267663311,2.3467035637461855,2.6954827947250197
2023-02-12,2023,4.5864419310062585,2.198995589379342,2.379849618338997,2.4941155971724247
2023-02-13,2023,4.5588127206083575,2.2789452429332693,2.3688347377000003,2.6128875614800906
2023-02-14,2023,4.8818109322413425,1.0803468119051818,2.068149213530869,2.3091791401533968
2023-02-15,2023,2.6816980371275263,4.0036150023169235,1.9183612355005673,2.661736318250305
2023-02-16,2023,2.3408447604585105,4.649805008959535,2.5644019852838182,2.990568463991776
2023-02-17,2023,1.5036859216655172,4.5864419310062585,2.2829129740296703,2.9169146639272627
2023-02-18,2023,1.485040136830321,4.5588127206083575,2.3802870339875133,3.660050458269521
2023-02-19,2023,1.885595598993836,4.8818109322413425,2.5277060577832726,3.005080192790521
2023-02-20,2023,1.1206496910982326,2.6816980371275263,2.34282317002201,2.8176857094544596
2023-02-21,2023,1.735035777466253,2.3408447604585105,2.3704890076273486,2.840452889301694
2023-02-22,2023,1.7401481337647624,1.5036859216655172,2.354998906165008,2.975364272725199
2023-02-23,2023,1.798729301438185,1.485040136830321,2.362061853743697,2.8459440054222545
2023-02-24,2023,1.5195081377955222,1.885595598993836,2.4966459134924746,3.4803188680793595
2023-02-25,2023,1.59394409101741,1.1206496910982326,2.3618368138965895,3.6334325371882943
2023-02-26,2023,2.5042777988836145,1.735035777466253,2.3360034942764893,2.7857666380139574
2023-02-27,2023,2.515113690878425,1.7401481337647624,2.361201110332269,2.7520072693459037
2023-02-28,2023,2.5496710231289605,1.798729301438185,2.4246607335910912,2.8809738800499374
2023-03-01,2023,2.1093947765148253,1.5195081377955222,2.1912549572168407,3.3899869728782357
2023-03-02,2023,2.1037374434280025,1.59394409101741,2.3102151487482563,3.3402711516586123
2023-03-03,2023,1.0532081580958423,2.5042777988836145,2.642692229269964,3.698075344994822
2023-03-04,2023,2.6696553751528778,2.515113690878425,2.472118868731618,4.181328049136339
2023-03-05,2023,2.4667514567031716,2.5496710231289605,2.4101008734359786,2.570333048275062
2023-03-06,2023,3.058480379793915,2.1093947765148253,2.338674943704946,3.1728318929761876
2023-03-07,2023,5.116667130299327,2.1037374434280025,2.4435594251748958,4.240245244886461
2023-03-08,2023,6.253795082301371,1.0532081580958423,2.38734664955878,3.2358543086754206
2023-03-09,2023,4.134203517043668,2.6696553751528778,3.0124197242245248,4.109421379644495
2023-03-10,2023,4.326954971552599,2.4667514567031716,2.903648349011605,6.305866928265477
2023-03-11,2023,4.277773091332134,3.058480379793915,2.8347551621131126,4.267309833657256
2023-03-12,2023,4.753664152005341,5.116667130299327,2.6643359699412614,2.6707863529219167
2023-03-13,2023,4.5200754931262095,6.253795082301371,2.4493216816005554,2.3127335631039596
2023-03-14,2023,4.58427500725699,4.134203517043668,2.620754205867571,2.040143417955223
2023-03-15,2023,4.470802086129587,4.326954971552599,2.7743004787278447,2.234320602904008
2023-03-16,2023,4.504371574420985,4.277773091332134,2.678999435964004,2.2069955331842377
2023-03-17,2023,2.7930034186765034,4.753664152005341,2.767382202387314,4.903892488046696
2023-03-18,2023,3.0511042228239456,4.5200754931262095,3.300385540485804,3.8673051769306466
2023-03-19,2023,2.9537111719067504,4.58427500725699,3.2335464003010275,3.8412967814114682
2023-03-20,2023,2.9354099135460663,4.470802086129587,3.399551912437433,4.082056395296453
2023-03-21,2023,2.9871392462178155,4.504371574420985,3.316848665555174,4.007084249815001
2023-03-22,2023,2.9797047782420365,2.7930034186765034,3.5419969007006626,4.051195111756574
2023-03-23,2023,2.1720099464319675,3.0511042228239456,3.3240272869174428,3.96771657394573
2023-03-24,2023,2.573104014130472,2.9537111719067504,3.6296783729771738,4.076357397211343
2023-03-25,2023,2.6878661762467817,2.9354099135460663,3.4845117001999837,4.109896720673947
2023-03-26,2023,2.6597431063293526,2.9871392462178155,3.448255168325353,4.074220828333908
2023-03-27,2023,1.959526077309972,2.9797047782420365,3.5881083535632707,4.066097401746261
2023-03-28,2023,2.1018504274756458,2.1720099464319675,3.4733681425389378,4.141460901275008
2023-03-29,2023,1.1940621855923912,2.573104014130472,3.351952355838855,4.090460683496595
2023-03-30,2023,1.3257904064063963,2.6878661762467817,3.5116998283991707,4.011725819155298
2023-03-31,2023,1.042905472337409,2.6597431063293526,3.3289189265847736,3.8561344423720723
2023-04-01,2023,1.049989966619734,1.959526077309972,2.937863794063898,2.856030048667013
2023-04-02,2023,1.0218389605502094,2.1018504274756458,2.6416655619879816,2.667413785890031
2023-04-03,2023,0.7404809798287233,1.1940621855923912,2.61526021353653,2.8914522609529727
2023-04-04,2023,0.7483698651878591,1.3257904064063963,2.489047048526461,3.042017065966596
2023-04-05,2023,2.154372562529421,1.042905472337409,2.4102296100228173,3.410915289473954
2023-04-06,2023,1.9946673036732911,1.049989966619734,2.2710106313944625,1.4991011070653943
2023-04-07,2023,1.9695371204262309,1.0218389605502094,2.2692255896092224,1.8000027414838249
2023-04-08,2023,1.8504756121141064,0.7404809798287233,2.1788069328496262,1.5969528937594617
2023-04-09,2023,1.9606491786889373,0.7483698651878591,2.161558656632525,1.7219144844524106
2023-04-10,2023,1.009041644264031,2.154372562529421,2.195440708276951,2.3305399679586896
2023-04-11,2023,0.5505706252382335,1.9946673036732911,2.360687801094802,3.036940558813684
2023-04-12,2023,1.4428049175166886,1.9695371204262309,2.4005894326040953,2.665466601904688
2023-04-13,2023,2.1844158682877826,1.8504756121141064,2.3597061036408804,3.1457286021476834
2023-04-14,2023,3.1650171359865515,1.9606491786889373,2.4591036375620616,3.375469380661512
2023-04-15,2023,3.171235913399286,1.009041644264031,2.453750193223185,3.6229561963459456
2023-04-16,2023,3.1747224858569347,0.5505706252382335,2.375688437830797,3.6635804749619285
2023-04-17,2023,3.5771853694406106,1.4428049175166886,2.5459406535719316,3.772075962536581
2023-04-18,2023,2.709621508383344,2.1844158682877826,2.3586238483756614,3.0617885841933985
2023-04-19,2023,2.022756024746486,3.1650171359865515,2.881794220212581,3.0440153932844844
2023-04-20,2023,2.473359341392994,3.171235913399286,2.7487716965804068,3.5945181315234165
2023-04-21,2023,1.532673164988791,3.1747224858569347,2.8465758867767654,3.9133240372842453
2023-04-22,2023,1.980331794532007,3.5771853694406106,2.6406052742633648,4.092630174961539
2023-04-23,2023,1.894537982433954,2.709621508383344,2.729903846593069,3.9502792428119324
2023-04-24,2023,1.9092039385050672,2.022756024746486,2.5541856531492004,3.1764309476747656
2023-04-25,2023,1.71941094041242,2.473359341392994,2.4278693800128637,2.5345758939520007
2023-04-26,2023,2.736465978671468,1.532673164988791,2.3727403057361585,2.7195887634216764
2023-04-27,2023,2.2083102158771153,1.980331794532007,2.306535471497092,2.4475007759654357
2023-04-28,2023,2.3320023839734265,1.894537982433954,2.4314621635278084,2.8824662539300165
2023-04-29,2023,2.337008164284339,1.9092039385050672,2.403180660168841,3.0201924927595916
2023-04-30,2023,2.6272963714990745,1.71941094041242,2.404100758751425,2.266783698675965
2023-05-01,2023,1.902383341647009,2.736465978671468,2.6891315713054316,3.429710720879531
2023-05-02,2023,1.8787336463194972,2.2083102158771153,2.4628894603399214,2.8410880286580245
2023-05-03,2023,1.9986537265792708,2.3320023839734265,2.490428395700189,2.760797148860715
2023-05-04,2023,2.026018220812385,2.337008164284339,2.5079458237912253,2.6437623169807694
2023-05-05,2023,1.1591199526140556,2.6272963714990745,2.419425032385762,2.041433270258707
2023-05-06,2023,1.1802570602647102,1.902383341647009,2.4499555711625938,2.869340620091246
2023-05-07,2023,1.2019386208163367,1.8787336463194972,2.493317765235573,2.9878109307094753
2023-05-08,2023,0.9252940924334144,1.9986537265792708,2.5324687383075184,3.1638252166607455
2023-05-09,2023,1.0620176387143605,2.026018220812385,2.40525765631149,2.1365177893516285
2023-05-10,2023,1.261290836385465,1.1591199526140556,2.400074933025374,2.0909675948570277
2023-05-11,2023,0.7251591985157557,1.1802570602647102,2.471970246717031,3.011350429315185
2023-05-12,2023,0.7747476430951278,1.2019386208163367,2.451966567729618,3.4027865486054303
2023-05-13,2023,1.3817315452545935,0.9252940924334144,2.364296912370193,4.295374200822701
2023-05-14,2023,1.3593044457227548,1.0620176387143605,2.3550038660079973,3.3887834316027754
2023-05-15,2023,1.3446048535797357,1.261290836385465,2.337842386234214,3.227137111926309
2023-05-16,2023,1.468480360452136,0.7251591985157557,2.2684654101965367,3.218816239426163
2023-05-17,2023,1.2630409094111692,0.7747476430951278,2.182357474866681,2.850121688484243
2023-05-18,2023,1.048478511947959,1.3817315452545935,2.384363004413458,3.486822899964181
2023-05-19,2023,1.9163936090325908,1.3593044457227548,2.3128096924516433,3.5149707149415743
2023-05-20,2023,1.862556938575968,1.3446048535797357,2.2868387522393854,3.378103271216348
2023-05-21,2023,1.8651992483333928,1.468480360452136,2.388110214220129,4.120746990183676
2023-05-22,2023,1.876929734725073,1.2630409094111692,2.315226671441674,3.9702685316329864
2023-05-23,2023,2.7629902471025916,1.048478511947959,2.2006017319314592,3.586306854149949
2023-05-24,2023,2.106080849599917,1.9163936090325908,2.50895890138308,3.8662203975840237
2023-05-25,2023,2.171555696111344,1.862556938575968,2.357649521250409,3.6732560819213718
2023-05-26,2023,2.4788057004115025,1.8651992483333928,2.2485732310569175,2.2607057069692114
2023-05-27,2023,2.6079666194385815,1.876929734725073,2.2086679614247613,1.4604456097342597
2023-05-28,2023,1.3670541546863433,2.7629902471025916,2.092205925379712,1.7700790668946658
2023-05-29,2023,1.3261562026658622,2.106080849599917,2.1957308944279292,1.4540980197015616
2023-05-30,2023,1.353079363081609,2.171555696111344,2.1740051176576842,1.461757645144487
2023-05-31,2023,2.4765469196739627,2.4788057004115025,2.3064340598686592,1.9311211777600406
2023-06-01,2023,3.885127454148381,2.6079666194385815,2.3350307847107215,1.9652523705845646
2023-06-02,2023,4.1051355353713035,1.3670541546863433,2.1749866426583844,1.4206914063469205
2023-06-03,2023,4.140734705096446,1.3261562026658622,2.224344850238732,1.3474477507770166
2023-06-04,2023,4.134121109436606,1.353079363081609,2.18488235208698,1.2047521111546398
2023-06-05,2023,3.523363394450419,2.4765469196739627,2.5941729246293526,2.658378121116339
2023-06-06,2023,1.7528772866480713,3.885127454148381,2.221899702844892,2.1501020329737996
2023-06-07,2023,1.1852095463310364,4.1051355353713035,2.652144629554369,2.7535819440361062
2023-06-08,2023,1.0970264356999313,4.140734705096446,2.4977175673035434,2.1128023989549014
2023-06-09,2023,1.5661581937878246,4.134121109436606,2.50909986686543,2.123110460433148
2023-06-10,2023,1.771998005428808,3.523363394450419,2.479638157188776,3.2655786613971567
2023-06-11,2023,2.2782771696222586,1.7528772866480713,2.301526443866921,2.671709287106046
2023-06-12,2023,2.2665784921424397,1.1852095463310364,2.1980520318592625,2.4748362577852845
2023-06-13,2023,2.322453238989885,1.0970264356999313,2.2119156441050247,2.465919208752943
2023-06-14,2023,1.37329308851735,1.5661581937878246,2.4508561080921236,4.484082058915158
2023-06-15,2023,2.33717901764239,1.771998005428808,2.247314019631202,3.0640384396472378
2023-06-16,2023,2.9400233198500834,2.2782771696222586,2.231963437929969,2.3312340775419753
2023-06-17,2023,3.1554444452324555,2.2665784921424397,2.27885790504046,2.775573576546482
2023-06-18,2023,2.6379442204676886,2.322453238989885,2.303782372981812,2.2813541582835253
2023-06-19,2023,3.095443654146032,1.37329308851735,2.0168483361904315,1.7189615860989194
2023-06-20,2023,2.825621997086051,2.33717901764239,2.0562755858941393,2.757731763898877
2023-06-21,2023,1.379150573126029,2.9400233198500834,2.3978976610032143,2.9450819674302617
2023-06-22,2023,1.426793169469191,3.1554444452324555,2.633985298850266,3.3557930490546783
2023-06-23,2023,1.195495193268277,2.6379442204676886,2.546732001695844,2.6772050712475575
2023-06-24,2023,1.3849726855000664,3.095443654146032,2.729236889817129,3.1692846173209235
2023-06-25,2023,1.3830460488379,2.825621997086051,2.8004464483742026,2.887666311257839
2023-06-26,2023,1.3306339865190406,1.379150573126029,2.7345615394247713,3.640559387884237
2023-06-27,2023,1.16430488097506,1.426793169469191,2.663193502971393,3.5843411884622918
2023-06-28,2023,0.7361036104066588,1.195495193268277,2.803070537051811,4.007592263837399
2023-06-29,2023,1.0548883866970844,1.3849726855000664,2.697523205407225,3.706818427630604
2023-06-30,2023,1.163416158998558,1.3830460488379,2.739585006164362,3.5284343627706054
2023-07-01,2023,1.435141718512638,1.3306339865190406,2.696023636769034,3.949039472650412
2023-07-02,2023,1.6694647400282023,1.16430488097506,2.7122980374368084,3.5703658281274744
2023-07-03,2023,1.296817827832355,0.7361036104066588,2.5876848398205623,3.3081224696221785
2023-07-04,2023,1.242920736969597,1.0548883866970844,2.7327559079604526,3.9732021930352714
2023-07-05,2023,1.3080497219540808,1.163416158998558,2.638126675491455,4.008331378119288
2023-07-06,2023,0.753577712798508,1.435141718512638,2.5907022322473416,3.8843425534847382
2023-07-07,2023,0.6806078988447375,1.6694647400282023,2.4545398753439165,3.8821299459090017
2023-07-08,2023,1.6967037098193276,1.296817827832355,2.5117127014674097,4.181197599830475
2023-07-09,2023,2.6208060666118618,1.242920736969597,2.4226757387361433,3.807656506232969
2023-07-10,2023,2.594167059357381,1.3080497219540808,2.186238870920855,2.3506111340170808
2023-07-11,2023,2.5621069918504427,0.753577712798508,2.006458054052048,1.9085130950837559
2023-07-12,2023,2.547430140772599,0.6806078988447375,2.0856615265267453,1.919470483427545
2023-07-13,2023,1.484322482234249,1.6967037098193276,2.001117175903918,2.194066868617382
2023-07-14,2023,0.42668366029147,2.6208060666118618,2.413874953224675,2.2382183678233485
2023-07-15,2023,0.4201818097402166,2.594167059357381,2.299676133251556,1.4153271635298907
2023-07-16,2023,0.5341245643235512,2.5621069918504427,2.3189210991447435,1.4478773844558095
2023-07-17,2023,0.5429438682907004,2.547430140772599,2.2989708903220647,2.076664472759752
2023-07-18,2023,0.6227588103637491,1.484322482234249,2.3010768687775887,2.0352348090695855
2023-07-19,2023,1.5446393240875125,0.42668366029147,2.0851271953688757,1.8706124338377053
2023-07-20,2023,1.573744778161473,0.4201818097402166,2.1045831193352686,1.9455602872082298
2023-07-21,2023,1.5792855493884317,0.5341245643235512,2.0779165770839576,1.9833839829784037
2023-07-22,2023,1.5798626150256898,0.5429438682907004,2.104529868432116,2.1841538462563035
2023-07-23,2023,1.4512477303407356,0.6227588103637491,2.021197869430115,1.994286245886069
2023-07-24,2023,0.3675129180172305,1.5446393240875125,2.3695238549892075,3.8313696047591854
2023-07-25,2023,0.4057221921805817,1.573744778161473,2.2560266934884075,3.0703053132095444
2023-07-26,2023,0.3396331762023371,1.5792855493884317,2.268486482540374,3.166919844490553
2023-07-27,2023,0.7198702351238634,1.5798626150256898,2.2777059353428166,3.354491556742859
2023-07-28,2023,1.1723619796637286,1.4512477303407356,2.2540291535551833,2.623946463098235
2023-07-29,2023,1.1706122753242154,0.3675129180172305,2.11182958527606,2.644802876705642
2023-07-30,2023,1.1739395297145494,0.4057221921805817,2.127926594720497,2.6647604832043594
2023-07-31,2023,1.1738989848412458,0.3396331762023371,2.1192826524841064,2.6271486962481037
2023-08-01,2023,0.7658277858077903,0.7198702351238634,2.108910501122402,2.2440840539629043
2023-08-02,2023,0.3062400195620082,1.1723619796637286,2.2501495896854116,2.726010443894726
2023-08-03,2023,0.9455584313633224,1.1706122753242154,2.091351859946475,2.468469288104217
2023-08-04,2023,1.0197279162821944,1.1739395297145494,2.09664203724083,2.3798347298183318
2023-08-05,2023,1.0665981825474202,1.1738989848412458,2.063098245815669,2.412859650268844
2023-08-06,2023,1.0744676250756289,0.7658277858077903,2.0454165216564046,2.1355970797162747
2023-08-07,2023,1.0683606132316965,0.3062400195620082,1.9625316009051634,2.155935828145945
2023-08-08,2023,0.2989674237808006,0.9455584313633224,1.9429863727086478,2.030854172195662
2023-08-09,2023,0.3707291301438684,1.0197279162821944,2.046745820409608,1.933082049390188
2023-08-10,2023,0.4755823869279508,1.0665981825474202,2.037266543857793,2.2770496241231224
2023-08-11,2023,0.7901659419729677,1.0744676250756289,2.0322212692524646,2.1373209217653635
2023-08-12,2023,2.99214797766006,1.0683606132316965,2.002602498396894,2.3871594300258696
2023-08-13,2023,2.8794886034547233,0.2989674237808006,1.969701887134947,3.1328492188096924
2023-08-14,2023,2.8224243809515044,0.3707291301438684,1.9291579660581015,3.164896103035456
2023-08-15,2023,3.020780488773283,0.4755823869279508,1.9724424453836593,3.4433755887058184
2023-08-16,2023,3.1343835265845836,0.7901659419729677,2.0576401652515908,2.3166107674137164
2023-08-17,2023,1.065456883544817,2.99214797766006,2.9671234938782765,6.03381968398567
2023-08-18,2023,0.754470166700704,2.8794886034547233,2.79058261036366,6.384774413204975
2023-08-19,2023,0.9617412292816764,2.8224243809515044,2.692837298096804,6.417055502665237
2023-08-20,2023,0.964845784949763,3.020780488773283,2.6790639341644518,6.318415152789416
2023-08-21,2023,0.9621326065089753,3.1343835265845836,2.6855080103389026,5.781046598529883
2023-08-22,2023,0.9617086011062173,1.065456883544817,2.3855853626298757,5.0648852693011035
2023-08-23,2023,0.5124737251101302,0.754470166700704,2.2366614454727136,5.131652272626564
2023-08-24,2023,2.814735408031859,0.9617412292816764,2.3658830405115596,5.455983037881947
2023-08-25,2023,3.013585454873561,0.964845784949763,2.3590462380198742,5.343325557027239
2023-08-26,2023,4.0653516088753765,0.9621326065089753,2.3462718469364687,5.649543177226266
2023-08-27,2023,4.066379434798936,0.9617086011062173,2.321473694653392,5.248017213908222
2023-08-28,2023,4.07008695497892,0.5124737251101302,2.298823379110335,5.330566478684278
2023-08-29,2023,2.2197967844096103,2.814735408031859,2.1359001210125963,4.2690348492733365
2023-08-30,2023,2.2313054542286324,3.013585454873561,2.4414260772476544,4.473845337978534
2023-08-31,2023,0.4443800519988222,4.0653516088753765,2.746625749467914,4.167551854255992
2023-09-01,2023,0.3897195547522608,4.066379434798936,2.5973417004553356,5.447018780166564
2023-09-02,2023,0.961995159062585,4.07008695497892,2.577834553176424,5.568906048246532
2023-09-03,2023,1.1815211890380335,2.2197967844096103,2.4716213292242246,3.523806866573298
2023-09-04,2023,1.1406792290492629,2.2313054542286324,2.463290865112042,3.4009874852394217
2023-09-05,2023,1.1470194744613782,0.4443800519988222,2.1310525854442983,2.7010515716785624
2023-09-06,2023,1.6552672479047417,0.3897195547522608,2.0352257059609626,1.9888931597874966
2023-09-07,2023,1.940927170751198,0.961995159062585,2.025836038715172,1.7840683649008815
2023-09-08,2023,1.9921276757248916,1.1815211890380335,2.1734158674086634,2.0173850020812036
2023-09-09,2023,2.020829313449631,1.1406792290492629,2.1081138047197014,2.105116811957177
2023-09-10,2023,1.9860459790280356,1.1470194744613782,2.1202488124964862,2.2366150899629846
2023-09-11,2023,1.1084651788615714,1.6552672479047417,2.3257737369842304,2.8990829040835426
2023-09-12,2023,0.7746694424314753,1.940927170751198,2.1560039759009912,2.313429816714528
2023-09-13,2023,0.5931285823879746,1.9921276757248916,2.1844431946109606,1.9440647131017608
2023-09-14,2023,0.7816513557574382,2.020829313449631,2.2021326959548153,1.971303969426134
2023-09-15,2023,0.8594520296176034,1.9860459790280356,2.2290075700303777,2.1081781273392957
2023-09-16,2023,1.4169698869462188,1.1084651788615714,2.1072740068060445,2.2251194377598447
2023-09-17,2023,1.4149328767623428,0.7746694424314753,2.12177462311753,1.9341405147261068
2023-09-18,2023,1.3465124547110037,0.5931285823879746,2.072135339203687,1.4464727859606186
2023-09-19,2023,0.9191888072939244,0.7816513557574382,2.0511656552499673,1.6348805145926883
2023-09-20,2023,0.9894727004029056,0.8594520296176034,2.115989909116532,2.0696898508299357
2023-09-21,2023,0.5583763920084305,1.4169698869462188,2.2609262338941654,2.530643080315578
2023-09-22,2023,0.6550974756514306,1.4149328767623428,2.171846400633871,1.7854783044973213
2023-09-23,2023,1.390139762659568,1.3465124547110037,2.174675045592178,1.773161573298231
2023-09-24,2023,1.198554973692444,0.9191888072939244,2.2222508262351783,1.8996490473214593
2023-09-25,2023,1.195192078987816,0.9894727004029056,2.175852106782964,1.8734541390983248
2023-09-26,2023,1.7557723314697833,0.5583763920084305,2.115784577352602,1.7086083481417382
2023-09-27,2023,2.2039680752973787,0.6550974756514306,2.081416780403163,1.7544108101261562
2023-09-28,2023,2.0402135241652144,1.390139762659568,2.0660158989906616,2.121870875975033
2023-09-29,2023,2.0354746521547713,1.198554973692444,2.1320970783986084,2.201214230571313
2023-09-30,2023,2.2387391221754207,1.195192078987816,2.1126435910523345,2.2859680095074655
2023-10-01,2023,1.5981539937522402,1.7557723314697833,2.047812582351347,3.9890304331302913
2023-10-02,2023,1.3305456545465273,2.2039680752973787,2.2634747302498,3.5396726440117856
2023-10-03,2023,1.3029886276119809,2.0402135241652144,2.2012394902240544,2.1648467894110235
2023-10-04,2023,1.3363003293753282,2.0354746521547713,2.1112232050085384,1.9631254560063263
2023-10-05,2023,1.2080252752405112,2.2387391221754207,2.2410509707723736,2.0040565268041353
2023-10-06,2023,0.8125338365301211,1.5981539937522402,2.1156725499164284,2.2783375694328525
2023-10-07,2023,0.7021108813309878,1.3305456545465273,2.126199408041337,2.446507108305139
2023-10-08,2023,0.861227780882652,1.3029886276119809,2.1123614047847954,2.1682306091825447
2023-10-09,2023,0.8689636060635098,1.3363003293753282,2.1734966694365943,2.1139597260974345
2023-10-10,2023,1.1192584017501852,1.2080252752405112,2.1217297931741115,1.9409664239238427
2023-10-11,2023,2.194411059939541,0.8125338365301211,2.1895143344954033,2.55514492513878
2023-10-12,2023,2.181464667285147,0.7021108813309878,2.1256923830621828,2.39823890873742
2023-10-13,2023,2.269428815719405,0.861227780882652,2.1098015094546034,2.0364881360194964
2023-10-14,2023,2.1859745984356014,0.8689636060635098,2.109346009523685,2.008762135610158
2023-10-15,2023,2.344894121124527,1.1192584017501852,2.0671564373437437,2.0785895439660313
2023-10-16,2023,1.5242451983162355,2.194411059939541,2.019691973944722,3.0192362083452298
2023-10-17,2023,1.409961850890885,2.181464667285147,2.1623976845077615,3.2460289247859713
2023-10-18,2023,4.1339857528249855,2.269428815719405,2.127138557543128,1.9223900980109625
2023-10-19,2023,4.041091195823341,2.1859745984356014,2.0642521990699736,2.236745459833645
2023-10-20,2023,4.110193148275222,2.344894121124527,2.0904543192877547,4.11747649286598
2023-10-21,2023,4.430360105838292,1.5242451983162355,2.1909314389342014,4.786679479789247
2023-10-22,2023,4.586979793603122,1.409961850890885,2.2013131683856133,3.8522656597148948
2023-10-23,2023,1.5146900877047669,4.1339857528249855,2.380710773076902,3.1163393998287447
2023-10-24,2023,1.2218791286993935,4.041091195823341,2.74195853274675,2.5272411082693766
2023-10-25,2023,0.9427279070222816,4.110193148275222,2.8605330428435645,3.357141103689908
2023-10-26,2023,0.7630066656727543,4.430360105838292,2.9684452607767255,3.04272135038406
2023-10-27,2023,0.899602061753389,4.586979793603122,2.9689036415997467,2.6639727526869335
2023-10-28,2023,1.3812230908020933,1.5146900877047669,2.8013491753993156,3.587384291069402
2023-10-29,2023,1.3625582774758154,1.2218791286993935,2.7973317258449732,3.411287018892418
2023-10-30,2023,1.406885348490697,0.9427279070222816,2.8422147374625895,3.9467508672755525
2023-10-31,2023,1.4161761485296624,0.7630066656727543,2.768348269047269,4.125839365542907
2023-11-01,2023,0.8810420873982485,0.899602061753389,2.75406679289504,3.9661708660633046
2023-11-02,2023,0.757599641380903,1.3812230908020933,2.9633168795509164,3.7414425862251743
2023-11-03,2023,0.5778354223068933,1.3625582774758154,2.942888740682342,3.710168052254927
2023-11-04,2023,1.2310318432841825,1.406885348490697,2.822629343842892,4.243829638230629
2023-11-05,2023,1.1220268769794433,1.4161761485296624,2.6900717245186048,3.9620165650184123
2023-11-06,2023,1.2574720926561374,0.8810420873982485,2.6649493411880836,4.261132926579605
2023-11-07,2023,1.4060967620926657,0.757599641380903,2.588652255740984,4.145242642264123
2023-11-08,2023,1.779128785184381,0.5778354223068933,2.514826483801723,4.198154708715905
2023-11-09,2023,1.61030820317431,1.2310318432841825,2.555808076095563,4.08497085398518
2023-11-10,2023,3.616692513814922,1.1220268769794433,2.5538392536393264,4.3080170437642105
2023-11-11,2023,4.254426972211149,1.2574720926561374,2.590353989219644,4.271747651411516
2023-11-12,2023,4.323444991372947,1.4060967620926657,2.4362518600074146,4.173355964589265
2023-11-13,2023,4.261251339845323,1.779128785184381,2.4760584086901494,4.567818569033957
2023-11-14,2023,4.019863714525981,1.61030820317431,2.5741262819681103,3.3018182547381802
2023-11-15,2023,2.5945767485850637,3.616692513814922,2.3821546324822056,4.469002889535325
2023-11-16,2023,2.5448969160535237,4.254426972211149,2.9006529506767897,2.4392499009316366
2023-11-17,2023,3.306673171492202,4.323444991372947,2.6764642350243815,1.9572838520474007
2023-11-18,2023,3.324338910478928,4.261251339845323,2.6575092191735012,1.5448501333497169
2023-11-19,2023,3.217716043490958,4.019863714525981,2.5016920578056827,1.5846630780029702
2023-11-20,2023,3.2176953301483127,2.5945767485850637,2.536250449019353,1.7213057605383546
2023-11-21,2023,2.1398770445335806,2.5448969160535237,2.6517038045549532,1.962375954978362
2023-11-22,2023,0.79747546454649,3.306673171492202,2.405275195806649,1.75749115027649
2023-11-23,2023,1.050014983905647,3.324338910478928,2.557086427572528,1.674977271912561
2023-11-24,2023,0.9329832335717724,3.217716043490958,2.546025203415634,1.8031786093473925
2023-11-25,2023,0.9499853356655104,3.2176953301483127,2.5812158998012658,1.9305107689933183
2023-11-26,2023,1.3721277420361853,2.1398770445335806,2.4365195581532606,1.7008232807474417
2023-11-27,2023,1.277304075838217,0.79747546454649,2.328502654755023,1.4702733624891173
2023-11-28,2023,1.262814616170002,1.050014983905647,2.254428962417344,1.4527134289667571
2023-11-29,2023,1.9719108615703664,0.9329832335717724,2.2861568957900738,1.3405942882770692
2023-11-30,2023,1.7295086624351637,0.9499853356655104,2.284035648183507,1.4085947393371703
2023-12-01,2023,2.4946098494465536,1.3721277420361853,2.2539231386397085,1.382628469060555
2023-12-02,2023,2.973814122423483,1.277304075838217,2.3192931793798017,2.5685936530507787
2023-12-03,2023,2.9532205790604875,1.262814616170002,2.435082918330726,2.3401107065390674
2023-12-04,2023,2.6542697943225178,1.9719108615703664,2.537411961296706,2.992873814362607
2023-12-05,2023,1.28950379219077,1.7295086624351637,2.606588247791698,3.14013796291459
2023-12-06,2023,2.8830105388150686,2.4946098494465536,2.935806929477014,2.7335901086577348
2023-12-07,2023,2.9768159301896855,2.973814122423483,2.998535633331405,2.851159377914745
2023-12-08,2023,3.370493203584076,2.9532205790604875,2.928340394812907,2.684882402028345
2023-12-09,2023,3.376693621603813,2.6542697943225178,3.0562593482793066,2.791399179042831
2023-12-10,2023,3.5058764084949954,1.28950379219077,2.9601743693286293,3.4534669185767193
2023-12-11,2023,2.1335056203792395,2.8830105388150686,3.42516447047257,3.6755068071464607
2023-12-12,2023,2.423024849526291,2.9768159301896855,3.050501593078116,3.5929248051787694
2023-12-13,2023,2.270225976119036,3.370493203584076,3.0147932309199623,3.3156275802788566
2023-12-14,2023,2.27530886767877,3.376693621603813,3.090418466303671,3.485817707865796
2023-12-15,2023,2.3467587345379526,3.5058764084949954,3.201867573416534,4.085556976829097
2023-12-16,2023,2.3516119418003916,2.1335056203792395,2.8607471931360022,3.0944103819375344
2023-12-17,2023,1.8091753268966,2.423024849526291,2.998751668097132,3.2825302792688262
2023-12-18,2023,1.6317724650650518,2.270225976119036,2.779459525413409,2.7777864231657885
2023-12-19,2023,1.8328357709211012,2.27530886767877,2.915268322582661,3.08767071324065
2023-12-20,2023,1.155298195481661,2.3467587345379526,2.721821423029993,2.678334737874181
2023-12-21,2023,1.540390962012276,2.3516119418003916,2.720530831671551,2.68477491494814
2023-12-22,2023,1.9816549592610715,1.8091753268966,2.5295798320712057,2.668912066754985
2023-12-23,2023,2.117613497018328,1.6317724650650518,2.526353666017847,2.4284755111960066
2023-12-24,2023,2.0685000533329796,1.8328357709211012,2.5258439309407668,1.5995811234137542
2023-12-25,2023,1.8615137519622889,1.155298195481661,2.3884879765285727,1.551261072595669
2023-12-26,2023,1.564150890645363,1.540390962012276,2.6006515031183604,1.877380530232159
2024-01-01,2024,2.959414639294942,2.488122837787879,2.2069391097531823,2.664561955119871
2024-01-02,2024,2.7816036703190967,2.188161954926261,2.3009245418283526,2.585624875385128
2024-01-03,2024,3.1380369424594177,3.3456334814902857,2.7147313629225316,2.286263426547634
2024-01-04,2024,3.4116008165523732,3.545480824539707,2.495692758829448,2.2266446971444407
2024-01-05,2024,3.3697853155600628,3.563252891654348,2.5799960500249,2.039396043847534
2024-01-06,2024,3.3890109400785904,2.959414639294942,2.6086751646381057,2.115846094019999
2024-01-07,2024,5.213704668472542,2.7816036703190967,2.550052649243871,1.5739973413420845
2024-01-08,2024,3.4017559489454996,3.1380369424594177,2.3613371374223004,2.332170179007727
2024-01-09,2024,3.4147522704237203,3.4116008165523732,2.7439152472519943,3.485377450037845
2024-01-10,2024,3.5661381699391437,3.3697853155600628,2.6307956891808884,2.7389204227422126
2024-01-11,2024,3.8519116218237217,3.3890109400785904,2.7328510529650716,3.344564355441461
2024-01-12,2024,1.7383551220644042,5.213704668472542,3.316314375443289,3.18266924102179
2024-01-13,2024,2.3156660567251444,3.4017559489454996,2.984699481915954,2.857378033463674
2024-01-14,2024,2.17114470919468,3.4147522704237203,3.0163854334381623,3.277157362731374
2024-01-15,2024,1.9502033324157464,3.5661381699391437,2.9079642078430927,3.785834234720694
2024-01-16,2024,1.6561093018306754,3.8519116218237217,2.9214642321929327,3.743898865035728
2024-01-17,2024,2.505702586628955,1.7383551220644042,2.7065649488106507,4.52469428179639
2024-01-18,2024,2.418056624979446,2.3156660567251444,2.8905820182350954,3.734728916412353
2024-01-19,2024,2.376127118528043,2.17114470919468,2.7304593130161963,3.4660179534404505
2024-01-20,2024,2.343518273661711,1.9502033324157464,2.749309992444158,4.108871649889737
2024-01-21,2024,3.440527273803092,1.6561093018306754,2.7209474937804488,4.119134606009942
2024-01-22,2024,1.9657772554901625,2.505702586628955,2.999076935046139,5.057123057777346
2024-01-23,2024,2.0794704489210925,2.418056624979446,2.8941943838893205,4.9741985201699785
2024-01-24,2024,2.2048709586244923,2.376127118528043,2.9033379186821184,4.905030783716568
2024-01-25,2024,2.3020916103914084,2.343518273661711,2.936058517866969,5.046067744923603
2024-01-26,2024,1.5883728520711171,3.440527273803092,2.8435642427424566,2.998466821803709
2024-01-27,2024,1.6237498822355876,1.9657772554901625,2.7700780592726417,3.213451266156639
2024-01-28,2024,1.589811565819265,2.0794704489210925,2.8189762260295983,2.888945791506288
2024-01-29,2024,0.8456757020858165,2.2048709586244923,2.7368003013585205,2.624876949802539
2024-01-30,2024,0.8817415388532155,2.3020916103914084,2.8497442771832193,2.8503713594224718
2024-01-31,2024,0.7960761947202398,1.5883728520711171,2.588422292427291,2.861211865829843
2024-02-01,2024,0.7412875051056832,1.6237498822355876,2.379667208911717,1.9172247124391937
2024-02-02,2024,1.4947518362475958,1.589811565819265,2.3885563283989937,2.0929919380953663
2024-02-03,2024,1.5346813616745978,0.8456757020858165,2.377007262349442,2.348693046983788
2024-02-04,2024,1.5330784875576535,0.8817415388532155,2.360610058357188,2.198677053732059
2024-02-05,2024,1.2367051492258017,0.7960761947202398,2.294017953203999,2.352300888625675
2024-02-06,2024,1.21218106073802,0.7412875051056832,2.2874051368095665,2.3498222197515997
2024-02-07,2024,1.3027888867090642,1.4947518362475958,2.36778186783069,2.2266395531741465
2024-02-08,2024,1.8396346245959347,1.5346813616745978,2.473110320891302,2.6833258761971375
2024-02-09,2024,1.874289271042586,1.5330784875576535,2.559057054817324,2.5653519912738174
2024-02-10,2024,2.0226686435777945,1.2367051492258017,2.6636055956390017,2.9787295788378882
2024-02-11,2024,2.093650189742209,1.21218106073802,2.6214556574691903,2.7307255698813067
2024-02-12,2024,2.0312369012814497,1.3027888867090642,2.6440878382918718,2.470643917714784
2024-02-13,2024,1.9324115149812409,1.8396346245959347,2.8389942831893706,2.499803576740581
2024-02-14,2024,0.7683383409568733,1.874289271042586,2.877848057512055,2.613774052641321
2024-02-15,2024,0.891249039062587,2.0226686435777945,2.924649812169621,2.689981782030943
2024-02-16,2024,0.9673378033707044,2.093650189742209,2.907874442872786,2.7373338523735398
2024-02-17,2024,0.9844516897305354,2.0312369012814497,2.977088899437222,2.621012292097385
2024-02-18,2024,0.8639272670099085,1.9324115149812409,2.84942950112569,2.9676383463860487
2024-02-19,2024,1.2941006414534657,0.7683383409568733,2.8164232031007423,2.920264753756556
2024-02-20,2024,1.1893457256809885,0.891249039062587,2.7848851065368487,3.3483559493219617
2024-02-21,2024,2.6822460303930917,0.9673378033707044,2.818306880031902,3.1167755547775977
2024-02-22,2024,2.7970416857246314,0.9844516897305354,2.80196039332748,2.9837374508700707
2024-02-23,2024,3.5780552200632565,0.8639272670099085,2.806642605659853,2.9806916662415786
2024-02-24,2024,4.536511509547472,1.2941006414534657,2.759385942336728,2.910201168565338
2024-02-25,2024,4.287528952709847,1.1893457256809885,2.7661489852042456,3.072002585370401
2024-02-26,2024,4.605008430731485,2.6822460303930917,2.835911901828067,3.0199842516784297
2024-02-27,2024,4.46935263031056,2.7970416857246314,2.9321052021156477,2.8790523349427786
2024-02-28,2024,3.931726526741467,3.5780552200632565,3.13979063629408,4.473221914123141
2024-02-29,2024,5.341933850008384,4.536511509547472,3.503184253401698,3.496412160820557
2024-03-01,2024,5.467449447720328,4.287528952709847,3.27492368880279,3.515514951858868
2024-03-02,2024,5.365365022182198,4.605008430731485,3.4216478952204437,3.4022807031977345
2024-03-03,2024,5.368191233681768,4.46935263031056,3.2991428969434695,3.3966359905279138
2024-03-04,2024,3.961286462425059,3.931726526741467,3.405145099745587,3.427406496193175
2024-03-05,2024,1.3047737547555465,5.341933850008384,4.0695512112665355,3.112259868922113
2024-03-06,2024,1.6589545508521413,5.467449447720328,3.8012567709177896,2.958236037130252
2024-03-07,2024,2.055026033086873,5.365365022182198,3.841676719297797,2.987495295444932
2024-03-08,2024,2.0728899015091353,5.368191233681768,3.8610895840966397,2.910532313944088
2024-03-09,2024,2.6576581501192083,3.961286462425059,3.8544846281847756,3.236020739643566
2024-03-10,2024,3.12455138705946,1.3047737547555465,3.45243839581743,3.518595494051423
2024-03-11,2024,2.9603869960954285,1.6589545508521413,3.557280218768363,3.085727059438652
2024-03-12,2024,4.235416934488708,2.055026033086873,3.7564943745229282,3.339697782182116
2024-03-13,2024,3.880164637655798,2.0728899015091353,3.754044782927574,3.4880212010491607
2024-03-14,2024,4.977074171415102,2.6576581501192083,3.9420553521945467,3.4712545326477726
2024-03-15,2024,7.4451800354191136,3.12455138705946,3.938320400353091,3.317376309200294
2024-03-16,2024,7.064844186169496,2.9603869960954285,4.1060923464021,4.87673729092287
2024-03-17,2024,6.657289525869199,4.235416934488708,3.6462435624999543,3.6371252544199977
2024-03-18,2024,6.698178200344157,3.880164637655798,3.6314413527874807,4.68079405594255
2024-03-19,2024,5.530662324398696,4.977074171415102,3.908112251369997,3.8350414108392155
2024-03-20,2024,3.826292112725056,7.4451800354191136,3.558465013949612,3.8191568546658745
2024-03-21,2024,3.103388225826572,7.064844186169496,3.8487998404092805,3.5642063940473916
2024-03-22,2024,2.5728394189895925,6.657289525869199,3.821046698875303,3.39451127421251
2024-03-23,2024,2.4697076143143764,6.698178200344157,3.7019597119652605,3.3964886725146433
2024-03-24,2024,2.163606546914671,5.530662324398696,3.2891644919286005,3.948191442572052
2024-03-25,2024,1.1799209879020025,3.826292112725056,3.2081938191263673,3.8904714536540284
2024-03-26,2024,1.6363004816031268,3.103388225826572,3.183135888305654,4.034727382338582
2024-03-27,2024,2.005844510782132,2.5728394189895925,3.093289895164237,4.175033966690448
2024-03-28,2024,3.1073818569934923,2.4697076143143764,2.9876917961598854,4.134507196810151
2024-03-29,2024,3.282660809628888,2.163606546914671,3.1121682116366696,4.2344753415587855
2024-03-30,2024,3.9803580582438576,1.1799209879020025,3.0211820158037375,4.148607711660365
2024-03-31,2024,3.685806615893611,1.6363004816031268,2.9424644527209165,4.167490644138598
2024-04-01,2024,3.736795722542602,2.005844510782132,3.127037136806394,4.288098240315957
2024-04-02,2024,1.7482159082414528,3.1073818569934923,3.3970396573805255,3.7517875329602175
2024-04-03,2024,1.9528193440516737,3.282660809628888,3.171946998611065,3.880291843497346
2024-04-04,2024,2.57089005391245,3.9803580582438576,3.132117396258298,4.276948622335627
2024-04-05,2024,2.5829940861209275,3.685806615893611,3.3079292882308335,3.9285784428219155
2024-04-06,2024,2.624531415355819,3.736795722542602,3.1844033973107866,3.6313139842651467
2024-04-07,2024,3.2686054563638636,1.7482159082414528,2.9247447353762803,4.174433725793779
2024-04-08,2024,2.9033959063624417,1.9528193440516737,2.8848576468992397,3.3473026605922653
2024-04-09,2024,3.5841175639676393,2.57089005391245,3.205432412720692,3.067360919774854
2024-04-10,2024,3.255053284505298,2.5829940861209275,3.036054621047027,3.322560359413138
2024-04-11,2024,3.444099583737385,2.624531415355819,3.1476997435163736,3.580999066826189
2024-04-12,2024,3.425182252406631,3.2686054563638636,3.3006547831883473,2.9078314201432653
2024-04-13,2024,3.56574426551357,2.9033959063624417,3.473509745996229,2.8473840142484814
2024-04-14,2024,3.1876230568977015,3.5841175639676393,3.232961992785454,2.9192593741866055
2024-04-15,2024,2.812042915226176,3.255053284505298,3.45442049343401,4.282824437805172
2024-04-16,2024,2.824583453659394,3.444099583737385,3.3444698086275784,4.096554455406647
2024-04-17,2024,1.579720736705795,3.425182252406631,3.51076474883938,4.128580005738522
2024-04-18,2024,1.4599886747388482,3.56574426551357,3.2183657407973785,3.4034310083156667
2024-04-19,2024,2.371991054095479,3.1876230568977015,3.3144247765471624,3.698218516269697
2024-04-20,2024,2.201459221750358,2.812042915226176,3.196053721415949,4.024131421551905
2024-04-21,2024,2.244490789509271,2.824583453659394,3.276996115928436,3.9758142216882533
2024-04-22,2024,1.3203664345156014,1.579720736705795,2.991777118142973,2.920632252484044
2024-04-23,2024,1.33430953538208,1.4599886747388482,3.1397611234516627,2.877153413698533
2024-04-24,2024,0.8836192845628695,2.371991054095479,3.3211434676641844,2.7849420559494695
2024-04-25,2024,2.2965579489136516,2.201459221750358,3.2295154404955713,2.8179724556231287
2024-04-26,2024,2.596572414474877,2.244490789509271,3.270313451455727,2.882168370876983
2024-04-27,2024,2.9671545823157808,1.3203664345156014,3.1792582829458507,3.1319617480512205
2024-04-28,2024,4.60360882847611,1.33430953538208,3.0766375532941455,3.69200263223111
2024-04-29,2024,4.634892944400526,0.8836192845628695,2.922540158249803,3.552918011057019
2024-04-30,2024,3.682278832430901,2.2965579489136516,3.3294272452711473,3.926068133229375
2024-05-01,2024,2.8897691516788657,2.596572414474877,3.400647603571917,4.028922778020693
2024-05-02,2024,3.1875403754609,2.9671545823157808,3.158140729446095,3.617423261354396
2024-05-03,2024,1.420725483038296,4.60360882847611,3.0625641566236945,2.9292799379375576
2024-05-04,2024,1.996302500168207,4.634892944400526,3.203032162939282,3.1857031514416287
2024-05-05,2024,2.446002133956233,3.682278832430901,3.088942255309081,3.2495746286597194
2024-05-06,2024,2.4729244284724503,2.8897691516788657,2.9840985466538426,3.337159825798531
2024-05-07,2024,2.563423882128321,3.1875403754609,3.064056669191536,3.563253166443385
2024-05-08,2024,2.6047577055542983,1.420725483038296,2.9625975099267223,4.11590938404796
2024-05-09,2024,2.404384696589825,1.996302500168207,2.8713874381717996,3.7595094459825056
2024-05-10,2024,3.6731013548151976,2.446002133956233,3.138341722533162,3.664355533810302
2024-05-11,2024,3.921986571703256,2.4729244284724503,3.028789284058766,3.7928157835771983
2024-05-12,2024,3.952839510151434,2.563423882128321,2.953774069812532,3.70624652025657
2024-05-13,2024,4.027187489838334,2.6047577055542983,2.807976775530086,3.5163465103032387
2024-05-14,2024,3.8062856689471865,2.404384696589825,2.957272056324921,3.784654904227117
2024-05-15,2024,3.86282522439198,3.6731013548151976,2.7148654586844305,2.78209408701094
2024-05-16,2024,3.919686901466111,3.921986571703256,3.0609980655035303,2.902343431646774
2024-05-17,2024,4.032636585053274,3.952839510151434,2.9878590228701802,2.9107538790311134
2024-05-18,2024,4.171650961108471,4.027187489838334,3.097528818715306,2.976919609850621
2024-05-19,2024,4.103588615755116,3.8062856689471865,3.009141540775229,2.820293274256717
2024-05-20,2024,1.4590867386294224,3.86282522439198,3.02910722999692,3.0832866397530343
2024-05-21,2024,1.3340938911350653,3.919686901466111,3.339385160234947,2.9017129271363946
2024-05-22,2024,1.38557117758896,4.032636585053274,3.265252765342285,2.8943167787904946
2024-05-23,2024,1.339576434864487,4.171650961108471,3.1747801501857706,2.9245182707832074
2024-05-24,2024,1.3426715793378787,4.103588615755116,3.0568916838435016,2.9273019942067715
2024-05-25,2024,1.3643520207656084,1.4590867386294224,2.8633739239035703,3.3699762907389834
2024-05-26,2024,1.3968175337763549,1.3340938911350653,2.8931984119643164,3.5063754506366807
2024-05-27,2024,1.1749534318466028,1.38557117758896,2.803622426077275,3.489693693555281
2024-05-28,2024,1.0098399176357635,1.339576434864487,2.8861979010900614,3.536831740714033
2024-05-29,2024,1.1004858265570732,1.3426715793378787,2.855282472619033,3.4807975113865464
2024-05-30,2024,1.4698410234086063,1.3643520207656084,2.775527082451758,3.801543720323675
2024-05-31,2024,1.0181049520244116,1.3968175337763549,2.833938256107429,3.7747301219313716
2024-06-01,2024,1.2000257335342104,1.1749534318466028,2.74307775692911,3.6646615469689636
2024-06-02,2024,1.773373362993091,1.0098399176357635,2.6490593642752938,3.7069052333578316
2024-06-03,2024,1.672227457708996,1.1004858265570732,2.5810750063818,3.758195492038615
2024-06-04,2024,1.078759707715012,1.4698410234086063,2.5096275440567686,3.2222312825803896
2024-06-05,2024,0.937170784655052,1.0181049520244116,2.492452353265306,3.763761640904308
2024-06-06,2024,1.5278153628412123,1.2000257335342104,2.503443999512602,3.1688173528427175
2024-06-07,2024,1.693431847994638,1.773373362993091,2.611510760625595,3.761553456596052
2024-06-08,2024,1.8703617387564235,1.672227457708996,2.5751130562794633,3.002843450409649
2024-06-09,2024,1.7405247986513488,1.078759707715012,2.5872231004183943,3.759380479523255
2024-06-10,2024,1.8094344730431784,0.937170784655052,2.5979750030379334,4.030468495716546
2024-06-11,2024,1.4264637152187245,1.5278153628412123,2.7878001804721375,4.062168688535054
2024-06-12,2024,1.1452025671787214,1.693431847994638,2.6502855798692058,3.8261945408959837
2024-06-13,2024,1.0928428812785762,1.8703617387564235,2.7854193801708793,3.554989459610673
2024-06-14,2024,1.0343005922955444,1.7405247986513488,2.7699463137756575,4.297433729565535
2024-06-15,2024,0.9874623469133536,1.8094344730431784,2.7497081592155697,3.8919606719202267
2024-06-16,2024,0.8031467284629656,1.4264637152187245,2.633707282663759,4.300259259686159
2024-06-17,2024,0.9038831445936232,1.1452025671787214,2.6252545364788924,4.436056208332745
2024-06-18,2024,0.7739164825326853,1.0928428812785762,2.7282867747523207,3.921646042112171
2024-06-19,2024,1.9017551622890347,1.0343005922955444,2.663982563245879,3.7787823545320083
2024-06-20,2024,2.6169863478244717,0.9874623469133536,2.656539706884445,3.8761307947745234
2024-06-21,2024,2.635061576304447,0.8031467284629656,2.70260329128158,3.9426003653611748
2024-06-22,2024,2.7997162930151225,0.9038831445936232,2.6824283366874244,3.9320307988862044
2024-06-23,2024,2.837780063332597,0.7739164825326853,2.7009614238081148,4.019537014451217
2024-06-24,2024,1.9813124177672068,1.9017551622890347,3.1125539913785865,3.997229993086185
2024-06-25,2024,2.105000965621876,2.6169863478244717,2.9941050306838592,3.703295561188638
2024-06-26,2024,1.829023353274412,2.635061576304447,3.1053509928848086,3.9243649250972736
2024-06-27,2024,1.9722421173084648,2.7997162930151225,2.9730986540815656,3.741108537332127
2024-06-28,2024,2.250964041219986,2.837780063332597,3.0821281261092754,3.866557210656739
2024-06-29,2024,3.1394987333321662,1.9813124177672068,2.8341980754924387,4.1345934657645245
2024-06-30,2024,2.219271026403438,2.105000965621876,2.7246030032552793,3.4590745904429814
2024-07-01,2024,3.041406320023021,1.829023353274412,2.7687014786560105,3.586545210360896
2024-07-02,2024,3.2746321487382155,1.9722421173084648,2.7489700508829853,3.5113396756765143
2024-07-03,2024,3.5568602098970565,2.250964041219986,2.7946725245807698,3.822249427364
2024-07-04,2024,2.884565085471974,3.1394987333321662,3.1363604848586615,3.860525277124401
2024-07-05,2024,2.8771793465937017,2.219271026403438,3.067067323303027,4.018418299720767
2024-07-06,2024,2.5288523931847084,3.041406320023021,3.043718928526952,3.9652040574162934
2024-07-07,2024,1.283822579931243,3.2746321487382155,3.258946337198048,3.573543919330694
2024-07-08,2024,1.4404161110274512,3.5568602098970565,3.046421374714824,4.023057171306085
2024-07-09,2024,1.5256304332772863,2.884565085471974,2.894496750470183,4.024563805035318
2024-07-10,2024,2.7512774816818273,2.8771793465937017,2.908380444567422,4.072389480150912
2024-07-11,2024,2.487890932670646,2.5288523931847084,2.907417556683313,4.066399225850379
2024-07-12,2024,3.0686685793237225,1.283822579931243,2.639895447531465,4.291765674166605
2024-07-13,2024,3.230665537028837,1.4404161110274512,2.602387491840247,3.959463944153297
2024-07-14,2024,3.4401916154350003,1.5256304332772863,2.585988770811278,4.269624249547112
2024-07-15,2024,2.1578669540624955,2.7512774816818273,2.595048852255711,3.318487192135483
2024-07-16,2024,2.1688547325325715,2.487890932670646,2.8064267020982565,3.566225069977977
2024-07-17,2024,1.994330625355532,3.0686685793237225,2.9582394286251006,3.385197499251555
2024-07-18,2024,2.5330805641573675,3.230665537028837,2.979540573445979,3.421384501263165
2024-07-19,2024,1.5232445892182134,3.4401916154350003,2.9178792900863444,3.7863586898379498
2024-07-20,2024,1.5128402508064105,2.1578669540624955,2.9876008949702806,4.092840577884034
2024-07-21,2024,2.140467129244223,2.1688547325325715,3.001322214292748,4.020458021768678
2024-07-22,2024,2.0992777638128124,1.994330625355532,3.042358088549627,4.1062786008655054
2024-07-23,2024,1.5478047268688755,2.5330805641573675,3.187986891335407,3.860150842306875
2024-07-24,2024,1.9210116680509008,1.5232445892182134,3.0702836561601705,4.430454169188003
2024-07-25,2024,2.009969265465885,1.5128402508064105,2.9924610810258443,4.497840028252431
2024-07-26,2024,1.2858722248194143,2.140467129244223,2.971830619519441,4.252610019027219
2024-07-27,2024,1.5887620853230342,2.0992777638128124,3.0591734077484105,4.068235744163064
2024-07-28,2024,2.6186450799429934,1.5478047268688755,2.836893463575535,4.405065819422495
2024-07-29,2024,2.646282140869033,1.9210116680509008,2.903427659124938,4.227791657269226
2024-07-30,2024,2.7576348138512463,2.009969265465885,2.911732954648344,4.267942102268963
2024-07-31,2024,3.418399579074785,1.2858722248194143,2.9369367463909923,4.409282306165651
2024-08-01,2024,4.380351400961104,1.5887620853230342,2.7812110337826152,4.303794092214477
2024-08-02,2024,4.031840727567949,2.6186450799429934,3.1586717017108827,3.521748529562939
2024-08-03,2024,7.610571353591796,2.646282140869033,2.941876483166174,3.8384849410081614
2024-08-04,2024,7.258761247970802,2.7576348138512463,3.2169330615272633,4.383240866638206
2024-08-05,2024,5.7792252892868925,3.418399579074785,3.816906181494821,5.811354387473505
2024-08-06,2024,6.322975737580344,4.380351400961104,3.6394120016656313,5.59215907853802
2024-08-07,2024,6.12210865834572,4.031840727567949,3.7190826307302265,5.739344626481153
2024-08-08,2024,2.2489762132621864,7.610571353591796,3.465708718240612,3.477724296265074
2024-08-09,2024,2.558067376603031,7.258761247970802,3.811114968276251,3.845455663952411
2024-08-10,2024,2.5682159109090548,5.7792252892868925,3.5060651581258977,3.7868735917408487
2024-08-11,2024,2.4766772800590537,6.322975737580344,3.7594204049825874,3.6396959644913327
2024-08-12,2024,2.4680793746977665,6.12210865834572,3.5768373048377606,3.6110858235956522
2024-08-13,2024,2.2542782405284165,2.2489762132621864,3.30477181180083,3.6940802989538635
2024-08-14,2024,1.9863344597713783,2.558067376603031,3.500153305939895,3.798807391012675
2024-08-15,2024,1.694216968516028,2.5682159109090548,3.466185958120686,3.8016576793555417
2024-08-16,2024,2.109365555767435,2.4766772800590537,3.2855984666020923,3.593958607700033
2024-08-17,2024,2.2923183726106435,2.4680793746977665,3.3090218060181193,3.718974519112231
2024-08-18,2024,3.1121447173946746,2.2542782405284165,3.265426129779314,3.593637740719065
2024-08-19,2024,3.2127442537889523,1.9863344597713783,3.0678820024011397,3.652657260552017
2024-08-20,2024,3.0489088428363407,1.694216968516028,3.069205510949468,3.779077397798509
2024-08-21,2024,3.274860214471909,2.109365555767435,2.870542105542828,3.575424604771222
2024-08-22,2024,4.229829387184798,2.2923183726106435,2.9588484011897482,3.695131227933595
2024-08-23,2024,2.327608910344731,3.1121447173946746,2.9172516117439775,3.7392211154934567
2024-08-24,2024,2.425060955247141,3.2127442537889523,3.1821594047042385,3.3567028620960526
2024-08-25,2024,2.316951888444073,3.0489088428363407,2.8666028543213686,3.0139187667932976
2024-08-26,2024,2.3593814066115266,3.274860214471909,2.936996312343481,3.0033601495549256
2024-08-27,2024,1.2594448146051849,4.229829387184798,3.2069129636346245,3.019050308245825
2024-08-28,2024,2.128633740502728,2.327608910344731,2.981617172132516,3.89256039153602
2024-08-29,2024,2.438139222239025,2.425060955247141,2.9632208705197085,4.005055276063379
2024-08-30,2024,2.5429505413350424,2.316951888444073,2.9841445713121413,3.9906287250049344
2024-08-31,2024,2.8202183762447266,2.3593814066115266,2.982694780476523,4.010501907034595
2024-09-01,2024,3.0464346373505777,1.2594448146051849,2.852889445166391,4.043066199284116
2024-09-02,2024,2.210161890730618,2.128633740502728,2.726640015209256,3.9583726816737625
2024-09-03,2024,2.4476258229663124,2.438139222239025,2.993462357585173,4.0052716740634695
2024-09-04,2024,3.25699756969444,2.5429505413350424,2.9042157782579103,4.077846666509268
2024-09-05,2024,2.8614581526984257,2.8202183762447266,3.06965359269776,3.4202909917840487
2024-09-06,2024,1.6882188181241435,3.0464346373505777,3.243284458961886,2.954441578656365
2024-09-07,2024,1.6146223287201011,2.210161890730618,3.092142093925225,2.782469500721069
2024-09-08,2024,2.0218507813695883,2.4476258229663124,3.0324171983969093,3.251455294558956
2024-09-09,2024,2.0305853348480327,3.25699756969444,3.0110460876267013,3.312468516930927
2024-09-10,2024,2.2959517997695675,2.8614581526984257,3.0305754027963934,3.6309731457627716
2024-09-11,2024,2.479666095965258,1.6882188181241435,2.9096496067004027,3.921980023053457
2024-09-12,2024,2.892764797717021,1.6146223287201011,2.8740195416668017,4.050382266309651
2024-09-13,2024,2.3985009795149557,2.0218507813695883,2.7861352906976764,3.7675010282442774
2024-09-14,2024,2.3668284916673232,2.0305853348480327,2.952419213034915,3.7324750857089093
2024-09-15,2024,2.036141582011719,2.2959517997695675,2.8965208047644713,3.9489074738883163
2024-09-16,2024,1.393307830387205,2.479666095965258,2.837019524152734,3.952682176424564
2024-09-17,2024,0.9793639886346424,2.892764797717021,2.722654920995338,4.397854125402611
2024-09-18,2024,0.946731036418858,2.3985009795149557,2.804092264466842,4.056924489521049
2024-09-19,2024,0.7249117266815719,2.3668284916673232,2.920254808238302,3.7829977370201133
2024-09-20,2024,1.2366555040634215,2.036141582011719,2.9429873474317696,3.7752525632872396
2024-09-21,2024,1.9232862855430568,1.393307830387205,2.883659294553347,3.949985930530726
2024-09-22,2024,1.9262355553226365,0.9793639886346424,2.8425283130440313,4.077535756351041
2024-09-23,2024,1.8471339178348392,0.946731036418858,2.92774048676166,4.069470074984052
2024-09-24,2024,1.8576830672862312,0.7249117266815719,2.877885366061414,3.918019071195068
2024-09-25,2024,2.437546261035645,1.2366555040634215,3.0593720782229865,3.9924002964124043
2024-09-26,2024,2.2228876844706384,1.9232862855430568,2.956177643560691,3.7420358921186265
2024-09-27,2024,1.9524656612874527,1.9262355553226365,3.0777938402707914,3.7458450781387125
2024-09-28,2024,1.966381556401384,1.8471339178348392,3.023238805221486,3.72032274131461
2024-09-29,2024,2.585610774339916,1.8576830672862312,2.9645319447236766,3.8673286992736178
2024-09-30,2024,2.2124985499959378,2.437546261035645,3.1020630379600407,3.5390341776437158
2024-10-01,2024,1.0094856652548032,2.2228876844706384,3.111442312076024,3.8150992110511583
2024-10-02,2024,1.1745478047615874,1.9524656612874527,2.964739095780378,4.004499769464578
2024-10-03,2024,1.2117577837229043,1.966381556401384,2.9322690624218772,3.811792857600691
2024-10-04,2024,1.3562392755508854,2.585610774339916,2.9114669473824026,3.6884784806749313
2024-10-05,2024,1.3263827453174488,2.2124985499959378,2.909529483762021,3.690988007172442
2024-10-06,2024,2.2520512934271677,1.0094856652548032,2.6893500132407144,3.743056841292393
2024-10-07,2024,2.257275478273904,1.1745478047615874,2.5852536028025375,3.390864397402871
2024-10-08,2024,2.2836388350111267,1.2117577837229043,2.5579099747045624,3.48954647001188
2024-10-09,2024,2.5091795024495283,1.3562392755508854,2.678648420857485,3.61810746505831
2024-10-10,2024,2.1947128573788466,1.3263827453174488,2.6395520672588604,3.496618627103295
2024-10-11,2024,2.088118261008898,2.2520512934271677,2.5910906275124144,3.1878007813420153
2024-10-12,2024,2.266510270741694,2.257275478273904,2.6570304680182932,3.072041105688675
2024-10-13,2024,2.01813816881357,2.2836388350111267,2.7015914639272403,3.156929381321056
2024-10-14,2024,0.862260468743079,2.5091795024495283,2.42778522755338,3.0692974847828536
2024-10-15,2024,0.7594886890538101,2.1947128573788466,2.6146527861216464,3.669041921359572
2024-10-16,2024,1.4875689914190886,2.088118261008898,2.6918722983919983,3.459379321065524
2024-10-17,2024,1.4809299368716995,2.266510270741694,2.7471603094506385,3.604425368424958
2024-10-18,2024,1.2945258736897645,2.01813816881357,2.688049153583404,3.5262337216094495
2024-10-19,2024,1.945911760051756,0.862260468743079,2.697992517707157,3.7127433163068857
2024-10-20,2024,2.059018797320094,0.7594886890538101,2.684083622367217,3.981911932373612
2024-10-21,2024,1.8648190707682435,1.4875689914190886,2.8632113324505917,3.8933389255234543
2024-10-22,2024,1.9777272610467656,1.4809299368716995,2.783368983256686,4.166216290549199
2024-10-23,2024,2.059412269689852,1.2945258736897645,2.816534636819333,4.262770971267633
2024-10-24,2024,2.398695578369068,1.945911760051756,2.732417744667414,4.076647820316242
2024-10-25,2024,1.818248182524162,2.059018797320094,2.9091087676392124,4.016922779798884
2024-10-26,2024,2.7724775082825452,1.8648190707682435,2.7529177836129555,4.336956400827858
2024-10-27,2024,2.892907629361097,1.9777272610467656,2.7385729636329237,4.283389759238387
2024-10-28,2024,2.5562651389207067,2.059412269689852,2.6961623224140796,4.151303037458698
2024-10-29,2024,1.0581014744207682,2.398695578369068,2.940763753656352,4.279863333772546
2024-10-30,2024,1.0060466687246563,1.818248182524162,2.9559083065040443,4.389821897879785
2024-10-31,2024,1.4622738985848114,2.7724775082825452,3.0397628347970413,3.851014592437368
2024-11-01,2024,4.295792864221436,2.892907629361097,2.977346529211979,4.032524578033168
2024-11-02,2024,4.228999033981489,2.5562651389207067,2.9496781412652253,4.15576612347413
2024-11-03,2024,4.026385035942818,1.0581014744207682,2.7272012433232278,4.022522121593652
2024-11-04,2024,3.713191363473663,1.0060466687246563,2.7159278357162617,3.5258841108781196
2024-11-05,2024,3.835124205655142,1.4622738985848114,2.587012933082273,3.669607479134178
2024-11-06,2024,4.298863197219877,4.295792864221436,2.654987432071711,3.5558097597529486
2024-11-07,2024,4.530586981384091,4.228999033981489,2.9554999647525317,3.645573714410566
2024-11-08,2024,4.365813875950184,4.026385035942818,2.9083975780167375,3.6858244339695783
2024-11-09,2024,5.3477791199180675,3.713191363473663,2.864412398586095,3.6576277586244514
2024-11-10,2024,5.307820057730084,3.835124205655142,2.8909333893922566,3.5332336729415874
2024-11-11,2024,3.223859820229448,4.298863197219877,3.213871687270476,3.60100967555077
2024-11-12,2024,3.218539651936696,4.530586981384091,3.582185234069427,3.0603031059760504
2024-11-13,2024,2.9239040070067643,4.365813875950184,3.5435629901749754,3.4036757667274973
2024-11-14,2024,2.1153867392205012,5.3477791199180675,3.8742589727994616,3.4874295923376972
2024-11-15,2024,1.3778083659936964,5.307820057730084,3.6540659554750556,3.171056633105609
2024-11-16,2024,1.9175014734185336,3.223859820229448,3.670191080247049,3.2836354842986752
2024-11-17,2024,1.5493616795950491,3.218539651936696,3.585872207448019,3.205921577092046
2024-11-18,2024,2.09877766620568,2.9239040070067643,3.4680365667692516,3.20897616587382
2024-11-19,2024,2.155524250504515,2.1153867392205012,3.3486903440562648,3.6961646207055834
2024-11-20,2024,3.398411789033168,1.3778083659936964,3.381809088630087,3.735707126667316
2024-11-21,2024,2.2021244072731823,1.9175014734185336,3.5441457488687185,3.4274820298120794
2024-11-22,2024,3.3603021093288836,1.5493616795950491,3.6458915579062268,3.885536288158151
2024-11-23,2024,3.3403931256597983,2.09877766620568,3.758816531990783,4.223011312442079
2024-11-24,2024,3.4966328821950463,2.155524250504515,3.6999248276001695,3.897839812900404
2024-11-25,2024,2.357183673680705,3.398411789033168,3.944024650212281,3.2219256314546887
2024-11-26,2024,2.1015649505500926,2.2021244072731823,3.4906133473392336,3.767449414965352
2024-11-27,2024,1.3798380972670676,3.3603021093288836,3.409733624375489,3.378432395539501
2024-11-28,2024,1.3693246529584784,3.3403931256597983,3.504840681945103,3.3284814503324025
2024-11-29,2024,1.7227254764657691,3.4966328821950463,3.4054284354686337,3.2690539031225456
2024-11-30,2024,2.0011572915222366,2.357183673680705,3.1226721368495953,3.185143380756743
2024-12-01,2024,2.528307149603995,2.1015649505500926,2.891703660253268,3.5844679268922572
2024-12-02,2024,2.312568903298548,1.3798380972670676,2.9013073556323974,3.609223004498006
2024-12-03,2024,2.281635540233291,1.3693246529584784,2.8278875996768806,3.7859548737709194
2024-12-04,2024,2.840168493039035,1.7227254764657691,2.7938234829034903,3.9782736363024807
2024-12-05,2024,2.659794187293608,2.0011572915222366,2.991318035602072,3.59238298008813
2024-12-06,2024,3.069037341780171,2.528307149603995,2.9089275871261044,3.782436780551969
2024-12-07,2024,3.135091534545962,2.312568903298548,2.966875379291692,3.8230401698643472
2024-12-08,2024,3.145574735213625,2.281635540233291,2.878630384071565,3.7865200541621635
2024-12-09,2024,2.3538826744191415,2.840168493039035,3.099348183080882,3.5854356522835387
2024-12-10,2024,2.302888740374789,2.659794187293608,2.9660737345872428,3.7676230671039646
2024-12-11,2024,1.5662426951970343,3.069037341780171,2.8405478587642756,3.939888497598316
2024-12-12,2024,1.2198333832382506,3.135091534545962,3.0232972207524265,3.8174739825960646
2024-12-13,2024,3.3106764778529567,3.145574735213625,2.965532450127366,3.9772801949129115
2024-12-14,2024,3.4625249234596147,2.3538826744191415,2.8772115197647805,3.9317024604403574
2024-12-15,2024,2.9377557253036852,2.302888740374789,2.7937496515271665,3.798581880632312
2024-12-16,2024,2.528608646318963,1.5662426951970343,2.8650536799969273,4.002051152611651
2024-12-17,2024,2.3205353647473297,1.2198333832382506,2.859446863486271,3.8470466023878176
2024-12-18,2024,1.2139191668044442,3.3106764778529567,3.3626573208555537,3.3489292361359717
2024-12-19,2024,2.3834384592778184,3.4625249234596147,3.2753777291181487,3.4467989421445417
2024-12-20,2024,2.389140980432682,2.9377557253036852,3.169834035839844,3.463484171592658
2024-12-21,2024,2.9669745797552984,2.528608646318963,3.1733325563840102,4.029058900884786
2024-12-22,2024,2.8965162502931743,2.3205353647473297,3.215048911231629,3.968746336550406
2024-12-23,2024,2.938373312702483,1.2139191668044442,2.958194388582277,3.7556496763606138
2024-12-24,2024,1.890500378162764,2.3834384592778184,2.878000594586518,3.386984375660276
2024-12-25,2024,1.656555108122871,2.389140980432682,3.008959540660576,3.483131073888783
2024-12-26,2024,1.358428719540457,2.9669745797552984,3.191118574687809,3.3856760230231604
2025-01-01,2025,1.6255458236666849,1.3036057384311557,2.659861873735303,2.950841095270026
2025-01-02,2025,3.23093967444227,1.719630034701953,2.6173426498615924,2.616303056443284
2025-01-03,2025,3.248058976832435,1.2734001676947972,2.596208253412395,2.588222052083276
2025-01-04,2025,3.335649247208278,0.9060513935050368,2.5520802152203466,2.748305536992069
2025-01-05,2025,3.6921233231882544,1.0331102220712811,2.5149570689884517,2.782323733498872
2025-01-06,2025,2.7952961177246096,1.6255458236666849,2.304380062444073,2.5326456091605096
2025-01-07,2025,1.973402041811261,3.23093967444227,2.807928396478858,2.6094398559951006
2025-01-08,2025,1.8014195565026,3.248058976832435,2.7771681379114463,2.1152405502808307
2025-01-09,2025,1.2817261907650312,3.335649247208278,2.8268556473310626,2.4585259331291582
2025-01-10,2025,1.882500121603224,3.6921233231882544,2.6575094289689343,2.7640265832428406
2025-01-11,2025,2.0057348875567595,2.7952961177246096,2.7019496657316533,2.7073938471152137
2025-01-12,2025,2.411477158336808,1.973402041811261,2.562031308986577,2.417342425118915
2025-01-13,2025,2.428736335718954,1.8014195565026,2.5101412015102986,2.3873573117881155
2025-01-14,2025,3.358025004252976,1.2817261907650312,2.3581712871249976,2.497285994733031
2025-01-15,2025,2.880721350966214,1.882500121603224,2.3805451841072185,2.1485073341745275
2025-01-16,2025,3.2114373044587636,2.0057348875567595,2.5610985588934048,2.150197677501786
2025-01-17,2025,2.862399048861503,2.411477158336808,2.49948914533104,2.7494242640780477
2025-01-18,2025,2.8687820487482423,2.428736335718954,2.6715411021488276,2.8652298152288838
2025-01-19,2025,2.2759037444085366,3.358025004252976,2.934661711571355,2.6473865795371565
2025-01-20,2025,2.3022937879591523,2.880721350966214,2.83439414080804,2.460817927958118
2025-01-21,2025,1.4080095775548584,3.2114373044587636,2.774483248361975,3.2814899772164376
2025-01-22,2025,1.052907467132445,2.862399048861503,2.9313474175737695,2.8884074064401553
2025-01-23,2025,1.0073273339085391,2.8687820487482423,2.817798632159789,2.6411791730293332
2025-01-24,2025,1.575147074625541,2.2759037444085366,2.701762528263177,2.935276209374542
2025-01-25,2025,1.666722945737066,2.3022937879591523,2.7360132463129494,2.887797332607131
2025-01-26,2025,1.7527401316771338,1.4080095775548584,2.6798802231028676,2.656169006180447
2025-01-27,2025,1.9053193641179873,1.052907467132445,2.56434732011094,2.683562251138701
2025-01-28,2025,2.2641534942853965,1.0073273339085391,2.6221888903670387,2.7550738762887352
2025-01-29,2025,2.790771570867015,1.575147074625541,2.6188807478260516,2.8070772408637676
2025-01-30,2025,2.9395133732703296,1.666722945737066,2.624473695679085,2.9148231413697734
2025-01-31,2025,2.896267102485562,1.7527401316771338,2.729414346294167,2.75629038552689
2025-02-01,2025,2.9093178810940845,1.9053193641179873,2.742200010488836,2.848065766602374
2025-02-02,2025,2.6479580960982827,2.2641534942853965,2.699109032615781,2.5482608081295792
2025-02-03,2025,1.4986620148780352,2.790771570867015,2.6040068603766344,2.5395315927984363
2025-02-04,2025,0.5616347969644782,2.9395133732703296,2.8530889785892635,2.773155517137061
2025-02-05,2025,0.4489311075036657,2.896267102485562,2.784676507161252,2.6347134825662515
2025-02-06,2025,0.9761888614396744,2.9093178810940845,2.7122738090651426,2.470458037388737
2025-02-07,2025,1.460169296417461,2.6479580960982827,2.6490197301632596,2.545174032984035
2025-02-08,2025,1.6275084322608264,1.4986620148780352,2.5884210089053887,2.5614641163555767
2025-02-09,2025,1.673405174400936,0.5616347969644782,2.3785268183336314,2.7056874108529145
2025-02-10,2025,1.6198434037269622,0.4489311075036657,2.283570421021797,2.7105907648038756
2025-02-11,2025,1.542738025864321,0.9761888614396744,2.460285732113192,2.6157810367986833
2025-02-12,2025,0.9777391137094956,1.460169296417461,2.369171984356262,2.4175368916223676
2025-02-13,2025,0.8521947178018664,1.6275084322608264,2.4727061739367486,2.5431840746626246
2025-02-14,2025,0.931960033492126,1.673405174400936,2.408497890547675,2.53312377784178
2025-02-15,2025,1.2829672448207912,1.6198434037269622,2.459814368079956,2.4110317939985535
2025-02-16,2025,1.555833062630429,1.542738025864321,2.4748395685599966,2.4794321232685053
2025-02-17,2025,1.5469863869181144,0.9777391137094956,2.4077438094372785,2.3963297246676825
2025-02-18,2025,1.552093797686107,0.8521947178018664,2.3636530116261265,2.436733533614287
2025-02-19,2025,2.6509720198283935,0.931960033492126,2.2757344215256623,2.46887371023747
2025-02-20,2025,2.187410908961411,1.2829672448207912,2.207305261144865,2.653831707845929
2025-02-21,2025,2.560659916439602,1.555833062630429,2.3774685809100147,2.3121900433541693
2025-02-22,2025,2.5468486106161357,1.5469863869181144,2.3114105398670675,2.4684521088778357
2025-02-23,2025,2.5301556519727915,1.552093797686107,2.193864689280943,1.7747688741824093
2025-02-24,2025,2.754657599614754,2.6509720198283935,2.588003833863226,2.293634960742182
2025-02-25,2025,5.271518145314228,2.187410908961411,2.684287934654905,3.5304975268462027
2025-02-26,2025,6.502749851785743,2.560659916439602,2.974571193784099,5.2315985026189615
2025-02-27,2025,6.510465116439901,2.5468486106161357,2.804899286130506,4.608962686413649
2025-02-28,2025,6.603351173244262,2.5301556519727915,2.937205718363679,4.599314028182922
2025-03-01,2025,6.677260124734636,2.754657599614754,2.844238488977994,3.2884722490693044
2025-03-02,2025,4.840566663147466,5.271518145314228,2.6455651788258443,2.5977875262196624
2025-03-03,2025,2.7747385107111677,6.502749851785743,3.521646556528197,4.456198725784886
2025-03-04,2025,3.8472924093837286,6.510465116439901,3.207470891763412,3.1930500368750643
2025-03-05,2025,2.3843337602924506,6.603351173244262,3.1325456656639785,3.060863771821137
2025-03-06,2025,4.465955318941235,6.677260124734636,3.2806716509615104,3.168176378685427
2025-03-07,2025,4.419020944211674,4.840566663147466,3.2760443170393447,3.432441301259248
2025-03-08,2025,4.564462626439925,2.7747385107111677,2.911776975227152,2.9302669493644258
2025-03-09,2025,3.777904552553535,3.8472924093837286,3.308536159211741,4.963188341432059
2025-03-10,2025,3.301151485571446,2.3843337602924506,3.122139178414386,10.30404411961814
2025-03-11,2025,2.6701615017668,4.465955318941235,3.0773835515300414,4.158517831379381
2025-03-12,2025,2.768810928510017,4.419020944211674,3.1164233366690697,3.504211605335154
2025-03-13,2025,2.364651683561836,4.564462626439925,3.2432510273451207,3.407382766970449
2025-03-14,2025,2.8693192209610663,3.777904552553535,2.859513106515773,3.083040060045795
2025-03-15,2025,3.347672842843431,3.301151485571446,2.8369398371113212,3.181584894509249
2025-03-16,2025,3.1509038295092484,2.6701615017668,2.8995155916397155,3.0025961201549167
2025-03-17,2025,3.051919154256471,2.768810928510017,2.8439945810156226,2.9989826991214352
2025-03-18,2025,3.091094689162444,2.364651683561836,2.9171094350014917,3.4162159646718324
2025-03-19,2025,2.199881408052582,2.8693192209610663,2.780373096083098,3.012024158044687
2025-03-20,2025,1.3120709427589845,3.347672842843431,3.0978988802797938,3.1523910770765604
2025-03-21,2025,1.4166402193722054,3.1509038295092484,2.9404634652221793,3.0983241595671256
2025-03-22,2025,1.3443263973826851,3.051919154256471,2.837597286778264,2.823027615752901
2025-03-23,2025,1.8094635052977104,3.091094689162444,2.691721655072712,2.250621157096816
2025-03-24,2025,1.490435967513884,2.199881408052582,2.6283056578845994,2.4668672916580165
2025-03-25,2025,1.4418624278011147,1.3120709427589845,2.510990637407187,2.5056768071518944
2025-03-26,2025,1.578974762184855,1.4166402193722054,2.45777299397759,2.6108322272147326
2025-03-27,2025,2.454458276234116,1.3443263973826851,2.3942780414104594,3.124231821828119
2025-03-28,2025,2.4293995901840173,1.8094635052977104,2.6160620632041205,2.54660910162246
2025-03-29,2025,2.2710017235828115,1.490435967513884,2.595701865907689,2.291030123420305
2025-03-30,2025,2.274045414511793,1.4418624278011147,2.5624999226899163,2.0283487780834504
2025-03-31,2025,2.302385255680541,1.578974762184855,2.416920315356194,1.6691520811796514
2025-04-01,2025,3.080883468084805,2.454458276234116,2.396943189857367,1.9034018543905349
2025-04-02,2025,3.1811304098896436,2.4293995901840173,2.58591678070679,2.2242147157947296
2025-04-03,2025,3.2811957816185964,2.2710017235828115,2.3947905523223323,1.8541299369423123
2025-04-04,2025,5.569878952564766,2.274045414511793,2.36455497014092,2.0304391251373226
2025-04-05,2025,5.777458056842474,2.302385255680541,2.437020211225071,1.9261967951838648
2025-04-06,2025,5.2300915700943245,3.080883468084805,2.93658248897584,2.7720130298471783
2025-04-07,2025,5.243046221072936,3.1811304098896436,2.7970363894192363,2.4030200431418933
2025-04-08,2025,4.818800982149053,3.2811957816185964,3.0120396227435924,3.052212387660767
2025-04-09,2025,3.3017572166489515,5.569878952564766,2.793581123644082,2.309016806988849
2025-04-10,2025,2.646974640459206,5.777458056842474,3.2102651659262564,2.7707704861443863
2025-04-11,2025,1.6431111619585446,5.2300915700943245,2.8112812467411405,2.6446689234844705
2025-04-12,2025,1.3087955999282472,5.243046221072936,2.849582006393983,2.845216821682608
2025-04-13,2025,0.9302116866741608,4.818800982149053,2.8590615151739582,2.6835370941233476
2025-04-14,2025,0.8704767129106767,3.3017572166489515,2.6788022723047904,2.7270625007066682
2025-04-15,2025,0.5951375596142892,2.646974640459206,2.65289702838676,2.814494227964731
2025-04-16,2025,1.2317476479181289,1.6431111619585446,2.494795199936599,3.0474590076429484
2025-04-17,2025,2.948900728110241,1.3087955999282472,2.4997956949347353,3.191766722509883
2025-04-18,2025,2.797639286618872,0.9302116866741608,2.52000740225986,3.2295064845200874
2025-04-19,2025,2.8628673157685105,0.8704767129106767,2.486786138293904,3.2203553981331368
2025-04-20,2025,2.7620562912529687,0.5951375596142892,2.459936633585515,3.2705835759660946
2025-04-21,2025,2.9010376362964387,1.2317476479181289,2.4313333167895577,3.0740764323726206
2025-04-22,2025,0.6516161637295815,2.948900728110241,2.7813945237144875,2.9651310862315565
2025-04-23,2025,0.8621513572573111,2.797639286618872,2.9567817060093162,3.1450733533605812
2025-04-24,2025,0.9729964254422616,2.8628673157685105,2.9546138963795214,3.1777598909495044
2025-04-25,2025,0.8779945051200952,2.7620562912529687,2.970082689616226,3.04591078037794
2025-04-26,2025,1.4348972043371284,2.9010376362964387,3.049219792919155,2.9362466362825232
2025-04-27,2025,1.2318112411835882,0.6516161637295815,2.836520579725896,3.196608229411225
2025-04-28,2025,1.3708843425382589,0.8621513572573111,2.8188032700158123,3.223391272788864
2025-04-29,2025,1.5716706678166852,0.9729964254422616,2.7167583259582884,3.0278824443308174
2025-04-30,2025,1.5817368900618147,0.8779945051200952,2.6534024247012846,2.8914044198827167
2025-05-01,2025,1.48969178817069,1.4348972043371284,2.4992922742110375,2.480719332575806
2025-05-02,2025,1.480422349187717,1.2318112411835882,2.456869099838446,2.487720870989269
2025-05-03,2025,3.041566887852607,1.3708843425382589,2.5319793408947646,2.626161977815558
2025-05-04,2025,2.7286174823610914,1.5716706678166852,2.5579718888616725,2.561284330742389
2025-05-05,2025,2.631507971323072,1.5817368900618147,2.5079383035633653,2.7971172793936216
2025-05-06,2025,2.8717862247973307,1.48969178817069,2.436498002318694,2.882660117509841
2025-05-07,2025,3.1011820619870565,1.480422349187717,2.447995878324184,2.8740134178105943
2025-05-08,2025,1.2557271725343304,3.041566887852607,2.639702387387455,3.26018279563115
2025-05-09,2025,1.295052892460817,2.7286174823610914,2.759199091671591,3.1990181196717167
2025-05-10,2025,0.9809119642182456,2.631507971323072,2.695425544056011,4.033376869739078
2025-05-11,2025,0.9598218335964482,2.8717862247973307,2.6882140754050896,3.565016152181519
2025-05-12,2025,0.7520262120368231,3.1011820619870565,2.6011990482693155,3.101790960114197
2025-05-13,2025,1.542645488427483,1.2557271725343304,2.380614591635058,2.5883679101323027
2025-05-14,2025,1.5756921387042238,1.295052892460817,2.4028648391645424,2.9131821073416817
2025-05-15,2025,1.5992433708571103,0.9809119642182456,2.3364274800570457,2.889595460964837
2025-05-16,2025,1.750296492287141,0.9598218335964482,2.3426113380817957,2.937355693064754
2025-05-17,2025,1.550556922732133,0.7520262120368231,2.3189254928283765,2.9282949410964556
2025-05-18,2025,2.6338406163332913,1.542645488427483,2.3050188942441765,2.920219202307847
2025-05-19,2025,2.5769287208713276,1.5756921387042238,2.4340010466856343,2.5183803587469087
2025-05-20,2025,2.5791135057623342,1.5992433708571103,2.391859105456011,3.0456233689178367
2025-05-21,2025,2.2593730445147417,1.750296492287141,2.403351705084795,2.939600067668031
2025-05-22,2025,2.01144198236611,1.550556922732133,2.4534373130891485,3.017612010073358
2025-05-23,2025,0.8666410651375458,2.6338406163332913,2.901711981008202,2.6028387848487258
2025-05-24,2025,1.2314499207245917,2.5769287208713276,2.7904198920533148,2.4009354646963357
2025-05-25,2025,0.940551647312662,2.5791135057623342,2.767844631705397,2.6181204395947573
2025-05-26,2025,1.0275777608743002,2.2593730445147417,2.679052503160025,2.6389437385122108
2025-05-27,2025,1.329062687132572,2.01144198236611,2.6462009888425704,2.4728776278279234
2025-05-28,2025,1.3399730024118408,0.8666410651375458,2.41047963525994,1.6034919933678373
2025-05-29,2025,0.9946440342638008,1.2314499207245917,2.502398742017547,1.91082773002877
2025-05-30,2025,0.6863130352216552,0.940551647312662,2.457740844136153,1.873597679374155
2025-05-31,2025,1.499002338583122,1.0275777608743002,2.41553766124441,1.7053914085700126
2025-06-01,2025,2.072313662490003,1.329062687132572,2.427361225273974,2.4775893902056567
2025-06-02,2025,2.1651637108400137,1.3399730024118408,2.416152218271618,2.6989860114272917
2025-06-03,2025,2.154492400371825,0.9946440342638008,2.3922539634962994,2.6464480567375754
2025-06-04,2025,2.7626110217665816,0.6863130352216552,2.3352600420283696,1.7264866106139616
2025-06-05,2025,1.8228281546631544,1.499002338583122,2.5484069086843686,2.0169164438443845
2025-06-06,2025,2.127652302992674,2.072313662490003,2.440004938503592,2.3837939493719875
2025-06-07,2025,2.5766198141576626,2.1651637108400137,2.454146346131857,2.092482311674361
2025-06-08,2025,2.576502796194289,2.154492400371825,2.4468531596384233,2.2604108630396214
2025-06-09,2025,1.1084027564806844,2.7626110217665816,2.303268611631508,2.5212384586855348
2025-06-10,2025,1.1301795408636628,1.8228281546631544,2.253691352341557,2.3182163482187685
2025-06-11,2025,1.3793393001507597,2.127652302992674,2.3118216872172055,2.236007605783123
2025-06-12,2025,1.191969652473393,2.5766198141576626,2.4261248735675873,2.554971762290816
2025-06-13,2025,1.202856922999611,2.576502796194289,2.340149010220844,2.6634374583295704
2025-06-14,2025,1.186159936189467,1.1084027564806844,2.2334637532682895,2.4390782429386944
2025-06-15,2025,1.2806630814996958,1.1301795408636628,2.2069980920195937,2.406367497248727
2025-06-16,2025,0.920096747961562,1.3793393001507597,2.1826060113889767,2.5419021203177845
2025-06-17,2025,0.702185101994759,1.191969652473393,2.2756968061168505,2.300419186443896
2025-06-18,2025,2.494116683785517,1.202856922999611,2.2337841894100476,2.1964254870653317
2025-06-19,2025,2.488208001024323,1.186159936189467,2.260029672206941,2.192939267304034
2025-06-20,2025,2.336107368208945,1.2806630814996958,2.2930859136114217,2.3411150981204623
2025-06-21,2025,2.226279246689915,0.920096747961562,2.219340442128251,2.011602767458891
2025-06-22,2025,1.962867412594701,0.702185101994759,2.229073280118126,2.6770259668131877
2025-06-23,2025,0.5900664015344801,2.494116683785517,2.214468095716696,2.9696148342992763
2025-06-24,2025,0.6614666697941675,2.488208001024323,2.342775231841176,2.683395504060578
2025-06-25,2025,0.7902918825280324,2.336107368208945,2.298073736572002,3.0715635550083515
2025-06-26,2025,0.9866411827378304,2.226279246689915,2.2886702488850306,2.6974907456923374
2025-06-27,2025,1.7687376386050109,1.962867412594701,2.211087974120189,2.865694945581607
2025-06-28,2025,1.7745973835456417,0.5900664015344801,2.102513612145519,2.65830142236585
2025-06-29,2025,1.9203912762488555,0.6614666697941675,2.0657565730181298,2.782418637989669
2025-06-30,2025,1.8187723704456449,0.7902918825280324,2.1321435538599487,2.76883818251978
2025-07-01,2025,1.6029510475657274,0.9866411827378304,2.152114928642162,1.975781440490342
2025-07-02,2025,1.0318233789988318,1.7687376386050109,2.1106584078678123,2.2394578757527874
2025-07-03,2025,1.0083319194201272,1.7745973835456417,2.2042863754779205,2.709348887707954
2025-07-04,2025,1.105895574303684,1.9203912762488555,2.320016716615413,2.761281643348097
2025-07-05,2025,1.891891844355268,1.8187723704456449,2.246819813677199,2.6256163219333204
2025-07-06,2025,1.8748637716423453,1.6029510475657274,2.162618097577389,2.767415866047733
2025-07-07,2025,1.649494723725227,1.0318233789988318,2.1617501592454706,3.104484473125757
2025-07-08,2025,1.557452536041522,1.0083319194201272,2.1199366617695947,2.9924885455512156
2025-07-09,2025,1.6201717017891275,1.105895574303684,2.1173906242467195,3.718297169099023
2025-07-10,2025,1.2914611369237168,1.891891844355268,2.2778984466184986,3.779300283138578
2025-07-11,2025,1.21065468958966,1.8748637716423453,2.4534471292770093,3.8988706336901284
2025-07-12,2025,1.2030310771513688,1.649494723725227,2.4431304881537765,3.826351623240011
2025-07-13,2025,1.1454917744160331,1.557452536041522,2.267926580490457,4.1171249685520985
2025-07-14,2025,1.065187737407712,1.6201717017891275,2.3516328300226284,3.8510686165572316
2025-07-15,2025,0.7600538940471818,1.2914611369237168,2.450060756603536,3.7895004677913575
2025-07-16,2025,0.6023301500766967,1.21065468958966,2.3876254952021263,3.6774492849543687
2025-07-17,2025,1.2382756448043133,1.2030310771513688,2.3832881795274465,3.753578741815911
2025-07-18,2025,1.2275098722770976,1.1454917744160331,2.4317265604835,3.7127949259547264
2025-07-19,2025,1.243789944127337,1.065187737407712,2.379798946490751,3.6229669397267372
2025-07-20,2025,1.2537693507991503,0.7600538940471818,2.349250918316667,3.5900514495702875
2025-07-21,2025,1.2570830081867803,0.6023301500766967,2.333505515143452,3.6844303070955737
2025-07-22,2025,0.8956058448931918,1.2382756448043133,2.244431494065662,3.751952241304521
2025-07-23,2025,0.9634913449589346,1.2275098722770976,2.3174111320814674,3.58056586215773
2025-07-24,2025,0.958456955253846,1.243789944127337,2.302804881722284,3.898473648189098
2025-07-25,2025,0.9106385576935764,1.2537693507991503,2.2996409718507085,3.7162192440817843
2025-07-26,2025,1.1906307765076871,1.2570830081867803,2.264673999116351,3.571393770871133
2025-07-27,2025,0.9636313498176032,0.8956058448931918,2.221823260809688,3.748860754813502
2025-07-28,2025,0.9634214563066932,0.9634913449589346,2.268993446037979,3.748534904228514
2025-07-29,2025,1.4415906157868692,0.958456955253846,2.1485079277561114,2.551005989486516
2025-07-30,2025,1.562546870680678,0.9106385576935764,2.0621664499165497,2.1981664750926346
2025-07-31,2025,1.4163789296776037,1.1906307765076871,2.155399310354158,2.0886801840209026
2025-08-01,2025,1.012754457149062,0.9636313498176032,2.22412851090847,2.2602345323552178
2025-08-02,2025,1.1034412916063432,0.9634214563066932,2.1860731306314327,2.2512208697837686
2025-08-03,2025,1.2196894140507932,1.4415906157868692,2.113288958806427,2.2641021301939896
2025-08-04,2025,1.2291122613933911,1.562546870680678,2.147464806118762,2.1871838135112327
2025-08-05,2025,1.3686821720081808,1.4163789296776037,2.1415896081559938,2.3803064955738615
2025-08-06,2025,1.5052241735742298,1.012754457149062,2.0251151412686577,2.0890802252263194
2025-08-07,2025,1.3189293269539462,1.1034412916063432,1.9641610170030952,2.1719002709945774
2025-08-08,2025,1.4305654227148683,1.2196894140507932,2.0629623751403554,2.5410990486346963
2025-08-09,2025,2.747679442006415,1.2291122613933911,2.0652450375371827,2.5482692276844685
2025-08-10,2025,2.510999277552942,1.3686821720081808,1.966755645322242,2.6321841636403183
2025-08-11,2025,2.5131713495827346,1.5052241735742298,2.0706085399408964,2.653141920294093
2025-08-12,2025,2.3990155589450928,1.3189293269539462,2.0451322053154475,2.5878602486701596
2025-08-13,2025,1.6768561689965158,1.4305654227148683,2.047210920956211,3.1858028573555974
2025-08-14,2025,1.2141410830596455,2.747679442006415,2.512507900557171,2.6418967275939114
2025-08-15,2025,1.5777122633859586,2.510999277552942,2.4185170526083875,2.4233201750530533
2025-08-16,2025,1.5976116829537073,2.5131713495827346,2.3650568045872142,2.4330905356229544
2025-08-17,2025,2.723048720753807,2.3990155589450928,2.382956099858375,2.5541934774400055
2025-08-18,2025,2.7482583448824487,1.6768561689965158,2.35718806726118,2.3028008660272308
2025-08-19,2025,2.464332301880463,1.2141410830596455,2.376677545694029,2.3810547116743876
2025-08-20,2025,2.6865424066441146,1.5777122633859586,2.302513551148009,2.328306311292212
2025-08-21,2025,2.785473488334291,1.5976116829537073,2.4250798961606113,2.4129154343376595
2025-08-22,2025,1.6487442451022307,2.723048720753807,2.344337904377362,3.0381936009944726
2025-08-23,2025,1.886965346053164,2.7482583448824487,2.477274038453339,2.6073568915117544
2025-08-24,2025,2.357479793141798,2.464332301880463,2.435195276202796,2.7337625111671877
2025-08-25,2025,2.0847958330489047,2.6865424066441146,2.598325391553022,3.319103192511975
2025-08-26,2025,1.8430120583292569,2.785473488334291,2.4623827447336506,3.0510550318214014
2025-08-27,2025,1.9756058863812325,1.6487442451022307,2.411677704206714,3.1691115146797086
2025-08-28,2025,2.1046935631632184,1.886965346053164,2.382103038312997,3.107638255944799
2025-08-29,2025,0.8447547773547333,2.357479793141798,2.640561652615372,3.472875006618184
2025-08-30,2025,1.087723693754462,2.0847958330489047,2.453728817036558,3.156529430266593
2025-08-31,2025,1.0115873069479169,1.8430120583292569,2.4678538361864426,3.29287910489159
2025-09-01,2025,1.0240314056696689,1.9756058863812325,2.4165311668551306,3.0436764189854877
2025-09-02,2025,0.6902630286516058,2.1046935631632184,2.3091310914513254,3.0851217151485013
2025-09-03,2025,0.7624289407131248,0.8447547773547333,2.089626658978045,2.4455846942691046
2025-09-04,2025,0.6462199032927471,1.087723693754462,2.162074261761961,2.485107432920551
2025-09-05,2025,1.0875631002688653,1.0115873069479169,2.123460353038176,2.4820500482796213
2025-09-06,2025,0.9680209371325624,1.0240314056696689,2.1247811156372247,2.2797633625372042
2025-09-07,2025,0.987683516286701,0.6902630286516058,2.0647013181166223,2.3201170192155063
2025-09-08,2025,1.0877524440372242,0.7624289407131248,2.0776679245586744,2.3307012016074697
2025-09-09,2025,1.0838790299880268,0.6462199032927471,2.0800249907510384,2.3120928364638904
2025-09-10,2025,0.7094988558460956,1.0875631002688653,2.057269839125274,2.793708125406215
2025-09-11,2025,0.6518950492374432,0.9680209371325624,2.010310745014091,1.97201344952106
2025-09-12,2025,0.6682107502391763,0.987683516286701,2.065185158227401,2.2722350949440338
2025-09-13,2025,0.6906725129079653,1.0877524440372242,2.1278986875660473,2.1821743995590204
2025-09-14,2025,0.9241000333688344,1.0838790299880268,2.15156880515408,2.1572055612680945
2025-09-15,2025,0.9241209993929752,0.7094988558460956,2.087389117115312,2.266638730844733
2025-09-16,2025,0.6606935622348116,0.6518950492374432,2.0894674847030767,2.158082800555207
2025-09-17,2025,1.1006835427770283,0.6682107502391763,2.1207381267974412,2.4513891320220393
2025-09-18,2025,0.8755472523221381,0.6906725129079653,2.0694816659315856,3.9569639811206865
2025-09-19,2025,1.2276555647556688,0.9241000333688344,2.15733535252238,3.9860708452147144
2025-09-20,2025,1.8912209324411189,0.9241209993929752,2.1263065561171626,3.979265519397672
2025-09-21,2025,2.038268135909638,0.6606935622348116,2.074313786742948,3.2982300656286387
2025-09-22,2025,1.9365026645495425,1.1006835427770283,2.1714902128739544,2.287077027587577
2025-09-23,2025,2.288527891488736,0.8755472523221381,2.1249329444401726,2.2302500054890064
2025-09-24,2025,2.422965416887975,1.2276555647556688,2.0888765096109436,2.3902810783084223
2025-09-25,2025,1.1645815599305185,1.8912209324411189,2.4194048560088475,2.2501465522751682
2025-09-26,2025,1.7840052269084985,2.038268135909638,2.3179556025741404,2.24020619619924
2025-09-27,2025,1.5425673179572204,1.9365026645495425,2.2951005906544912,2.2430989994230037
2025-09-28,2025,1.5541232478077665,2.288527891488736,2.2230508392637987,2.3188458050617538
2025-09-29,2025,1.696252136285671,2.422965416887975,2.2419381908137437,2.4971744360338533
2025-09-30,2025,1.470555376074312,1.1645815599305185,2.1163866308537536,2.126775090827028
2025-10-01,2025,0.5863981341986644,1.7840052269084985,2.025974169115131,2.5007553632421953
2025-10-02,2025,1.6159966950037692,1.5425673179572204,2.1258161396693036,2.6456682641697613
2025-10-03,2025,1.6653662910385565,1.5541232478077665,2.2352407873994635,3.6166184567224273
2025-10-04,2025,1.801905595749726,1.696252136285671,2.322403095827716,3.6206989420431683
2025-10-05,2025,3.422424928795905,1.470555376074312,2.302547120653464,3.624931191012722
2025-10-06,2025,3.0784049456817333,0.5863981341986644,2.2505224227957203,3.6019142934239103
2025-10-07,2025,4.124979962352778,1.6159966950037692,2.5215029644465012,3.532811115145204
2025-10-08,2025,3.945089461589389,1.6653662910385565,2.404172780723444,3.426724745600985
2025-10-09,2025,3.9540208199900473,1.801905595749726,2.523046167208736,3.46540464675325
2025-10-10,2025,2.5953893426814623,3.422424928795905,3.126983522031613,3.902585142744369
2025-10-11,2025,2.633175361609585,3.0784049456817333,2.9894112614232875,4.341957559037407
2025-10-12,2025,0.9592627230386042,4.124979962352778,2.9095657522284686,3.2059285766851655
2025-10-13,2025,1.2178606523861049,3.945089461589389,3.015774874189158,3.328510142090554
2025-10-14,2025,1.6971756971295229,3.9540208199900473,3.0422080320976765,3.7565774208735423
2025-10-15,2025,1.83659428560003,2.5953893426814623,2.89577318301672,3.667912596930784
2025-10-16,2025,1.7047550249537304,2.633175361609585,2.8877139544572907,3.80719028123471
2025-10-17,2025,1.53046489158729,0.9592627230386042,2.7497549195447193,4.066190621525712
2025-10-18,2025,1.7746567924654568,1.2178606523861049,2.685221975256672,3.6020265380170406
2025-10-19,2025,1.7302992337158405,1.6971756971295229,2.662065043779231,3.5548614630679647
2025-10-20,2025,1.5757848189242258,1.83659428560003,2.643851522867485,3.2594122765180384
2025-10-21,2025,1.3216597905968654,1.7047550249537304,2.685354793723734,4.031509494602815
2025-10-22,2025,1.184122531398982,1.53046489158729,2.610797155863934,3.903829058054476
2025-10-23,2025,1.3458587852973896,1.7746567924654568,2.5271614454248557,3.502862407374348
2025-10-24,2025,1.8924690455725397,1.7302992337158405,2.560098456690752,3.5296679172728727
2025-10-25,2025,1.9329560169125648,1.5757848189242258,2.5584303467295104,3.5665298036624153
2025-10-26,2025,1.399897885209774,1.3216597905968654,2.3717768336090552,3.517514683513289
2025-10-27,2025,1.514665549638493,1.184122531398982,2.4455314453647525,3.533190888641778
2025-10-28,2025,1.5914853575508834,1.3458587852973896,2.452102871417722,3.7180073114182903
2025-10-29,2025,2.002998885711236,1.8924690455725397,2.4865286759079765,3.7573337936488342
2025-10-30,2025,2.712647179506983,1.9329560169125648,2.348709340465916,2.8229846579593896
2025-10-31,2025,2.989307083339543,1.399897885209774,2.2535463710829586,2.813610411316424
2025-11-01,2025,2.914029388702352,1.514665549638493,2.2683579520079573,2.770421064013546
2025-11-02,2025,3.252418562814829,1.5914853575508834,2.2404758692155964,2.8234694074622873
2025-11-03,2025,2.968944384134309,2.002998885711236,2.4650541003205326,2.6022234876717523
2025-11-04,2025,2.255162719113717,2.712647179506983,2.7760692121674575,3.6166437887486818
2025-11-05,2025,2.109223417112594,2.989307083339543,2.6341487013662235,2.9999090726215614
2025-11-06,2025,2.2272747602495664,2.914029388702352,2.811738741087218,3.497680094509912
2025-11-07,2025,2.089574207512259,3.252418562814829,2.6943229592262172,2.8912337378695456
2025-11-08,2025,2.201281519206096,2.968944384134309,2.7152392644161836,3.190971871003862
2025-11-09,2025,2.3739722560552052,2.255162719113717,2.4480310711719095,3.089520032120758
2025-11-10,2025,2.3740705556248916,2.109223417112594,2.505640616280018,2.991322356626166
2025-11-11,2025,2.338415543197329,2.2272747602495664,2.6559753359039524,3.0829840256677796
2025-11-12,2025,2.3295660396714712,2.089574207512259,2.603088817855488,3.315212987491609
2025-11-13,2025,2.6585445567466657,2.201281519206096,2.6482998850213684,3.5223216895144613
2025-11-14,2025,1.5758858741003654,2.3739722560552052,2.981136775429604,3.688772918039159
2025-11-15,2025,2.22836181483116,2.3740705556248916,2.7839005100472605,3.392320655024168
2025-11-16,2025,2.2149738163351733,2.338415543197329,2.8428015619947744,3.4724672584204592
2025-11-17,2025,2.2999571314628136,2.3295660396714712,2.8551798228148266,3.7700440231383006
2025-11-18,2025,2.811072589009601,2.6585445567466657,2.808310621606811,3.116196319372002
2025-11-19,2025,3.1011162181852447,1.5758858741003654,2.763604845302555,3.3719547562121988
2025-11-20,2025,1.8524949907207435,2.22836181483116,3.1042763577697854,6.192625345038363
2025-11-21,2025,2.0002898124686586,2.2149738163351733,3.172411107681206,6.843177505876291
2025-11-22,2025,1.7771267302506095,2.2999571314628136,3.0703345448460917,6.014257490020421
2025-11-23,2025,1.844464942210613,2.811072589009601,2.9352096518442634,3.7101493332157593
2025-11-24,2025,1.8350227006586288,3.1011162181852447,2.981987070371529,3.1821792456546434
2025-11-25,2025,1.7253193442242267,1.8524949907207435,2.87554831668612,3.3003359001658517
2025-11-26,2025,2.069862981201511,2.0002898124686586,2.717216333998662,2.868603104834843
2025-11-27,2025,3.6956882111340734,1.7771267302506095,2.7429459359006154,2.9612713338491763
2025-11-28,2025,3.815200041524144,1.844464942210613,2.8232278964157898,3.0697957991479172
2025-11-29,2025,3.9299516738955096,1.8350227006586288,2.8172829429575383,3.0897318880939304
2025-11-30,2025,4.210991037912526,1.7253193442242267,2.7347166256374686,3.0825637111682265
2025-12-01,2025,3.469829675115799,2.069862981201511,2.93468550088655,2.706680946934869
2025-12-02,2025,2.1366185819002688,3.6956882111340734,2.692847642112588,2.4361484002246083
2025-12-03,2025,1.6536630626188686,3.815200041524144,2.6239519357957,2.3794560930439026
2025-12-04,2025,1.9786228303918592,3.9299516738955096,2.7127001475702524,2.5017678907424346
2025-12-05,2025,1.184668362233508,4.210991037912526,2.766592601698423,2.4833279839136564
2025-12-06,2025,1.119717062617079,3.469829675115799,2.5550620242977233,2.599445538546928
2025-12-07,2025,1.722190738951068,2.1366185819002688,2.394753985655975,2.283017447993599
2025-12-08,2025,1.7160119062789445,1.6536630626188686,2.3775201989138206,2.2900264237232757
2025-12-09,2025,1.3545291173750542,1.9786228303918592,2.3405735378273915,2.355678812204181
2025-12-10,2025,1.410403728888283,1.184668362233508,2.33215396320878,2.453055354037063
2025-12-11,2025,1.7962371860914728,1.119717062617079,2.226465793398427,2.4496144564371236
2025-12-12,2025,1.7122565024241203,1.722190738951068,2.4099316564881668,2.2806873429186223
2025-12-13,2025,1.6358612056610389,1.7160119062789445,2.303387570515663,2.201615891703969
2025-12-14,2025,2.2693310834820397,1.3545291173750542,2.3480632255318477,2.2920507105232795
2025-12-15,2025,1.979058050177541,1.410403728888283,2.3684170373057,2.4924968984811837
2025-12-16,2025,1.8649902216045375,1.7962371860914728,2.2691404696525135,2.348872489515436
2025-12-17,2025,1.4891422537751635,1.7122565024241203,2.3457502659694818,2.378455452447971
2025-12-18,2025,1.5931769206293052,1.6358612056610389,2.31384609598181,2.5738915444419943
2025-12-19,2025,0.6451285701937458,2.2693310834820397,2.2247193257351063,2.3855412033024868
2025-12-20,2025,0.616752661640951,1.979058050177541,2.2678331718009033,2.2319343524333126
2025-12-21,2025,0.5696104982537646,1.8649902216045375,2.2576847643241504,2.3389872963180403
2025-12-22,2025,0.694887499036398,1.4891422537751635,2.1988145564585313,2.4572712789595794
2025-12-23,2025,0.3626456736402722,1.5931769206293052,2.214412200147443,2.4169369731790984
2025-12-24,2025,0.5232202205218616,0.6451285701937458,2.1210657043519205,2.3343923473883295
2025-12-25,2025,0.8346444826991635,0.616752661640951,2.150387446514376,2.5605652169190183
